Date,Close,High,Low,Open,Volume,Return,SMA_10,SMA_50,Volatility,RSI,MACD,Signal,Target
2021-09-16,145.25064086914062,145.42636685232276,143.71799510025087,144.90897545621797,68034100,-0.0016105717949400633,148.21637878417968,144.67888458251954,0.013524542962753452,46.859176923719836,0.5234290418432863,1.171861968482655,0
2021-09-17,142.58560180664062,145.27995796165817,142.29273506424897,145.27995796165817,129868800,-0.018347864398760128,147.47543487548828,144.7381268310547,0.013893338587090643,40.65562759309425,0.13783803442314024,0.965057181670752,0
2021-09-20,139.53977966308594,141.39457695669392,137.90950701335717,140.37932278347847,123478900,-0.021361358404792585,146.3664566040039,144.69999725341796,0.014360430662280243,34.959311292065024,-0.4088055530348811,0.6902846347296254,1
2021-09-21,140.01812744140625,141.16030897663776,139.38359538478255,140.5062336067531,75834000,0.0034280387963581127,145.0719955444336,144.68332702636718,0.012612879959562612,36.46491591917471,-0.794270016128479,0.3933737045580045,1
2021-09-22,142.3805694580078,142.94675948187773,140.28170408222925,141.01386330488788,76404300,0.01687240116527189,144.16802215576172,144.69168151855467,0.014954700593771205,43.42982443387008,-0.8987636651922344,0.13494623060795677,1
2021-09-23,143.33726501464844,143.581318108749,142.1755699033987,143.16153904107028,64838200,0.006719284522336277,143.46124267578125,144.6507424926758,0.015481144656730176,46.01092528433408,-0.8940719935279162,-0.07085741421921782,1
2021-09-24,143.42510986328125,143.96202960944674,142.09746053449825,142.1950877231893,53477900,0.000612854226176518,143.26111755371093,144.62462158203124,0.011852738788884605,46.25341623577216,-0.8731997614951013,-0.23132588367439452,0
2021-09-27,141.9119873046875,142.48796392317834,140.39887004950094,142.00961449990794,74150700,-0.010549913889109974,142.85305938720703,144.6089825439453,0.012025447209333292,42.6961160585409,-0.9676008121663813,-0.3785808693727919,0
2021-09-28,138.5343017578125,141.30674132874793,138.31953384357482,139.8424227657557,108972300,-0.023801270146566633,142.24683380126953,144.60260040283202,0.013652572720379959,36.03391232532091,-1.2999799603100826,-0.56286068756025,1
2021-09-29,139.4324188232422,141.013878143942,138.65144592439347,139.08098176355122,74602000,0.00648299413238318,141.6415802001953,144.54204956054687,0.013681474213097976,38.7697720850587,-1.4739317211825949,-0.745074894284719,0
2021-09-30,138.13404846191406,140.9455448156453,137.9192805517919,140.2426707272125,89056700,-0.009311825558832698,140.92992095947267,144.4701513671875,0.01373893133284744,36.34935045644617,-1.696995474665215,-0.9354590103608181,1
2021-10-01,139.25669860839844,139.52028013802934,135.80091312494108,138.52453927839463,94639600,0.008127251455993578,140.59703063964844,144.39341369628906,0.013412076537665876,39.846309773531644,-1.7628654068803087,-1.1009402896647162,0
2021-10-04,135.83018493652344,138.82716398233575,134.98088496397907,138.38785651091933,98322000,-0.024605736787647436,140.2260711669922,144.2138348388672,0.013953310378797653,33.751340966634515,-2.0677233913364716,-1.2942969099990673,1
2021-10-05,137.7533416748047,138.85646652806082,136.04496985928344,136.17188224652747,80861100,0.014158537288158524,139.99959259033204,144.06433624267578,0.014852259187070884,39.35799581994782,-2.129594227485285,-1.4613563734963109,1
2021-10-06,138.6221466064453,138.76857249312508,135.07849119061893,136.15233067899587,83221100,0.006306960840860132,139.62375030517578,143.97549194335937,0.013731241064899972,41.756107483744366,-2.0844932729127947,-1.5859837533796077,1
2021-10-07,139.88145446777344,140.7893396562003,139.32502120039112,139.65692980871162,61732700,0.009084463717787816,139.27816925048828,143.9467303466797,0.013928289499308058,45.1424184214971,-1.9249452509290848,-1.6537760528895031,0
2021-10-08,139.50071716308594,140.7502675851044,139.16880859069704,140.60384171370225,58773200,-0.002721856919032928,138.88572998046874,143.89748779296875,0.013889347860825692,44.30374082966999,-1.8083787480288436,-1.6846965919173713,0
2021-10-11,139.4128875732422,141.36531233280488,138.43667519346084,138.88573944232053,64452200,-0.0006295995578364799,138.6358200073242,143.8421987915039,0.01361662993470497,44.100200306456806,-1.703449760068537,-1.6884472255476046,0
2021-10-12,138.14381408691406,139.84242905892054,137.68499305819657,139.82290063970592,73035900,-0.009102985444307654,138.59677124023438,143.76815673828125,0.011610260125548348,41.15785384929394,-1.7030645375267568,-1.6913706879434351,0
2021-10-13,137.55810546875,138.03644005527403,135.88877555756454,137.8802573777795,78762700,-0.0042398468728795935,138.40933990478516,143.6465298461914,0.011415822689751014,39.83680972132403,-1.7300777767276259,-1.6991121057002734,1
2021-10-14,140.34030151367188,140.45745714105692,138.14382342191217,138.72955687137625,69907100,0.02022560601166412,138.62996520996094,143.5885400390625,0.01284272090451554,48.321991845929254,-1.5095844445781097,-1.6612065734758406,1
2021-10-15,141.39459228515625,141.45316264244676,140.0962280805495,140.35005282323274,67940300,0.007512387818132682,138.84375457763673,143.54949188232422,0.012809748725456118,51.13447689568137,-1.2355270493615933,-1.5760706686529913,1
2021-10-18,143.0639190673828,143.34701408719482,139.7545598847163,140.03765490452832,85589200,0.0118061571892365,139.56712799072267,143.55749694824217,0.009199862686139836,55.28412989494784,-0.8735639673549258,-1.4355693283933781,1
2021-10-19,145.22137451171875,145.62162523479623,143.06395310397025,143.5130025382052,76378900,0.015080360292099693,140.31393127441407,143.60962768554688,0.009303193603288346,60.010622969087386,-0.407914805353073,-1.2300384237853172,1
2021-10-20,145.70947265625,146.1878221446277,144.59659100003023,145.16279603857302,58418800,0.003361062695986794,141.02266387939454,143.68108642578125,0.009315529954704636,61.014612535279625,0.0004952425637441138,-0.9839316905155051,1
2021-10-21,145.9242401123047,146.0804376870695,144.35253739380764,145.27017952577518,61421000,0.0014739429917598468,141.62694244384767,143.7517645263672,0.009258881895716876,61.47296142972608,0.3376014276816761,-0.7196250668760689,0
2021-10-22,145.15301513671875,146.6075619891813,145.1042015405824,146.12922747617256,58883400,-0.00528510530527615,142.19217224121093,143.74785919189452,0.009506327920784504,58.79955099464833,0.536346430189667,-0.46843076746292167,0
2021-10-25,145.1042022705078,145.8168331110648,144.10846150842693,145.14324421012236,50720600,-0.0003362855822524047,142.7613037109375,143.738876953125,0.009490826936297615,58.62576772910013,0.6820522128535913,-0.2383341713996191,1
2021-10-26,145.76800537109375,147.25183711393476,145.465367092144,145.77776213009912,60893400,0.004574664897357472,143.52372283935546,143.70373260498047,0.008294988263670009,60.34229676126819,0.841389444185694,-0.022389448282556512,0
2021-10-27,145.3092041015625,146.16826078037482,144.95776708428832,145.80706700277705,56094900,-0.0031474758014506943,144.29883270263673,143.6775695800781,0.008159772982978193,58.53468762515109,0.920038291173455,0.1660960996086458,1
2021-10-28,148.94073486328125,149.5264533730465,146.15852353048365,146.25615073002083,100077900,0.024991746284567906,145.15887603759765,143.79881561279296,0.00918813995083947,66.9690701036419,1.260867752954283,0.38505043027777325,0
2021-10-29,146.23660278320312,146.37327190681347,142.92724374395107,143.7179733088264,124953200,-0.01815575895043331,145.64307708740233,143.8593408203125,0.011903718934704315,57.57739205918721,1.2978162792668684,0.5676036000755923,0
2021-11-01,145.41661071777344,146.13899838558393,144.2842007193759,145.44589589912687,74588300,-0.0056072970092537755,145.87834625244142,143.874375,0.011816641251595924,55.05600202595587,1.246562153303529,0.7033953107211797,1
2021-11-02,146.45138549804688,147.96451766703325,145.11396440756303,145.12373606469237,69122000,0.007115932458924723,146.00134735107423,143.8804266357422,0.011058291459253607,57.580496869846215,1.2747460866212634,0.8176654659011965,1
2021-11-03,147.88641357421875,148.35499132920407,146.25614074482093,146.81257403590004,54511500,0.009798665074363555,146.2190414428711,143.91693817138673,0.01139968903816684,60.8635887061398,1.3967756690962005,0.9334875065401973,0
2021-11-04,147.3690185546875,148.80403696262286,147.0566234619275,147.97426542713765,60394600,-0.0034985973831300754,146.36351928710937,143.9677005004883,0.011510910661771259,59.087917044540255,1.435191543618572,1.0338283139558724,1
2021-11-05,147.89694213867188,148.79636649786093,146.70422366033108,148.49330137784227,65463900,0.003582324081153221,146.63791198730468,144.04503173828124,0.01130886260918576,60.35874286321844,1.4910475540765162,1.1252721619800012,0
2021-11-08,147.07574462890625,148.18047945260236,146.80200740282297,148.02405391839477,55020900,-0.005552498232151759,146.83506622314454,144.08524322509766,0.01154297716519736,57.37332124810443,1.4523087574559668,1.1906794810751944,1
2021-11-09,147.43746948242188,148.04359979638906,146.7042415538898,146.84111017051336,56787900,0.0024594460114977235,147.00201263427735,144.04444061279298,0.011497837651386057,58.35053665616227,1.4342628651424718,1.2393961578886499,0
2021-11-10,144.61207580566406,146.7726603269792,144.54364896685252,146.66511965093986,65187100,-0.019163335390090075,146.9322998046875,143.97231567382812,0.013165076935644504,48.91737536940695,1.1783919397977627,1.2271953142704723,0
2021-11-11,144.5631866455078,146.0882980655143,144.37743321812488,145.62882237351127,41000000,-0.00033807107659489244,146.49454498291016,143.8859371948242,0.00972298276552475,48.770453147533736,0.960594308135768,1.1738751130435314,1
2021-11-12,146.63577270507812,147.03659252052734,144.18189439318962,145.11064651980587,63804000,0.014336886918884906,146.53446197509766,143.8187518310547,0.009498284289898086,54.948088153249905,0.9443426948262754,1.1279686294000804,1
2021-11-15,146.64556884765625,148.483531417499,146.08830852560698,147.00728981052836,59222800,6.680595326380434e-05,146.65735778808593,143.73907196044922,0.009272083962887747,54.97572418450468,0.9216296679111338,1.086700837102291,1
2021-11-16,147.62319946289062,148.102247003654,146.00031832566742,146.58690654221206,59256200,0.006666622271075839,146.7745391845703,143.63228118896484,0.009239543663933387,57.76047208099936,0.9713192865813198,1.0636245269980968,1
2021-11-17,150.0575408935547,151.53376771191043,147.61344786594324,147.62321886773208,88807000,0.016490236219788734,146.9916519165039,143.6050259399414,0.010157497955429083,63.76950753147516,1.1933732126399264,1.0895742641264627,1
2021-11-18,154.3395538330078,155.12166644396783,149.62735108476016,150.27259510761894,137827700,0.028535806424354382,147.68870544433594,143.6837158203125,0.013045144887106687,71.46051189499796,1.6953324693927811,1.2107259051797263,1
2021-11-19,156.9596710205078,157.41916174351337,153.02956490955935,154.1245139086052,117305600,0.016976316974033123,148.59497833251953,143.91438201904296,0.013592790097116152,74.96280094779785,2.2782975605023807,1.4242402362442572,1
2021-11-22,157.41912841796875,161.99446283900974,157.39957149925132,158.0643575600625,117467900,0.002927232163992599,149.6293167114258,144.14291320800783,0.013042049766273125,75.52988959351579,2.7457249591976165,1.688537180834929,1
2021-11-23,157.8004150390625,158.18169292863084,155.502961782972,157.51689191338718,96041900,0.0024221111177886723,150.66561126708984,144.4069903564453,0.013043466115125699,76.01538920534381,3.1110687204370038,1.9730434887553443,1
2021-11-24,158.3185577392578,158.51408217991857,156.06998937776268,157.15516717862224,69463600,0.0032835319226951487,152.03625946044923,144.66366241455077,0.00951571614302514,76.6921537580987,3.4031862562334823,2.2590720422509722,0
2021-11-26,153.3032684326172,156.8618668141861,152.8633347292546,156.00155632601601,76959800,-0.03167846763043747,152.91026763916017,144.8247149658203,0.01596115862293798,59.26164944153985,3.193190463450435,2.445895726490865,1
2021-11-29,156.65655517578125,157.58530732404222,155.23896961955737,155.8060008585356,88748200,0.021873550234435823,153.91234588623047,145.10613403320312,0.016564930235437394,64.99091739025809,3.2597728678363467,2.6086711547599615,1
2021-11-30,161.60342407226562,161.8185054389282,156.34373142534065,156.41217318635103,174048100,0.03157779698994134,155.40813140869142,145.5474069213867,0.01807893387562449,71.38446561943266,3.669412180760389,2.8208193599600473,0
2021-12-01,161.08526611328125,166.49159798116264,160.85062784337472,163.7346542506034,152052500,-0.003206355075451084,156.75433807373048,145.96874969482423,0.018539305000443075,69.9435929326603,3.9072034613288054,3.038096180233799,0
2021-12-02,160.0978546142578,160.52801734787488,154.27114554315142,155.1901268526862,136739200,-0.0061297443450170075,157.75836944580078,146.32309539794923,0.018889680912249178,67.16155326327711,3.9702127671360756,3.2245194976142546,0
2021-12-03,158.2207794189453,161.27101721338744,156.14819360952984,160.35203598315746,118023100,-0.011724549337873147,158.14649200439453,146.62076568603516,0.01797709904029334,62.10440205900093,3.824596250212153,3.3445348481338346,1
2021-12-06,161.62295532226562,164.12570364495514,160.60620449270007,160.61597549233863,107497000,0.021502712322708506,158.61282043457032,146.98472259521483,0.018429683332256842,66.96041239051664,3.938322740633879,3.463292426633844,1
2021-12-07,167.35191345214844,167.7429772469704,164.57542763792551,165.2988844701773,120405400,0.03544643840016204,159.6060989379883,147.49352111816407,0.021077584633343596,73.19037156068077,4.439554425933494,3.658544826493774,1
2021-12-08,171.16468811035156,172.02501344578044,166.8826332677211,168.280661937793,116998900,0.02278297618206393,160.9425262451172,148.14612884521483,0.02163351457842436,76.38220425151812,5.085817064632494,3.943999274121518,0
2021-12-09,170.65631103515625,172.7973384356804,170.03062395661757,170.9984899495763,108923700,-0.00297010487856908,162.17630157470703,148.77060668945313,0.02188589216654381,75.09836889764046,5.493635865994946,4.253926592496204,1
2021-12-10,175.4369659423828,175.61294836881706,170.78341894665584,171.29179439045112,115402700,0.02801334962784785,164.3896713256836,149.5166650390625,0.01767272171618126,78.72050369113123,6.1319092685962175,4.629523127716207,0
2021-12-13,171.8099365234375,178.0570365302883,171.6046261840087,177.06961358561998,153237000,-0.02067425983721416,165.9050094604492,150.16772979736328,0.020401770678702805,70.35864805838669,6.272766034722963,4.958171709117559,0
2021-12-14,170.43150329589844,173.76524989300478,168.35891710300444,171.3309277742781,139380400,-0.008023012262454499,166.7878173828125,150.8597561645508,0.019453280810741623,67.42728369388246,6.201678901318047,5.206873147557657,1
2021-12-15,175.2903594970703,175.48588396086842,168.4566698432585,171.19405708911282,131063300,0.028509143598505204,168.2083267211914,151.6104965209961,0.020436332845086284,71.87536050887006,6.462910514825722,5.45808062101127,0
2021-12-16,168.40774536132812,177.08916675225177,166.9315188519041,175.27076132354634,150185800,-0.03926407678944388,169.03931579589843,152.20620849609375,0.025227556669159,59.48391655839884,6.044887312132062,5.5754419592354285,0
2021-12-17,167.31280517578125,169.59070130648584,165.89523442801953,166.12985777423478,195432700,-0.006501721065130472,169.94851837158203,152.7548355102539,0.02488631661308448,57.77735792009771,5.561142995366822,5.572582166461707,0
2021-12-20,165.95391845703125,166.76535914150864,163.71513578207376,164.51679054709132,107499100,-0.008121833336798945,170.3816146850586,153.28389953613282,0.024581625202724756,55.64374537329445,5.010364969107798,5.460138726990925,1
2021-12-21,169.12147521972656,169.32677069078633,165.3380088741713,167.72344617879446,91185900,0.01908696578029545,170.5585708618164,153.8780712890625,0.022644437353507928,59.406772083829374,4.774428137933484,5.322996609179437,1
2021-12-22,171.7122039794922,171.92728536537462,168.30024464668514,169.1703411922784,92135300,0.015318745040508341,170.61332244873046,154.54943908691405,0.021969998895638825,62.22918779120457,4.741835728100881,5.206764432963727,1
2021-12-23,172.33786010742188,172.89512039322665,171.35045204505695,171.9174833311616,68356600,0.0036436322720800884,170.78147735595704,155.2450341796875,0.021952222523434307,62.900058845010875,4.712172240823577,5.1078459945356975,1
2021-12-27,176.29725646972656,176.38524020677164,173.11016568158362,173.1297076781128,74919600,0.022974617184156276,170.8675064086914,155.9641732788086,0.021316990740455184,66.90604432879249,4.95108093079503,5.076492981787564,0
2021-12-28,175.2805633544922,177.27495155456995,174.5375644683696,176.13111784462515,79144300,-0.005766925337314932,171.21456909179688,156.6418927001953,0.020145637972416648,64.96618992897288,5.000733804847471,5.061341146399546,1
2021-12-29,175.36856079101562,176.5906072567406,174.15628532669507,175.31967594887476,62348900,0.0005020376180870922,171.7082748413086,157.28798553466797,0.01984375728017055,65.06061424929335,4.989666948345189,5.047006306788675,0
2021-12-30,174.21495056152344,176.53196092937984,174.10740987004013,175.4565540145469,59773000,-0.006578204350248029,171.6007339477539,157.86785705566408,0.017840517130039115,62.6757175529723,4.832108145617838,5.004026674554508,0
2021-12-31,173.59902954101562,175.2218958133562,173.29594950484335,174.1073900997929,64062300,-0.0035354085198922025,172.11986236572267,158.42564819335936,0.011744347820230466,61.381989531952186,4.604464578932038,4.924114255430014,1
2022-01-03,177.939697265625,178.7902515625947,173.73587028238754,173.85318194367048,104487900,0.025003986117237087,173.18255157470702,159.06595733642578,0.013036529553121677,66.6124968208955,4.7199029183472305,4.883271988013457,0
2022-01-04,175.681396484375,178.8489462858369,175.1143651356069,178.5458811499138,99310400,-0.012691382619803182,174.1552993774414,159.6765249633789,0.013661476512179872,61.91406267403672,4.576408644246953,4.821899319260157,0
2022-01-05,171.00823974609375,176.140833320671,170.73450261552068,175.59335905952486,94537600,-0.02660017982437246,174.34397583007814,160.19460571289062,0.016137729894796393,53.50403854029067,4.039044118245698,4.665328279057265,0
2022-01-06,168.153564453125,171.37976954533002,167.80161453547433,168.83790737145776,96904000,-0.01669320318838008,173.9881118774414,160.64231689453126,0.016206729504915116,49.11515079106367,3.344279647230138,4.40111855269184,1
2022-01-07,168.3197784423828,170.24572473108867,167.2052727402814,169.02367835082143,86709100,0.0009884654529825898,173.5863037109375,161.10252838134767,0.016126016254049223,49.37554051942418,2.775096295609103,4.075914101275293,1
2022-01-10,168.33934020996094,168.64240533418686,164.40923476090865,165.29888813158135,106765600,0.00011621787860671695,172.79051208496094,161.49050048828124,0.013572755337482728,49.40835302385419,2.2990903771303977,3.720549356446314,1
2022-01-11,171.16468811035156,171.26244286002324,166.99995985190662,168.46641535499305,76138300,0.016783646038214917,172.37892456054686,161.9890621948242,0.015127829797850639,54.04166736689209,2.1253346851667914,3.4015064221904097,1
2022-01-12,171.60464477539062,173.21774007794218,170.91053076473975,172.18144710369126,74805200,0.0025703705004587185,172.00253295898438,162.51282287597655,0.015183982674155395,54.736820772806645,2.0000772281594834,3.1212205833842246,0
2022-01-13,168.33934020996094,172.6702655459411,167.94827640647682,171.84905393496265,84505800,-0.019028066342280936,171.41497192382812,162.95058197021484,0.01607929066203265,48.8330593156278,1.6186680047359232,2.8207100676545647,1
2022-01-14,169.1996612548828,169.89377524696252,167.26392904254132,167.50833831927105,80440800,0.005110635718595713,170.97503509521485,163.3768469238281,0.016296721562873127,50.352447044198364,1.3700263545860025,2.5305733250408524,0
2022-01-18,166.00277709960938,168.6814931182034,165.6214992398613,167.67452813175186,90956700,-0.0188941522197118,169.78134307861328,163.74952209472656,0.013803233977558773,45.004510540450944,0.9045867091238335,2.2053760018574486,0
2022-01-19,162.5126190185547,167.25416515581253,162.22911080921511,166.19831524532339,94815000,-0.0210246969480542,168.46446533203124,164.04183563232422,0.014433332829415215,40.00852591145237,0.25120016892972785,1.8145408352719046,0
2022-01-20,160.83106994628906,165.8854518373375,160.50844792121475,163.24583471657064,91420500,-0.010347190774604664,167.44674835205078,164.31694213867186,0.01289786872236434,37.82958355021324,-0.3977157092826076,1.3720895263610022,0
2022-01-21,158.7780303955078,162.61036568511253,158.67048972769118,160.74307541554964,122848900,-0.012765192393900504,166.50919494628906,164.5437533569336,0.012593666072091865,35.301677178905365,-1.0653684474396812,0.8845979316008655,0
2022-01-24,158.0056610107422,158.67046181782317,151.24041588074124,156.44145102020946,162294600,-0.004864460044262331,165.477783203125,164.81162506103516,0.01238519614091246,34.371135724398584,-1.6379307607641067,0.3800921931278711,0
2022-01-25,156.20687866210938,159.12023349113454,153.5086052215586,155.42476587834435,115798400,-0.011384290519252493,164.26453704833983,165.04449890136718,0.012263338148871893,32.23971202845725,-2.2113461991768872,-0.13819548533308057,0
2022-01-26,156.1188507080078,160.713741500623,154.2906743409117,159.84364519078215,108275300,-0.0005635344285443988,162.75995330810548,165.23416046142577,0.009344306323037692,32.13469089330037,-2.642424955534892,-0.6390413793734429,0
2022-01-27,155.6593780517578,160.1760566161972,154.74039680395836,158.8171416631375,121954600,-0.002943095303137744,161.1654266357422,165.4144366455078,0.008719738112708339,31.55685696067114,-2.98670470639334,-1.1085740447774222,1
2022-01-28,166.52090454101562,166.5404614570555,159.15929945417386,162.00422657695262,179935700,0.06977752722130415,160.98358306884765,165.7923907470703,0.02607695691733731,53.049336668673774,-2.3559564755137785,-1.3580505309246935,1
2022-01-31,170.87139892578125,171.0864802658057,165.71924760028926,166.3547206203823,115541600,0.026125815234771643,161.1507568359375,166.20866790771484,0.027417639199519152,58.65028459973335,-1.4878840191964287,-1.3840172285790406,0
2022-02-01,170.70523071289062,170.93008309016165,168.45666218750117,170.11864243059435,86213900,-0.0009724752880545529,161.62100219726562,166.5359814453125,0.026521198574163185,58.363894443613496,-0.8040699120650459,-1.2680277652762417,1
2022-02-02,171.90771484375,171.94682868403083,169.45385093947993,170.84209391826516,84914300,0.007044213735206695,162.56051177978514,166.83494232177733,0.02513280194307511,59.89024422188114,-0.16323026883586067,-1.0470682659881656,0
2022-02-03,169.03346252441406,172.29878204430065,168.27090671710556,170.57813105955574,89418100,-0.016719740134690242,163.38075103759766,167.06722900390625,0.025665967254289875,54.72598781925563,0.1114271614261213,-0.8153691805053083,0
2022-02-04,168.7495574951172,170.42345318106436,167.07566180917001,168.05454433189513,82465400,-0.001679578854132946,164.3779037475586,167.28621185302734,0.02503184458421708,54.22857975516262,0.30269708694189035,-0.5917559270158685,0
2022-02-07,168.0349884033203,170.27662295458384,167.3399751947351,169.20964451994723,77251200,-0.00423449461085279,165.3808364868164,167.48054046630858,0.025001170084094835,52.92471201446248,0.39210023964491825,-0.3949846936837112,1
2022-02-08,171.1380615234375,171.64708470161528,167.8098514342005,168.10351922686326,74829200,0.018466827353057713,166.87395477294922,167.837236328125,0.02441096358161634,57.68301894718481,0.7052156624313568,-0.17494462246069759,1
2022-02-09,172.55743408203125,172.91961588647231,171.20657123174874,172.3322952525055,71285000,0.008293728151170798,168.51781311035157,168.15525390625,0.024167537835105682,59.6900795528659,1.0557236688619867,0.07118903580383926,0
2022-02-10,168.48526000976562,171.77430598076174,167.92730472233933,170.46260694632986,90865900,-0.02359894891766745,169.80040130615234,168.292890625,0.02622208024458614,52.060987968326415,0.9934613699147974,0.2556435026260309,0
2022-02-11,165.07879638671875,169.42503845048873,164.49146072642745,168.69087634340775,98670700,-0.020218169962460952,169.65619049072265,168.37276123046874,0.016341177377052225,46.685534457191245,0.6616181814947311,0.33683843839977096,1
2022-02-14,165.31370544433594,165.99892030677,163.04269054419584,163.83558309476697,86185500,0.0014230116935605164,169.1004211425781,168.47707824707032,0.013435987515190305,47.09124003460654,0.4128264552035148,0.3520360417605198,1
2022-02-15,169.14109802246094,169.29772280484622,166.6547430824804,167.35953966665278,62527400,0.023152300457107255,168.94400787353516,168.69548461914061,0.01583581428928744,53.32358320228691,0.5185186535983917,0.38533256412809413,0
2022-02-16,168.9062042236328,169.67951494494773,166.45899759893967,168.2209893560315,61177400,-0.0013887446727874897,168.64385681152345,168.84114959716797,0.015593948553488855,52.91164858160923,0.576678920199555,0.4236018353423863,0
2022-02-17,165.31370544433594,168.27971865617212,164.91235997613748,167.4182971510757,69589300,-0.021269193726835445,168.27188110351562,168.80038543701173,0.01613926736303044,46.93917568257285,0.3290931418924856,0.4047000966524062,0
2022-02-18,163.76708984375,166.93866044821442,162.68052937533312,166.23387859788448,82772700,-0.00935564051648885,167.7736343383789,168.6524334716797,0.01629852468472128,44.60488079767022,0.007988587993821739,0.32535779492068934,0
2022-02-22,160.85000610351562,163.16995323151656,158.72581758393332,161.49605730830203,91162800,-0.017812392850221404,167.05513610839844,168.45630737304688,0.016976044739159202,40.512633005583204,-0.4763819288172044,0.1650098501731106,0
2022-02-23,156.6897735595703,162.64136771002168,156.3765239008277,162.04424861753867,90009200,-0.025864049649261256,165.6103073120117,168.08136352539063,0.016158844435155487,35.50914211052458,-1.1823160474446297,-0.10445532935043747,1
2022-02-24,159.30337524414062,159.4110529381091,148.7901697172211,149.3579234730035,141147500,0.016680103782118705,164.28490142822267,167.8312322998047,0.01731311967950079,40.48233185383021,-1.5134322048941726,-0.3862507044591845,1
2022-02-25,161.3688201904297,161.6331077669388,157.47285626304333,160.38013909716133,91974200,0.012965481384959121,163.57325744628906,167.6499786376953,0.01747201102342997,44.14785239582863,-1.5908417660991745,-0.6271689167871826,1
2022-02-28,161.6331024169922,161.9267702066246,158.99990563300975,159.6166064975814,95056600,0.0016377527347020138,163.22868804931642,167.37683349609375,0.016585814152152097,44.61785314902494,-1.6122786889573604,-0.8241908712212181,0
2022-03-01,159.75364685058594,163.0818568508139,158.5496253630897,161.22197083806662,83474400,-0.011627912465340784,162.6726821899414,167.2037515258789,0.016800100062412164,41.9164350509207,-1.7606285319475319,-1.011478403366481,1
2022-03-02,163.04269409179688,163.82580321014547,159.50892707803538,160.91852050375005,79724800,0.020588245126492266,162.062841796875,167.11834930419923,0.01636567287172499,47.86528323597221,-1.5944187596985557,-1.128066474632896,0
2022-03-03,162.71966552734375,165.34307890598984,162.0540324670775,164.91236813214016,76678400,-0.0019812513909470697,161.4441879272461,167.05366424560546,0.016358071183441236,47.35233151777411,-1.4717960742210892,-1.1968123945505347,0
2022-03-04,159.72425842285156,162.05400359179123,158.67686189722227,161.01639051416453,83737200,-0.01840839025070906,160.88524322509767,166.86571990966797,0.016036660304736022,42.77468468117481,-1.597901419299717,-1.2770301995003712,0
2022-03-07,155.9359893798828,161.53519862355543,155.6814703637219,159.91025004561254,96418800,-0.02371755599540648,160.10213317871094,166.55019561767577,0.01723574507022473,37.79800754370661,-1.9806903008454526,-1.4177622197693875,0
2022-03-08,154.11529541015625,159.44041971330986,152.50992837199067,155.4661583222758,131148300,-0.011675906100746758,159.428662109375,166.18574432373046,0.01682347450262399,35.651132337667576,-2.403264695073517,-1.6148627148302135,1
2022-03-09,159.50892639160156,159.95921898709753,156.04368834876885,158.06996768709067,91454900,0.03499737626360133,159.71057739257813,165.84997772216798,0.0189639852065056,45.5226288153203,-2.276692706902395,-1.7472287132446498,0
2022-03-10,155.1724853515625,157.0029911685478,152.6861150001443,156.81700107101284,105342000,-0.027186196648286032,159.2974884033203,165.44781616210938,0.020209575300234334,40.185058707538154,-2.497508323843789,-1.8972846353644777,0
2022-03-11,151.4625244140625,155.9164439341305,151.23738556277695,155.57382899544626,96970100,-0.0239086261272069,158.3068588256836,164.96969543457033,0.020448808281073854,36.267182976655114,-2.9380016788680052,-2.1054280440651834,0
2022-03-14,147.43927001953125,150.86535859871933,146.93026189923282,148.25174424641173,108732100,-0.026562705263862063,156.8874755859375,164.43418182373046,0.02118991798944608,32.559852363608954,-3.5705794252015153,-2.39845832029245,1
2022-03-15,151.8148956298828,152.28477002224423,147.2043670461277,147.71337523300835,92964300,0.02967747744391258,156.09360046386718,163.99849914550782,0.024393236355140017,39.77094222611951,-3.676445651557856,-2.6540557865455314,1
2022-03-16,156.21987915039062,156.6212246232631,151.19822129277074,153.73352378158447,102300200,0.029015489568605668,155.41131896972655,163.5641027832031,0.02548941292396192,46.02760698192542,-3.366097762861415,-2.7964641818087084,1
2022-03-17,157.22813415527344,157.60011436017203,154.30128444798586,155.26058530967927,75615400,0.00645407620570615,154.86216583251954,163.1950375366211,0.025701420517197395,47.37513738653524,-3.004157020469137,-2.8380027495407942,1
2022-03-18,160.5171661376953,161.0066074424884,156.3862803303168,157.1204422875064,123511700,0.020918851451698472,154.94145660400392,162.9852160644531,0.026109682489107146,51.618665966433575,-2.4239768844362004,-2.7551975765198757,1
2022-03-21,161.88763427734375,162.8371517415441,159.5676719986422,160.0571133745572,95811400,0.008537829147025944,155.53662109375,162.8598974609375,0.02469836457387396,53.30818257538773,-1.8324710358408822,-2.5706522683840776,1
2022-03-22,165.25497436523438,165.84229498697943,161.42753966012307,162.01486028186812,81532000,0.02080047746032121,156.6505889892578,162.79860137939454,0.024538846326139598,57.25770999623602,-1.0795379447638993,-2.272429403660042,1
2022-03-23,166.6156005859375,168.9942779440516,164.1096487837443,164.44248019289995,98062700,0.008233496304298704,157.36125640869142,162.76412658691407,0.022558863746732317,58.775111072307304,-0.36879069118865004,-1.8917016611657638,1
2022-03-24,170.39407348632812,170.46258749011093,166.61558667077662,167.44762778277175,90131400,0.022677785796185068,158.88341522216797,162.7487142944336,0.020133226088068324,62.73189282272296,0.4936819547056075,-1.4146249379914897,1
2022-03-25,171.03038024902344,171.57855215101324,169.1019802060181,170.20812239603873,80546200,0.0037343244965990507,160.84020080566407,162.73722900390624,0.016613741322124148,63.369510335033226,1.2145418953254534,-0.888791571328101,1
2022-03-28,171.89178466796875,172.019029244763,168.36780145361686,168.53420969754978,90371900,0.005036557936029196,163.28545227050782,162.80827789306642,0.010130622315317589,64.26094837847896,1.8341932908229523,-0.3441945988978904,1
2022-03-29,175.1808624267578,175.22979461470234,172.61617948078282,172.95879441578631,100589400,0.019134583803073202,165.6220489501953,162.9279019165039,0.008974914160454968,67.51199510146769,2.561149239098228,0.2368741687013332,0
2022-03-30,174.0159912109375,175.81713189197046,172.9685794955082,174.77951856347462,92633200,-0.006649534656260392,167.40166015625,163.08816619873048,0.009609539970058286,65.24819968239436,3.008590534757275,0.7912174419125215,0
2022-03-31,170.92271423339844,174.27049138056105,170.7171422878286,174.0845012718467,103049300,-0.017775820233609907,168.7711181640625,163.25636810302734,0.013225933811696882,59.5389026396349,3.078106884603784,1.2485953304507742,0
2022-04-01,170.62904357910156,171.18701389593227,168.30909632537671,170.35495761395958,78751300,-0.0017181487879712742,169.7823059082031,163.4523275756836,0.0127874769211465,59.010976300016814,3.074066401267771,1.6136895446141737,1
2022-04-04,174.67178344726562,174.7207305561473,170.75625372170148,170.8835132174817,76468400,0.02369315201775657,171.06072082519532,163.77020263671875,0.013941216361372947,63.77312843934255,3.3583664519404977,1.9626249260794386,0
2022-04-05,171.3632049560547,174.53479031608524,170.73672061862993,173.7516811601631,73401800,-0.018941688382141053,171.67154388427736,164.037353515625,0.015386708139062243,57.849526971949885,3.2789044871921362,2.225880838301978,0
2022-04-06,168.201416015625,169.9634078617043,166.537318414103,168.7202226513366,89058800,-0.018450804192419956,171.8301254272461,164.27724426269532,0.01677274258130326,52.80204294629042,2.9270590496234945,2.3661164805662813,1
2022-04-07,168.50485229492188,169.69909027693134,166.26321768469555,167.5455515170426,77594700,0.0018040054981980358,171.64120330810547,164.5249642944336,0.01498949121754994,53.22385489790766,2.6422456145535307,2.4213423073637315,0
2022-04-08,166.49818420410156,168.15249864853052,165.62697904501124,168.15249864853052,76575500,-0.011908666507170929,171.18798370361327,164.74174041748046,0.015252909425397315,50.03894915124112,2.2289140372161285,2.382856653334211,0
2022-04-11,162.24978637695312,165.46052001953282,162.0050657338506,165.1472853633742,72246700,-0.025516181137089977,170.22378387451172,164.65631805419923,0.016562055391981908,44.03152493077025,1.5407744956867475,2.2144402218047183,1
2022-04-12,164.1194610595703,166.28278325109693,163.1209966207163,164.47185939466212,79265200,0.011523433863101618,169.11764373779297,164.521279296875,0.015433849993017805,47.044639215182755,1.1332229834644352,1.998196774136662,1
2022-04-13,166.8015899658203,167.42807423573976,163.24825626550125,163.8551587010773,70618900,0.01634254029920612,168.39620361328124,164.4432064819336,0.01702239083411619,51.110789594057024,1.0149610221538978,1.8015496237401094,0
2022-04-14,161.79946899414062,167.65319663324865,161.55474838858942,167.0169140968793,75329400,-0.02998844898723496,167.48387908935547,164.2410415649414,0.018487988854084664,44.281778921022166,0.511709538803359,1.5435816067527595,0
2022-04-18,161.58419799804688,163.08188755230427,160.1158737341422,160.45847376711322,69023900,-0.0013304802384830339,166.57939453125,164.09205627441406,0.018496775860405153,44.009254624362804,0.094420125791288,1.2537493105604653,1
2022-04-19,163.8649139404297,164.2760577080458,160.44862379550628,161.5351838977818,67723800,0.014114721430930954,165.49870758056642,163.9943634033203,0.0170188293205155,47.682875982368394,-0.051654582740837895,0.9926685319002049,0
2022-04-20,163.69854736328125,165.31371275678185,162.59242008519655,165.19623667762264,67929800,-0.0010152666189964243,164.73224182128905,163.90763458251953,0.0164668711632521,47.438371132921816,-0.17878333110414246,0.7583781592993354,0
2022-04-21,162.90565490722656,167.90774603308134,162.4064301142371,165.34307817395856,87227800,-0.004843613268571634,164.20266571044922,163.7429864501953,0.015726247532647276,46.22188933103699,-0.339598890206787,0.538782749398111,0
2022-04-22,158.3733673095703,164.32497373265443,158.08949800288954,162.9447609842284,84882400,-0.027821548614978098,163.18951721191405,163.4593051147461,0.01740450368381981,39.92020720102566,-0.8232739213372042,0.26637141525104796,1
2022-04-25,159.44039916992188,159.72426854560663,155.113739965227,157.71755627231695,96046400,0.006737445054545432,162.4837387084961,163.27840789794922,0.017702690008624043,41.927558996954524,-1.1077202056268902,-0.008446908924539698,0
2022-04-26,153.48878479003906,158.91178747297153,153.41047239469103,158.8236916294158,95623200,-0.03732814525595829,161.60763854980468,163.04660766601563,0.019579149644075543,34.919400377890014,-1.7927260460652406,-0.36530273635267985,0
2022-04-27,153.26368713378906,156.41567600749497,152.0988142121799,152.61762090114706,88063200,-0.0014665413929617621,160.52206115722657,162.80560729980468,0.01874773562315631,34.68327356913893,-2.3269381153281756,-0.757629812147779,1
2022-04-28,160.1843719482422,161.04579354437072,155.57382764277364,155.88707729102597,130216800,0.0451554111993393,159.86033935546874,162.6264727783203,0.024120061558744854,46.632013732925934,-2.1668851004600924,-1.0394808698102418,0
2022-04-29,154.32086181640625,162.6903124384376,153.9293146853147,158.42238298865084,131747600,-0.03660475775833183,159.11247863769532,162.3347659301758,0.024993818355497396,39.961848819044796,-2.4845379899211935,-1.3284922938324322,1
2022-05-02,154.62429809570312,154.88858563658798,150.0333364297974,153.40069487713816,123055300,0.0019662686931976037,158.41648864746094,162.12097778320313,0.02506104711823146,40.436665439256515,-2.6808917700403185,-1.5989721890740096,1
2022-05-03,156.11219787597656,157.31623426694395,153.0189401124905,154.81028218380573,88966500,0.009622677668373436,157.64121704101564,161.96787994384766,0.024736225007652664,42.824474657705046,-2.6854858686298826,-1.8162749249851844,1
2022-05-04,162.51405334472656,162.96433086517524,155.89679904169262,156.29814439346256,108256500,0.04100804136929748,157.52276763916015,162.00116088867188,0.02866317158578167,51.78128055643405,-2.147792080916531,-1.8825783561714537,0
2022-05-05,153.45941162109375,160.61504020896953,151.6778383257631,160.38990141926735,130525300,-0.05571605370291277,156.57814331054686,161.93655364990235,0.033631735678709446,41.80587788273035,-2.4243533581725956,-1.990933356571682,1
2022-05-06,154.18487548828125,156.3023722983105,151.14587460582203,152.93986371222095,116124600,0.00472739898794039,156.15929412841797,161.83418365478516,0.03278998656015705,42.757372657338216,-2.5555327015671025,-2.1038532255707665,0
2022-05-09,149.06759643554688,152.76341048572758,148.50882129057032,151.8811126841976,131577900,-0.03318924139951274,155.12201385498048,161.5881591796875,0.03399101607431099,38.03346715463848,-3.0374016534297255,-2.2905629111425583,1
2022-05-10,151.46939086914062,153.6555174482576,149.92048190900607,152.45952464307157,115366700,0.01611211618772046,154.92007446289062,161.38488494873047,0.032727688715341666,41.31086608784243,-3.18872390701344,-2.4701951103167348,0
2022-05-11,143.61700439453125,152.39087300235883,142.9405806152843,150.47925033829725,142689800,-0.05184140788810132,153.95540618896484,161.06215209960936,0.03649513995032938,34.8256826518156,-3.8973436944679065,-2.755624827146969,0
2022-05-12,139.7545623779297,143.32293029647687,136.0685607235715,139.96043637411066,182602000,-0.026894043869561735,151.91242523193358,160.59638946533204,0.032155014356337545,32.15199380722085,-4.71623099713733,-3.1477460611450416,1
2022-05-13,144.2150115966797,145.18553469561974,140.2937279042498,141.74459868206603,113990900,0.03191630486229058,150.90184020996094,160.22629638671876,0.03384173543797555,38.065501438292,-4.948243835087567,-3.507845615933547,0
2022-05-16,142.67587280273438,144.61691862288893,141.34263600841436,142.68568558350242,86643800,-0.010672528309672469,149.70699768066407,159.8853286743164,0.03373751838743721,36.87129254049576,-5.196410334593082,-3.845558559665454,1
2022-05-17,146.30308532714844,146.82265416778552,143.79345144967377,145.93055862687706,78336300,0.025422746349196057,148.72608642578126,159.6926705932617,0.034975398857453606,41.52698352791561,-5.042274138986386,-4.084901675529641,0
2022-05-18,138.04879760742188,144.46008977155722,137.14688920750964,143.9601314929513,109742900,-0.05641909534080669,146.2795608520508,159.37134063720703,0.03400922834019514,35.170374175308865,-5.522512047261472,-4.372423749876007,0
2022-05-19,134.64706420898438,138.87224434894858,133.91182362893935,137.127274568989,136095600,-0.02464152862896518,144.39832611083983,158.8741033935547,0.0312498519375691,32.93303297454091,-6.107195556500358,-4.719378111200877,1
2022-05-20,134.88235473632812,137.93115346240322,130.00036063657,136.3528361484188,137426100,0.001747461251576654,142.46807403564452,158.46830078125,0.031080562779240865,33.24933333838857,-6.476913642110247,-5.070885217382751,1
2022-05-23,140.293701171875,140.4407432989188,134.94114336987113,135.07838767461445,117726300,0.040119009236791126,141.59068450927734,158.24492431640624,0.03423454352378271,40.230906200328675,-6.261093467691325,-5.308926867444466,0
2022-05-24,137.5978240966797,139.1761411372566,134.62745335548652,138.0389654521871,104132700,-0.019215952339104447,140.20352783203126,158.04809539794923,0.03357116091051006,38.09330934737534,-6.23570781603749,-5.494283057163072,1
2022-05-25,137.75469970703125,138.99969650386015,135.61759232548434,135.7058176181396,92482700,0.0011401024062802634,139.61729736328124,157.7668914794922,0.030064768978748012,38.29875640694492,-6.132242281681954,-5.621874902066848,1
2022-05-26,140.95053100585938,141.49950829001511,134.44120114221013,134.68628135538745,90601500,0.02319943570437033,139.7368942260742,157.46150451660156,0.02995307042285873,42.48618683202235,-5.726358328856634,-5.6427715874248054,1
2022-05-27,146.69520568847656,146.73441193920726,142.4013957458045,142.5288422380691,90978500,0.04075667286686824,139.98491363525392,157.25084594726562,0.031068111429971266,49.16477568989616,-4.884835789096883,-5.4911844277592206,0
2022-05-31,145.91094970703125,147.69514080945274,143.9503080341332,146.1364342695409,103718400,-0.0053461595950911045,140.30842132568358,156.95872161865233,0.030868995447980777,48.339513580814426,-4.232417344339467,-5.23943101107527,0
2022-06-01,145.7835235595703,148.75389460714223,144.7737792988703,146.95009283292427,74286600,-0.0008733144957029371,140.25646514892577,156.6366394042969,0.029818158075906435,48.19794991307427,-3.6831956646906576,-4.928183941798348,1
2022-06-02,148.23431396484375,148.29313081917098,143.96991252402043,144.920824891666,72348100,0.016811161820162734,141.27501678466797,156.29622619628907,0.022505560900572808,51.160418576221446,-3.015415391443213,-4.545630231727322,0
2022-06-03,142.51907348632812,145.05810131692076,141.61717995046743,144.0091506541789,88570300,-0.03855544863837057,142.06221771240234,155.81429565429687,0.02499676186611792,44.73544171071025,-2.913778629875196,-4.219259911356897,1
2022-06-06,143.26406860351562,145.64625571792195,142.04846553260185,144.13655344098794,71598400,0.005227336236219404,142.9003890991211,155.27169555664062,0.024955506970319022,45.69285196852975,-2.7415134240861505,-3.9237106139027476,1
2022-06-07,145.7835235595703,146.06781003090646,141.26424373812605,141.50932395629872,67808200,0.017586091059770936,143.44937133789062,154.76675842285155,0.022457509765182824,48.9159572235709,-2.374323327055208,-3.6138331565332398,0
2022-06-08,145.04823303222656,146.92063388679944,144.55807276441607,145.65602697759022,53950200,-0.005043714882109418,144.1944122314453,154.22988739013672,0.021238622768505563,48.02022390502812,-2.1182366170093303,-3.314713848628458,0
2022-06-09,139.83299255371094,145.0384948829892,139.72515664096548,144.18562036487367,69473000,-0.03595521551342795,144.4022415161133,153.52292999267578,0.024990900424493565,42.12776404327562,-2.309490012074235,-3.1136690813176138,0
2022-06-10,134.43141174316406,137.9899664897166,134.36278209908923,137.51941663931075,91437900,-0.038628800770834415,143.75032958984374,152.7312384033203,0.026693312614399705,37.05596741907885,-2.8639087764328224,-3.0637170203406554,0
2022-06-13,129.2847442626953,132.53940235521404,128.85340060932865,130.2552525242583,122207100,-0.038284709010581786,142.00928344726563,151.89847900390626,0.02332560031649098,32.98164286469704,-3.6762056839712898,-3.1862147530667824,1
2022-06-14,130.14739990234375,131.25516732822615,128.89259032192393,130.5101288143863,84784300,0.006672524624371734,140.43292846679688,151.08884613037108,0.024023274547827475,34.28586715998689,-4.201910723649462,-3.3893539471833187,1
2022-06-15,132.76486206054688,134.63727870714717,129.55922325217023,131.64729675078482,91533000,0.02011152093831403,139.13106231689454,150.25070770263673,0.02586241832281537,38.21476588606205,-4.35710246891216,-3.582903651529087,0
2022-06-16,127.5005111694336,129.78466025494586,126.50057984100815,129.48076322339185,108123900,-0.03965168802504759,137.05768203735352,149.3734538269043,0.025763060474404464,33.83342434213667,-4.84898607296563,-3.836120135816396,1
2022-06-17,128.9709930419922,130.46108474224513,127.25543176187765,127.51032472551074,134520300,0.011533144918960403,135.70287399291993,148.58884536743165,0.02546683874141644,36.039337391429186,-5.061802467242586,-4.081256602101634,1
2022-06-21,133.19618225097656,134.36276639582726,130.6963761788774,130.7943992837295,81000500,0.03276077131241961,134.69608535766602,147.88267196655272,0.028554435590772694,42.02062181200675,-4.83380246925293,-4.231765775531894,0
2022-06-22,132.68641662597656,135.04897821391006,131.2747523831488,132.1374244527046,73409200,-0.003827178950515764,133.38637466430663,147.20643661499022,0.0272899062138362,41.5161835837334,-4.640748988272378,-4.313562418079991,1
2022-06-23,135.54896545410156,135.8626603415122,132.9609190593017,134.12750324123766,72433800,0.021573789547682853,132.43644790649415,146.6724201965332,0.028968515832610914,45.47451450216853,-4.208258759183366,-4.292501686300667,1
2022-06-24,138.87225341796875,139.117333627322,137.01944763359853,137.1468791706762,89116800,0.024517250668301793,132.34037399291992,146.16747604370119,0.028412769516340797,49.72851794387858,-3.556350180766003,-4.145271385193734,0
2022-06-27,138.87225341796875,140.66624234545563,138.19582964679236,139.89178050713437,70207900,0.0,132.7844581604004,145.60888931274414,0.025053430881901668,49.72851794387858,-3.00506738934763,-3.9172305860245134,0
2022-06-28,134.7353057861328,140.59762053174873,134.61767206581916,139.3330131628478,67083400,-0.029789591009118377,133.32951431274415,145.067606048584,0.023578236249357704,44.69430169214252,-2.8689178067093906,-3.707568030161489,1
2022-06-29,136.4900665283203,137.90173093297278,133.98044756827542,134.75490940956817,66242400,0.01302376338517286,133.9637809753418,144.56572341918945,0.02373159277039399,47.138779544451616,-2.5895727718558135,-3.4839689785003545,0
2022-06-30,134.02944946289062,135.64697266058235,131.13750634293814,134.54901824559195,98964500,-0.01802781058004055,134.09023971557616,143.96901412963868,0.024099511655686776,44.189307860589246,-2.5374904418269466,-3.294673271165673,1
2022-07-01,136.19601440429688,136.30385033247464,132.99037491472117,133.36288679146008,71051600,0.01616484250355832,134.9597900390625,143.41896347045898,0.019633758962828558,47.31512938732978,-2.29493653617277,-3.0947259241670926,1
2022-07-05,138.77423095703125,138.82324999611623,134.23534018265374,135.05882114715405,73353800,0.018930190901776056,135.94011383056642,142.93633499145508,0.01996867748817303,50.84339304763459,-1.873078605471477,-2.8503964604279695,1
2022-07-06,140.1074676513672,141.28384979355582,138.30368070277723,138.5683715462856,74064300,0.00960723532850083,136.63124237060546,142.57101699829101,0.01795973185706518,52.610762655419755,-1.4148624436305965,-2.563289657068495,1
2022-07-07,143.46998596191406,143.66604717243726,140.4603932776671,140.47019110271424,66253700,0.023999565240262033,137.70959930419923,142.25160873413085,0.018548760553317622,56.82677663741006,-0.7715023097956362,-2.204932187613923,1
2022-07-08,144.1463623046875,144.646335480772,142.14651447587394,142.4013924960781,64547800,0.004714410043596073,138.5693389892578,142.06476028442384,0.017933920552248628,57.64308653682499,-0.2046972281960393,-1.8048851957303462,0
2022-07-11,142.01910400390625,143.75427642973983,140.95055766241197,142.80336382609462,63141600,-0.014757627364086923,138.88402404785157,141.83986862182618,0.017804593572293453,54.17375331033872,0.07201774026776775,-1.4295046085307235,1
2022-07-12,142.98959350585938,145.5286208059207,142.19553604555907,142.89155544175705,77588800,0.006833513763940147,139.29575805664064,141.4959730529785,0.017833934127121,55.48992460960443,0.3654144679634044,-1.070520793231898,0
2022-07-13,142.6269073486328,143.56800712971256,139.3232154144063,140.17610485424197,71185600,-0.0025364514181355213,140.0849182128906,141.26209396362304,0.013903865533241314,54.85584201107114,0.5621872025562595,-0.7439791940742666,1
2022-07-14,145.5482635498047,146.01881345268225,140.43098661066193,141.24465485515523,78140700,0.020482504006281266,140.99073791503906,141.08057327270507,0.01452109319938547,58.92707152296355,0.9429898431136223,-0.40658538663668886,1
2022-07-15,147.21478271484375,147.8912065060331,145.2835494113212,146.83245817528143,76259900,0.011449941925750329,142.30927124023438,140.90262496948242,0.011696792541956502,61.08318587771934,1.3635348670507028,-0.05256133589921058,0
2022-07-18,144.17578125,148.58722466683977,143.81305239727462,147.77355664160174,81420900,-0.020643317259315785,143.10724792480468,140.5358595275879,0.014754383175978346,55.37455870184863,1.4350553830018953,0.24496200788101058,1
2022-07-19,148.02845764160156,148.25392726287154,144.01894870347078,145.0090674390563,82982400,0.026722077440461733,144.0326705932617,140.42724044799806,0.015699829623819522,60.42415338802425,1.782072076219606,0.5523840215487297,1
2022-07-20,150.02828979492188,150.6949157224323,147.41083503397257,148.1460756395822,64823400,0.013509781735091764,145.02475280761718,140.34410873413086,0.015831194611148753,62.778567121989106,2.193173508193837,0.8805419188777512,1
2022-07-21,152.29286193847656,152.50853373902038,148.94996398855773,151.45958316742,65086600,0.015094300859192611,145.90704040527345,140.40861404418945,0.01499570609329328,65.29627835223805,2.6709177240903443,1.23861707992027,0
2022-07-22,151.05763244628906,153.2045374479934,150.3910214648786,152.3320525114364,66675400,-0.008110882391103247,146.5981674194336,140.40037887573243,0.015659876676474206,62.80096372403417,2.9162441135316897,1.574142486642554,0
2022-07-25,149.9400634765625,151.9889303599999,149.28325033510924,150.97920113195147,53623900,-0.0073982952839137806,147.39026336669923,140.52684005737305,0.014787016647577466,60.54652982301391,2.9860670465513692,1.8565273986243171,0
2022-07-26,148.61668395996094,150.07735281781265,147.83242409239264,149.26368451408044,55138700,-0.00882605679841153,147.95297241210938,140.70408248901367,0.015449203092815998,57.89610609685546,2.901173633244724,2.0654566455483985,1
2022-07-27,153.7045135498047,154.2338952339947,149.1656377708993,149.5773707705413,78620700,0.034234578879545285,149.06073303222655,140.89387252807617,0.01790772700856363,64.35625103502349,3.2074666398638954,2.293858644411498,1
2022-07-28,154.25350952148438,154.53779601902812,151.37136349671525,153.89078059336344,81378700,0.0035717622013864414,149.93125762939454,141.12542526245116,0.01735124464479548,64.98063190539015,3.454682017265128,2.526023318982224,1
2022-07-29,159.31195068359375,160.40992030893383,156.36119003723385,158.06695385906744,101786900,0.03279303775843645,151.14097442626954,141.38560256958007,0.01930427208050161,70.16630857066286,4.012522055029621,2.8233230661917035,0
2022-08-01,158.3316192626953,160.3706884793457,157.72382510643268,157.84145882480365,67829400,-0.006153533471230044,152.55655822753906,141.79125900268554,0.017352673376865087,68.06278328454623,4.325646392294459,3.123787731412255,0
2022-08-02,156.8611297607422,159.2139087149108,156.48861801917639,156.94937000342367,59907000,-0.009287402660320021,153.43982543945313,142.2355403137207,0.017126591800728112,64.91891702072766,4.40437260632288,3.37990470639438,1
2022-08-03,162.86074829101562,163.31168761792614,157.5866160134525,157.67484132195506,82507500,0.038247961999410274,154.7230712890625,142.79510818481447,0.019902683660614616,70.83758794050645,4.894462456123932,3.682816256340291,0
2022-08-04,162.54701232910156,163.89986001020398,161.19416464799912,162.74307352499065,55474100,-0.0019264062409528604,155.748486328125,143.240174407959,0.01999573619520157,70.1708832768069,5.197631265061858,3.9857792580846043,0
2022-08-05,162.3212432861328,162.81208464474912,160.0142829089203,160.22044287042655,56697000,-0.0013889461253931978,156.87484741210938,143.73464279174806,0.019549995579785075,69.662776158795,5.357914353935229,4.26020627725473,0
2022-08-08,161.8500213623047,164.7361708864107,161.19229575323052,163.32254540690658,60276900,-0.002903020666232048,158.0658432006836,144.2165492248535,0.019221176777668533,68.54711251659916,5.384843066633948,4.485133635130573,1
2022-08-09,161.89907836914062,162.78260161908204,160.2596703687026,161.01557009848563,63135500,0.00030310163954894165,159.39408264160156,144.63552017211913,0.018546833788639257,68.60348590977345,5.348488707423144,4.657804649589088,1
2022-08-10,166.1399688720703,166.23812814464867,163.8428202002786,164.60853143111325,70170500,0.026194655001433587,160.63762817382812,145.024415435791,0.017461829243014006,73.09317976559642,5.597359164600846,4.8457155525914395,0
2022-08-11,165.4036865234375,167.85789272456063,165.10917878344554,166.94492022851418,57149200,-0.004431699088614627,161.75264587402344,145.41427017211913,0.017863349172007135,71.18980156114654,5.669820797944851,5.010536601662122,1
2022-08-12,168.9475555419922,169.01626552422525,166.2970009450499,166.7093207555899,68039400,0.021425574562707883,162.7162063598633,145.87755081176758,0.016347202003973334,74.61609550075147,5.9446811925242,5.197365519834538,1
2022-08-15,170.01763916015625,170.21397271578905,168.2113464814704,168.37823075272277,54091700,0.006333821254360217,163.8848083496094,146.31321731567382,0.015782156833613007,75.56120660388414,6.177644796649048,5.39342137519744,0
2022-08-16,169.8605499267578,170.52810192661653,168.51564947224608,169.61512926108554,56377100,-0.0009239584443968551,165.18475036621095,146.8600468444824,0.015010767686125207,75.11903805715822,6.277234293551004,5.570183958868153,1
2022-08-17,171.35267639160156,172.92335934005538,169.4089493149704,169.60528281111644,79542000,0.008784420311173768,166.03394317626953,147.42181900024414,0.010709606309702802,76.52428206120548,6.402754850501026,5.736698137194728,0
2022-08-18,170.96002197265625,171.6962839363271,169.94889007422466,170.56735491708034,62290100,-0.0022914986051805197,166.875244140625,147.92534896850586,0.010736985314122692,75.31875422844402,6.396808440326595,5.868720197821101,0
2022-08-19,168.37820434570312,170.55754092380556,168.1720444080825,169.86053968443733,70346300,-0.015101879358474068,167.48094024658204,148.3919483947754,0.012405338072751295,67.75998581146759,6.113294508377976,5.9176350599324765,0
2022-08-22,164.5005645751953,166.74861119438174,164.07843325743647,166.58172694573366,69026800,-0.0230293450721597,167.7459945678711,148.88529983520507,0.014970158221044649,58.29714037583679,5.512173645433251,5.836542777032632,0
2022-08-23,164.16677856445312,165.6196796113523,163.5974008535258,164.0195321647684,54147100,-0.0020290873262602815,167.97276458740234,149.48000717163086,0.015012899468188266,57.55207432542095,4.951766408418109,5.659587503309727,1
2022-08-24,164.46127319335938,165.03065085876125,163.20472075222654,164.2551282502834,53841500,0.0017938746893948476,167.80489501953124,150.18353775024414,0.012287609873834262,58.06135343782739,4.479762971941,5.423622597035982,1
2022-08-25,166.91549682617188,167.0234825149317,165.26627719342727,165.68839353539587,51218200,0.014922805747265677,167.9560760498047,150.9188996887207,0.013170317071043462,62.1381806906588,4.254686803279412,5.189835438284669,0
2022-08-26,160.62290954589844,167.91681938586046,160.56401098389765,167.44561591056575,78961000,-0.037699239435069476,167.1236114501953,151.47606063842773,0.015953421261099505,48.98881912652543,3.527885841904208,4.857445519008578,0
2022-08-29,158.4239044189453,159.91605082453415,156.89248233046595,158.19810669053518,73314000,-0.013690482467102583,165.96423797607423,152.09452850341796,0.01563692178264243,45.375169273773324,2.7428318495951203,4.434522785125886,0
2022-08-30,155.9991912841797,159.58232691391927,154.83098655063566,159.1602105704912,77906200,-0.015305222678728914,164.5781021118164,152.63509246826172,0.015684784108094454,41.72073732064966,1.9030793052736783,3.928234089155445,0
2022-08-31,154.3401336669922,157.63858767600124,154.2615972644816,157.3735291899389,87991100,-0.010635039858413409,162.87684783935546,153.05797149658204,0.014481666079396662,39.383505561680636,1.0911195326505094,3.360811177854458,1
2022-09-01,155.0666046142578,155.51817026416148,151.836860169279,153.77077627080038,74229900,0.004706947765336755,161.28750610351562,153.50557525634767,0.015069223873234153,40.94362572433672,0.5004864013726262,2.7887462225580917,0
2022-09-02,152.95596313476562,157.42262194968552,152.13135334781393,156.82379496598037,76957800,-0.013611192975706121,159.7452819824219,153.85371520996094,0.01501610330986576,37.892231523629285,-0.13633416310798907,2.2037301454248754,0
2022-09-06,151.69943237304688,154.21253778677115,150.87482246778544,153.60389928231007,73714800,-0.008214983816038912,158.46516876220704,154.1102587890625,0.014239052222533686,36.16426623002926,-0.7339500602813871,1.616194104283623,1
2022-09-07,153.10321044921875,153.80019664109167,150.7962505650505,151.98409298992328,87449600,0.009253680479962556,157.3588119506836,154.3948779296875,0.015178658864554058,39.48444789264887,-1.0818212436111594,1.0765910347046665,0
2022-09-08,151.6306915283203,153.49588236025656,149.88328282837716,151.80738719524012,84923800,-0.009617818702677305,156.07575378417968,154.73278564453125,0.014882857424646324,37.293279857053825,-1.4595073411222472,0.5693713595392838,1
2022-09-09,154.4873809814453,154.92915012061422,151.91537744584716,152.62219009337275,68028800,0.01883978384805718,154.83294219970702,155.09273193359374,0.015587722954692417,43.80820393177329,-1.510898631046956,0.15331736142203578,1
2022-09-12,160.43638610839844,161.25118449428555,156.38204700518378,156.66672837890903,104956000,0.038508032754258625,154.81428985595704,155.62087066650392,0.017718862310160934,54.426873214166,-1.0593797326150707,-0.08922205738538551,0
2022-09-13,151.0220489501953,157.59931943362142,150.56065692569356,156.97104316313002,122656600,-0.05867956382314887,154.07410430908203,155.91739135742188,0.025562963049994496,41.16845213841905,-1.4445541611918884,-0.36028847814668613,1
2022-09-14,152.4651336669922,154.22235404144755,150.79627611743592,151.95465448242936,87965400,0.009555457145683288,153.72069854736327,156.1912094116211,0.02560157789968258,43.442780845092436,-1.6147489735666625,-0.6111805772306814,0
2022-09-15,149.57896423339844,152.39640331677907,148.6071081028978,151.81719923234522,90481100,-0.01893002920849829,153.2445816040039,156.38063934326172,0.02604338923698869,40.103592499617754,-1.9599265281234182,-0.8809297674092288,0
2022-09-16,147.93955993652344,148.57766259301448,145.65223775657734,148.44022763272653,162278800,-0.010960126012885874,152.53187713623046,156.4700308227539,0.02601157095448188,38.30264523477933,-2.3388081284171847,-1.1725054396108199,1
2022-09-19,151.65029907226562,151.72883546494634,146.36885773323408,146.57500265714634,81474200,0.025082805013982412,152.40131072998048,156.62010955810547,0.027331250074770788,44.39001312157362,-2.3129862246175605,-1.400601596612168,1
2022-09-20,154.02598571777344,155.1843789131033,150.2759661753886,150.5900968013731,107689800,0.015665558591320128,152.63396606445312,156.86024719238281,0.02762552910518109,47.93200280951631,-2.076883106333838,-1.5358578985565021,0
2022-09-21,150.90426635742188,155.8323177224437,150.78646922639234,154.45795295017905,101696800,-0.020267485033801935,152.41407165527343,157.01854064941406,0.028317708020298756,43.968948998082546,-2.117259893047475,-1.6521382974546968,0
2022-09-22,149.9422149658203,151.64052177438083,148.14573389948876,149.58880860884872,86652500,-0.006375243157956234,152.24522399902344,157.16484680175782,0.028227506886984523,42.79463873780122,-2.201510650138374,-1.7620127679914324,0
2022-09-23,147.6745147705078,148.69547312127722,145.83877299693037,148.4206031759059,96029900,-0.015123827508013221,151.56393737792968,157.20737182617188,0.02764499319191297,40.077513897487414,-2.4233297984808075,-1.8942761740893075,1
2022-09-26,148.00830078125,150.95334879982894,146.89899456754617,146.91863241520423,93339400,0.0022602817504489003,150.32112884521484,157.2232421875,0.023494745990925575,40.67458790986338,-2.5428766312428195,-2.02399626552001,1
2022-09-27,148.98016357421875,151.88595100420483,147.20332025510484,149.94222342090066,84442700,0.006566272214726165,150.1169403076172,157.31932983398437,0.015481216900888873,42.471965770198196,-2.530032512386555,-2.125203514893319,0
2022-09-28,147.09532165527344,147.8806707549768,142.1869085062377,144.93562286555536,146691400,-0.01265163008098269,149.5799591064453,157.3006671142578,0.015350785403642292,39.94436321436819,-2.641494936875006,-2.2284617992896565,0
2022-09-29,139.8701171875,144.03245634378814,138.103085707034,143.4238179924611,128138200,-0.04911919962149536,148.60907440185548,157.09750366210938,0.020748001321081164,32.06636251858593,-3.275090127998908,-2.437787465031507,0
2022-09-30,135.66854858398438,140.4788028880648,135.47221503631138,138.69213315187477,124925300,-0.030039072591061755,147.38197326660156,156.76501739501953,0.022041390329962694,28.54120290110724,-4.069341518157046,-2.7640982756566146,1
2022-10-03,139.84068298339844,140.44933637961338,135.1678792129988,135.67835835777296,114311700,0.030752406825015566,146.20101165771484,156.54067840576172,0.02304827307566632,36.058216693782846,-4.3124241478928695,-3.0737634501038658,1
2022-10-04,143.42384338378906,143.5416405102459,141.61753589548164,142.37343574191996,87830100,0.02562316147165844,145.14079742431642,156.41035400390626,0.024354390399897057,41.72771151665232,-4.167892909644564,-3.2925893420120054,1
2022-10-05,143.7183074951172,144.6803670999918,140.39040452379436,141.43100052371705,79471000,0.0020531043122318238,144.42220153808594,156.31238647460938,0.02400713203412555,42.181420979930095,-3.9836688148466806,-3.4308052365789408,0
2022-10-06,142.76611328125,144.83746445591814,142.55996829483985,143.13915751475957,68402200,-0.006625420452432862,143.7045913696289,156.0936184692383,0.02400931159219914,41.06790572797465,-3.8698942754149925,-3.5186230443461515,0
2022-10-07,137.52392578125,140.47880029356153,136.8956494527264,139.9290453992253,85925600,-0.03671870992013959,142.6895324707031,155.7590267944336,0.02595067422766188,35.51015318904136,-4.1548335191603485,-3.645865139308991,1
2022-10-10,137.84786987304688,139.29094450363405,136.03176603772727,137.84786987304688,74899000,0.00235554715266173,141.67348937988282,155.32974517822265,0.02595438292785986,36.085773859053724,-4.304886292331361,-3.777669369913465,0
2022-10-11,136.4342498779297,138.76084793369003,135.68817645989057,137.33739611427865,77033700,-0.010254928106027905,140.4188980102539,154.89179779052733,0.025534975778446635,34.63304998319278,-4.486157880126228,-3.9193670719560183,0
2022-10-12,135.8059539794922,137.78895683135124,135.6292583188671,136.58149154588781,70433700,-0.004605118575428446,139.2899612426758,154.47069427490234,0.025515072715594684,33.97831563377218,-4.627175943600065,-4.060928846284828,1
2022-10-13,140.3708038330078,140.9598044199806,131.90868942611982,132.5173428390662,113224000,0.033613031827786743,139.34002990722655,154.0208953857422,0.023941934173601437,42.48571921498886,-4.320781264917628,-4.112899330011388,0
2022-10-14,135.84523010253906,141.87276009592642,135.65870802953629,141.66660017858484,88598000,-0.032240135461877095,139.35769805908203,153.48685974121094,0.024263028485257722,37.34759179690496,-4.392503210090808,-4.1688201060272725,1
2022-10-17,139.8014373779297,140.282452315822,137.7006369919499,138.48598615048115,85250900,0.029122901646265964,139.35377349853516,153.03646362304687,0.024040952501189854,43.751735895074404,-4.083043718271227,-4.151664828476064,1
2022-10-18,141.1168670654297,144.0128276023933,138.03438444661543,142.82500010106065,99136600,0.009409271550935072,139.12307586669922,152.62180053710938,0.022644449698772072,45.73780329609942,-3.6891247257541977,-4.059156807931691,1
2022-10-19,141.224853515625,142.2948839097448,138.9080820775627,139.09460416043055,61758300,0.0007652270946834072,138.87373046875,152.20831604003905,0.022626352756335788,45.906658704846926,-3.329843123330676,-3.9132940710114883,0
2022-10-20,140.7634735107422,143.21768011702426,140.0370229627389,140.40025572638473,64522000,-0.0032669887303636846,138.67346649169923,151.7007861328125,0.022566963916032447,45.25863154078317,-3.047213000757779,-3.7400778569607462,1
2022-10-21,144.57240295410156,145.1417806685085,140.03701908535325,140.25299045906925,86548600,0.027059075400470922,139.37831420898436,151.28416046142578,0.020306948687925257,51.36265543366273,-2.487206846556518,-3.4895036548799006,1
2022-10-24,146.7124786376953,147.47818995640918,143.32567626964715,144.4938810962025,75981900,0.0148027952767249,140.26477508544923,150.83945892333983,0.0204941284215383,54.43680924200431,-1.8493930604249158,-3.1614815359889037,1
2022-10-25,149.5495147705078,149.69677613929844,146.62410499116672,147.3407290522299,74732300,0.019337388061028804,141.57630157470703,150.4300964355469,0.019944658993898762,58.2079267976905,-1.1022894275285182,-2.7496431142968265,0
2022-10-26,146.6143035888672,149.20594507644813,145.32828678897533,148.19481318791426,88194300,-0.019627019092271047,142.65713653564453,149.96517150878907,0.021612640015860777,53.29332922510131,-0.7385380210593553,-2.3474220956493324,0
2022-10-27,142.14767456054688,146.31982652290824,141.4899488722307,145.35778155872993,109180200,-0.03046516553286327,142.83482360839844,149.38107147216797,0.022617021332274733,46.81561508821233,-0.801443502340561,-2.0382263769875784,1
2022-10-28,152.88726806640625,154.6150242142885,145.11234293200243,145.48537216958695,164762400,0.07555236861286052,144.53902740478514,149.01961639404297,0.029419219008710924,59.54737139460788,0.015124545582779092,-1.6275561924735071,0
2022-10-31,150.53118896484375,151.4147121907347,149.1372016307876,150.35449330723716,97943200,-0.015410564472504995,145.61200256347655,148.6626760864258,0.029950318221563146,56.35979718085309,0.4667641471578179,-1.2086921245472422,0
2022-11-01,147.8904571533203,152.60253597457515,146.3983105936967,152.23931825640548,80379300,-0.01754275529000293,146.28936157226562,148.33047393798827,0.030985769790270967,52.9392572329507,0.604636919584749,-0.846026315720844,0
2022-11-02,142.3734130859375,149.38262560122348,142.34396380900958,146.22160672381153,93604600,-0.03730493619113784,146.4042175292969,147.89460662841796,0.033791964862239336,46.57890252926652,0.26566036930648806,-0.6236889787153777,0
2022-11-03,136.33607482910156,140.18426855678922,136.20845130657773,139.45781809061094,97918500,-0.04240495557405621,145.96147766113282,147.3321026611328,0.03653645084290135,40.80184102461784,-0.4845580466341062,-0.5958627922991233,0
2022-11-04,136.07057189941406,140.28896920604143,132.1373281619349,139.71864706361086,140814800,-0.001947415091862581,145.11129455566407,146.71520416259764,0.035040953440546,40.5635748164193,-1.0879936997064021,-0.6942889737805791,1
2022-11-07,136.60157775878906,136.8277351131925,133.40581664759068,134.82178704829124,83374600,0.003902429834479859,144.10020446777344,146.23477752685548,0.034504611270343974,41.30185590371502,-1.5060126904002686,-0.8566337171045171,1
2022-11-08,137.171875,139.06965789658196,135.19542542837,138.06669154902085,89908500,0.004174894979748878,142.86244049072266,145.80973693847656,0.03355881232730512,42.13320821447205,-1.7708641118398702,-1.0394797960515878,0
2022-11-09,132.619140625,136.23773265765962,132.34381476431366,136.18856411022261,74917800,-0.03318999886091811,141.46292419433593,145.34213592529298,0.03434107850494345,37.55980218748691,-2.3213690889012355,-1.2958576546215173,1
2022-11-10,144.4188995361328,144.4188995361328,137.171901375878,138.88286812786214,118854000,0.08897478037878681,141.69004669189454,145.14371124267578,0.0452600489712425,52.078589095419346,-1.7849307493700337,-1.3936722735712206,1
2022-11-11,147.20166015625,147.50648417895965,141.96061049585242,143.38642351170455,93979700,0.019268673484255094,141.1214859008789,144.98641235351562,0.038096069620022266,54.75076300605991,-1.1223166076838709,-1.3394011403937507,0
2022-11-14,145.80538940429688,147.7720118834529,144.96956884900007,146.48387656026793,73374100,-0.009485428020791553,140.6489059448242,144.84340087890624,0.0379298713786071,53.14932062959897,-0.7017679628413305,-1.2118745048832669,1
2022-11-15,147.53599548339844,151.02675299903876,146.0806992107757,149.67962155098414,89868300,0.011869287453448285,140.61345977783202,144.76013214111327,0.037778630684354206,54.90974393603639,-0.22622688193558815,-1.0147449802937312,0
2022-11-16,146.30686950683594,147.36884742264508,144.831902680013,146.64120672406102,64218300,-0.008331024388558816,141.00680541992188,144.62420532226562,0.03561596235832009,53.37573482375024,0.05087618767430513,-0.801620746700124,1
2022-11-17,148.20468139648438,148.95199258833983,143.71094152135223,143.98626748699053,80389400,0.012971447588520535,142.19366607666015,144.55568511962892,0.031826402948907435,55.44545659325117,0.4187923480793643,-0.5575381277442264,1
2022-11-18,148.76512145996094,150.15159363499748,147.4671586821555,149.76810292744864,74829600,0.0037815273997805487,143.46312103271484,144.4412399291992,0.03166217066314246,56.06570312099579,0.7469806571859579,-0.29663437075818955,0
2022-11-21,145.53988647460938,147.8605015253363,145.25473282614936,147.6540145740021,58724100,-0.021680048076454628,144.35695190429686,144.14330993652345,0.03315353645500896,51.61276800353324,0.7383119471737984,-0.08964510717179194,1
2022-11-22,147.6736602783203,147.909660354169,144.47789906303868,145.65788443814483,51804100,0.014661092951197219,145.4071304321289,144.07634216308594,0.03322579274017242,54.20423743009365,0.8933219855266827,0.10694831136790299,1
2022-11-23,148.54884338378906,149.29615456069408,146.84770405367206,146.95586889544748,58301400,0.005926467210329189,147.0001007080078,143.99801635742188,0.029998751945910878,55.26256859706768,1.0744034657490715,0.3004393422441367,0
2022-11-25,145.63818359375,146.3953372169929,144.66470036386627,145.8348427804778,35195900,-0.019593957944991303,147.12202911376954,143.9192007446289,0.014716975399459358,51.03813676595391,0.9718431212392886,0.43472009804316714,0
2022-11-28,141.8131103515625,144.19272111621666,140.9871327315936,142.7177546502144,69246000,-0.02626421964213277,146.5831741333008,143.79667175292968,0.015441647174494621,46.05557759255735,0.5752803918763618,0.4628321568098061,0
2022-11-29,138.81398010253906,142.3932307181211,138.00767307037083,141.88190491471462,83763800,-0.021148469570891115,145.884033203125,143.53994537353515,0.01634819114545355,42.54822553314903,0.01878033741775198,0.3740217929313953,1
2022-11-30,145.5595245361328,146.23801151936658,138.20436253781247,139.04016787618127,111380900,0.04859412883782288,145.68638610839844,143.37061614990233,0.023195199804970083,51.49540892818077,0.12066810896999414,0.3233510561391151,1
2022-12-01,145.83485412597656,146.64117635966434,144.1632284025417,145.7365320270306,71250400,0.0018915257570479849,145.6391845703125,143.26922790527342,0.02306641838380604,51.825188296727696,0.22108318947317684,0.30289748280592743,0
2022-12-02,145.34324645996094,145.53007801483162,143.21929036902108,143.52412948725973,65447400,-0.003370988841878364,145.35304107666016,143.17724853515625,0.022612980423347605,51.15639637229098,0.25801994084650914,0.2939219744140438,0
2022-12-05,144.1829071044922,148.4013049961633,143.33725898348703,145.3038811249747,68826400,-0.007983441843569916,144.8948196411133,143.10741638183595,0.022600977068819646,49.53165575728421,0.19145590925432998,0.27342876138210104,0
2022-12-06,140.52496337890625,144.84169760083205,139.5514801929375,144.615540296504,64727200,-0.02537016210205112,144.39332733154296,142.95774963378906,0.022968861645152047,44.71070904349297,-0.1546790099515647,0.1878072071153679,0
2022-12-07,138.58787536621094,140.97731424983792,137.66356048798676,139.8170142991394,69721100,-0.013784654100725269,143.48474884033203,142.7499038696289,0.022252275919397657,42.359468794082105,-0.5786301526788407,0.034519735156526205,1
2022-12-08,140.26931762695312,141.12480845757423,138.7451974772698,139.9841640195035,62128300,0.012132679401420043,142.65679626464845,142.6133837890625,0.022707183974495556,45.0602500878907,-0.770059384412491,-0.12639608875727723,0
2022-12-09,139.78750610351562,143.14060047218985,138.54852454565471,139.96449489513216,76097000,-0.0034349031676256248,142.071728515625,142.6117315673828,0.022160345562772823,44.41800557253568,-0.9496990534875636,-0.29105668170333454,1
2022-12-12,142.07861328125,142.0884409898644,138.7058487137347,140.31847817047847,70462700,0.016389928124461717,142.09827880859376,142.73993286132813,0.021465949012666758,48.19893362423432,-0.8968532181745843,-0.4122159889975845,1
2022-12-13,143.04226684570312,147.4671667934874,141.83279839446703,147.00500937638787,93886200,0.006782537795083421,142.52110748291017,142.8039645385742,0.02012720677138878,49.74733515943399,-0.7683565874382339,-0.4834441086857144,0
2022-12-14,140.81997680664062,144.21239680146076,138.80418622868987,142.9242617747897,82291200,-0.015535897801868925,142.04715270996093,142.75188720703125,0.013009031494686638,46.30954106672723,-0.8362030868441934,-0.5539959043174102,0
2022-12-15,134.221923828125,139.43347405451232,133.75976655307488,138.754987203731,98931900,-0.0468545239683954,140.88585968017577,142.5619595336914,0.018745451288654322,37.92885593010426,-1.406170204757899,-0.724430764405508,0
2022-12-16,132.26515197753906,135.35274779526193,131.49817062820333,134.4087776749108,160156900,-0.014578630634825673,139.5780502319336,142.35194030761718,0.018766132380508664,35.8564022361562,-1.9927966675032849,-0.9781039450250634,0
2022-12-19,130.1608428955078,132.94361419802092,129.12837858181032,132.8551198289837,79592600,-0.015909777069538333,138.17584381103515,142.20467864990235,0.018875004399434462,33.722433648518916,-2.5975594734344725,-1.301995050706945,0
2022-12-20,130.09205627441406,131.0261987808424,127.72227301817315,129.19723960857664,77432800,-0.0005284739985048637,137.13255310058594,142.04956237792967,0.01825425654639452,33.65193019010745,-3.047261921092513,-1.6510484247840589,1
2022-12-21,133.18951416015625,134.5268181441457,130.53457661956926,130.76073402008618,85928000,0.023809738845302464,136.59271697998048,141.9846676635742,0.020550341735570795,39.75947136286484,-3.1177756094708684,-1.944393861721421,0
2022-12-22,130.0232391357422,132.31435609146064,128.12545567267372,132.10786913644063,77852100,-0.023772704963896163,135.56810913085937,141.86901336669922,0.020599207199780017,36.101110210709045,-3.3900715141710407,-2.233529392211345,0
2022-12-23,129.65939331054688,130.21004508793624,127.47644161865645,128.73507853958517,63814900,-0.0027983138061609125,134.5552978515625,141.65478515625,0.020613674724120255,35.694664334277746,-3.593800206026657,-2.5055835549744074,0
2022-12-27,127.85992431640625,129.21689825725943,126.57178934548489,129.18740012847,69007800,-0.013878431390086154,133.13342895507813,141.49507904052734,0.018899681009772785,33.67534118688992,-3.856009098539886,-2.775668663687503,0
2022-12-28,123.93653106689453,128.84325132058044,123.76936998157427,127.50594763388183,85438400,-0.0306850897221147,131.22285537719728,141.17778091430665,0.018844852199033205,29.72667025263752,-4.3304775316831865,-3.08663043728664,1
2022-12-29,127.44692993164062,128.3024056373649,125.59830808842075,125.85396352811901,75703700,0.028324165881739694,129.88555068969725,140.90438217163086,0.023092046818985534,36.860450479714245,-4.372830069503067,-3.3438703637299256,1
2022-12-30,127.7615737915039,127.78124421000797,125.30330412522042,126.26695207612292,77034200,0.002468822591741082,129.23951568603516,140.63511657714844,0.01921302712583265,37.47314396809939,-4.331079640860025,-3.541312219155946,0
2023-01-03,122.98271942138672,128.7154174535332,122.09773792777466,128.10576937065363,112117500,-0.03740447325669194,128.31127243041993,140.27950149536133,0.021704203737438508,32.3401267423547,-4.630231310156319,-3.7590960373560205,1
2023-01-04,124.25119018554688,126.51280869797894,122.99255318811515,124.77234386397704,89113600,0.010314219510904499,127.72030715942383,139.87307723999024,0.022093852286902235,34.88956521212651,-4.710654678872487,-3.949407765659314,0
2023-01-05,122.93354797363281,125.63765344479737,122.67789249421179,125.0083349534918,80962700,-0.010604664711431733,127.0044563293457,139.397498626709,0.02212664957813339,33.47839405122032,-4.825092825923903,-4.124544777712232,1
2023-01-06,127.45675659179688,128.11557310740474,122.80570014344461,123.90701107409377,87754700,0.03679393210984383,126.43118057250976,138.95564346313478,0.02430625551367884,42.1312944649215,-4.498939771299561,-4.199423776429698,1
2023-01-09,127.97793579101562,131.18353963295718,127.72228030225448,128.29260255023266,70790800,0.004089066858086854,126.22665023803711,138.58291610717774,0.023383079548857787,43.05050292396719,-4.150561233735374,-4.1896512678908335,1
2023-01-10,128.5482635498047,129.06941726347972,125.98182082594903,128.08610610497774,63896200,0.004456453804040139,126.11553726196288,138.3109278869629,0.023445200426137142,44.096975066996215,-3.7848190114812894,-4.108684816608925,1
2023-01-11,131.26219177246094,131.28184718963053,128.28276062052532,129.05956971451124,69458900,0.021112134444389197,126.45576400756836,137.878426361084,0.023852893208940254,48.90811750026564,-3.2386412980904993,-3.93467611290524,0
2023-01-12,131.18353271484375,132.0193381171801,129.24640871746402,131.6456901154858,71379600,-0.0005992514413711847,127.18046417236329,137.49147323608398,0.020857267032090277,48.77708957801559,-2.7800914896530173,-3.7037591882547956,1
2023-01-13,132.510986328125,132.6683196907436,129.46273119909978,129.82655147153693,57809700,0.010119056758189027,127.68686981201172,137.18388381958007,0.019427541571044177,51.15532806379918,-2.283253129394353,-3.4196579764827075,1
2023-01-17,133.6713104248047,134.99877137842552,131.89151977321038,132.5798345273993,63646600,0.008756436947850332,128.2778434753418,137.00984176635743,0.019471497387493705,53.20071289209332,-1.7754108607455237,-3.090808553335271,0
2023-01-18,132.95352172851562,136.296774002363,132.77651790001315,134.5366534532576,69672800,-0.0053698036924149095,129.2749237060547,136.9421907043457,0.013490878847153083,51.75684449627608,-1.4145556361719684,-2.7555579699026107,1
2023-01-19,133.01246643066406,133.97610688822573,131.53750011629828,131.84232408727254,58280400,0.0004433481819969831,130.15105133056642,136.8810285949707,0.013655269698641942,51.872359282071926,-1.1110118727458484,-2.426648750471258,1
2023-01-20,135.56910705566406,135.71661273457056,131.98002726434026,133.02233471040634,80223600,0.01922106020289993,131.41460723876952,136.8603791809082,0.012620362588692704,56.71366269344999,-0.6565830410274316,-2.072635608582493,1
2023-01-23,138.75502014160156,140.92814412125819,135.59858513124948,135.81491475833332,81760300,0.0235002881934554,132.54443359375,136.89204208374022,0.009874398833864888,61.86207908382443,-0.03891971540656414,-1.6658924299473072,1
2023-01-24,140.15133666992188,140.77082749424633,137.95855701188813,137.96838472187488,66435100,0.010063178448573185,133.76177368164062,137.04268600463868,0.009752955055650039,63.8892659335736,0.556835145563042,-1.2213469148452376,0
2023-01-25,139.4925079345703,140.0529874380773,136.49340619294276,138.53869500355867,65799300,-0.004700838044115141,134.8561981201172,136.94415817260742,0.010634762371979564,62.20905537025632,0.9646928139235627,-0.7841389690914776,1
2023-01-26,141.55746459960938,141.8426182007582,139.53183124401355,140.78064047196506,54105100,0.014803351775764417,135.88572540283204,136.83127426147462,0.00995251463615794,65.29019303698482,1.4379716576972044,-0.3397168437337413,1
2023-01-27,143.49459838867188,144.77290596887224,140.69217042868402,140.7708371263728,70555800,0.01368443405327735,137.11683197021483,136.7850584411621,0.009661990945298519,67.93159262218916,1.9469162203772896,0.11760976908846488,0
2023-01-30,140.6134796142578,143.12092578303154,140.46598895897412,142.54077586673455,64015300,-0.020078238531392123,137.9270812988281,136.6466081237793,0.013318467716844801,60.55102694161068,2.0936420442288863,0.5128162241165491,1
2023-01-31,141.8819580078125,141.93112656571586,139.90550801485074,140.31849689379183,65874500,0.009021029826119742,138.7481460571289,136.55810989379881,0.013324742283660857,62.483640985447856,2.285928165031777,0.8674386122995947,1
2023-02-01,143.00294494628906,144.16325999959267,138.96155019582764,141.56731895311415,77663600,0.007900842039513245,139.75308837890626,136.45407516479492,0.012706553200883423,64.15489126439084,2.4999526802397725,1.1939414258876302,1
2023-02-02,148.302978515625,148.65695608667727,145.69719525256042,146.41500811186492,118339000,0.03706240854918463,141.28213958740236,136.4448323059082,0.015461468260781326,70.78212375275687,3.061940916429677,1.5675413239960396,1
2023-02-03,151.9215545654297,154.75349514117664,145.36287177724367,145.5595309829737,154357300,0.024399887891823013,142.9173843383789,136.5724656677246,0.01584756395894166,74.27867153128916,3.756012513811527,2.0052355619591373,0
2023-02-06,149.19776916503906,150.54491539574025,148.26362674506663,150.0237617823619,69858300,-0.017928893685836722,143.96165924072267,136.60294784545897,0.017689171412313784,67.71019361572593,4.039715214705609,2.412131492508432,1
2023-02-07,152.0690460205078,152.63936822302708,148.12597415973434,148.12597415973434,83322600,0.019244770692868896,145.15343017578124,136.67335189819335,0.01807552007743307,70.6560160089353,4.44500049630156,2.8187052932670578,0
2023-02-08,149.38461303710938,152.0002240332312,148.64712974900903,151.31190929849808,64120100,-0.0176527245593191,146.14264068603515,136.74828048706055,0.01952014813511893,64.71189784077724,4.497733621425539,3.1545109588987543,0
2023-02-09,148.35211181640625,151.75437415824857,147.90962490884843,151.21355015828513,56007100,-0.006911697260591598,146.82210540771484,136.8790605163574,0.019767533757407637,62.532838184571716,4.405427754598492,3.404694318038702,1
2023-02-10,148.7165069580078,149.0414968354293,146.95369947058745,147.1900598433605,57450700,0.002456285503050548,147.34429626464845,137.0771110534668,0.01952894451742749,63.00629406062394,4.311972596675474,3.586149973766057,1
2023-02-13,151.51341247558594,151.91717418893083,148.62790397291747,148.65744714640496,62199000,0.018806960806091677,148.43428955078124,137.19618881225585,0.018074020626252917,66.50493549022347,4.412728424814077,3.751465663975661,0
2023-02-14,150.87326049804688,151.43461079325414,148.56880303013764,149.8096612758476,61707600,-0.004225051545467706,149.3334197998047,137.29695693969725,0.018443171991200748,64.98995237571683,4.390314418169538,3.879235414814437,1
2023-02-15,152.97088623046875,153.13830250713502,150.55809926068437,150.78460186711027,65573800,0.013903230602277716,150.33021392822266,137.44950973510743,0.018597537089854645,67.59488823080387,4.490053480870074,4.001399028025564,0
2023-02-16,151.3755340576172,153.95573796607766,151.02100096105386,151.17855953849067,68167900,-0.010429122901517207,150.63746948242186,137.59336227416992,0.01591390882212546,63.71213541855253,4.3897633597285335,4.079071894366159,0
2023-02-17,150.23313903808594,150.67630162569367,148.55896091432058,150.03617955770974,59144100,-0.007546761282417158,150.4686279296875,137.7875257873535,0.014052397423635787,61.00961735127139,4.1700314585897615,4.097263807210879,0
2023-02-21,146.2249755859375,149.00215442484804,146.15604651567105,147.9188545173904,58867200,-0.02667962260398704,150.17134857177734,137.94026779174806,0.015427002346361877,52.5821247186035,3.630615574522295,4.003934160673163,1
2023-02-22,146.64840698242188,147.67260518894304,144.92498541296462,146.60900607426132,51011300,0.0028957528957529455,149.62928466796876,138.06784957885742,0.013707217051340929,53.31578075788458,3.200399758809823,3.8432272803004954,1
2023-02-23,147.13099670410156,148.05672295415894,145.0038129046831,147.81051980369892,48394200,0.0032907941627864368,149.40392303466797,138.21471939086913,0.012886451096249222,54.185802655568054,2.865361479182667,3.64765412007693,0
2023-02-24,144.48184204101562,144.9545478123535,143.50687229977612,144.87576101262292,55469600,-0.01800541505481479,149.01689605712892,138.26278396606446,0.01385089246770778,48.808444312130746,2.3588848313746666,3.389900262336478,1
2023-02-27,145.6734619140625,146.90447752822308,145.21059884097443,145.46665970602933,44998500,0.00824754070278666,148.71259155273438,138.31540786743165,0.014200286734497136,51.15648431017153,2.030248760071572,3.117969961883497,0
2023-02-28,145.1712188720703,146.81585399639758,144.60002580056587,144.81668575965537,50547000,-0.0034477319025236763,148.0783721923828,138.40243270874024,0.012182054963281345,50.113158823775414,1.7095686466117002,2.836289698829138,0
2023-03-01,143.10308837890625,144.9939263960711,142.80764165155819,144.60000744430354,55479000,-0.014246146786068947,147.30135498046874,138.58005599975587,0.012589729554196778,45.95675992605128,1.2738622090147942,2.523804200866269,1
2023-03-02,143.6939697265625,144.48182259076125,141.71448733904464,142.18720807379,52238100,0.004129060765563075,146.37366333007813,138.80863235473632,0.011249799767201415,47.30159775355691,0.9651156522033091,2.2120664911336774,1
2023-03-03,148.7362060546875,148.8149928448926,145.0924034132026,145.79161175732688,70732300,0.035090103904290126,146.10973052978517,139.18013961791993,0.01705192196497809,57.1098881620714,1.114451411335864,1.9925434751741147,1
2023-03-06,151.49371337890625,153.926201531547,151.1293375512549,151.4543124625378,87558000,0.018539583584677777,146.23578796386718,139.60817276000978,0.018013953906764697,61.34688841094932,1.438724155479008,1.8817796112350935,0
2023-03-07,149.29759216308594,151.69067950386318,148.83472905134718,151.36568955134143,56182000,-0.01449645115192022,146.54304962158204,139.93033432006837,0.01626212966801375,56.55510235112286,1.5011991240672558,1.8056635138015262,1
2023-03-08,150.5482635498047,151.1391569879468,149.5240652876753,150.48917721139935,47204800,0.008377036552287942,146.93303527832032,140.3408348083496,0.01638014449249914,58.54116770690526,1.6328077243339578,1.7710923559080127,0
2023-03-09,148.30288696289062,152.19289270805663,147.9483539187185,151.22778082054958,53833600,-0.014914662806265078,147.05022430419922,140.71370468139648,0.01729902839381633,53.787118271433485,1.5381940198963946,1.7245126887056892,0
2023-03-10,146.24464416503906,148.64758887079853,145.36816171354923,147.92868001277867,68572400,-0.013878642823498044,147.22650451660155,141.08139907836915,0.016840337608152702,49.79519786987513,1.2823468884440956,1.6360795286533707,1
2023-03-13,148.18472290039062,150.81417020284252,145.4567883472071,145.56511831219402,84457100,0.013265981441085595,147.47763061523438,141.56636291503906,0.01714114441901251,53.312514871622746,1.2220473325657224,1.553273089435841,1
2023-03-14,150.2725067138672,151.07020228030825,147.82033368029548,148.98240499263105,73695900,0.01408906243918251,147.98775939941407,142.0228744506836,0.01743442126364771,56.81853554429449,1.3274244823678032,1.5081033680222338,1
2023-03-15,150.6664581298828,150.92250395033966,147.64307677577528,148.8937927615987,77167900,0.0026215801188820276,148.7440963745117,142.48097213745118,0.01629520650239169,57.46758215517934,1.4262839066257413,1.4917394757429354,1
2023-03-16,153.48300170898438,154.08373780814682,149.33693534803646,149.84904194741503,76161100,0.018693899186729146,149.7229995727539,143.09097778320313,0.01682304103977131,61.879210322432236,1.7121654629199554,1.5358246731783396,0
2023-03-17,152.6459197998047,154.35949876084172,151.93685367986137,153.70951897971963,98944600,-0.005453906294892952,150.1139709472656,143.65887237548827,0.013854851673180403,59.8909369304727,1.849859117256699,1.5986315619940117,1
2023-03-20,155.0094757080078,155.42311016638172,151.80883520237765,152.71487589238697,73641400,0.015483911468468614,150.46554718017578,144.30039093017578,0.013495344260779212,63.46096041209949,2.1252035158414913,1.7039459527635077,1
2023-03-21,156.86090087890625,156.97907354545168,154.1625097854557,154.93067719913012,73938300,0.011943948345364275,151.2218780517578,144.88847381591796,0.012364502748445886,66.01288493265855,2.46440237718798,1.8560372376484024,0
2023-03-22,155.4329376220703,159.6774765177441,155.41323716716616,156.88061300312046,75701800,-0.009103372789745046,151.71034545898436,145.43757385253906,0.013054034981098337,62.39341474317676,2.5881605144247715,2.002461893003676,1
2023-03-23,156.5162353515625,159.0964541870748,155.28521978995877,156.41776312286146,67622100,0.0069695506374987115,152.53168029785155,145.9969332885742,0.011394804331364205,64.00578394451952,2.742044224134787,2.1503783592298986,1
2023-03-24,157.81619262695312,157.90482213956633,155.45264879499626,156.44730394409444,59196500,0.008305574641957802,153.68883514404297,146.52801330566408,0.009148966541828625,65.89542437557188,2.935060312410144,2.307314749865948,0
2023-03-27,155.87611389160156,158.32830230982592,155.47233717929535,157.5109061704178,52390300,-0.012293280575698118,154.45797424316407,147.0218649291992,0.010831109623619212,60.76803165316013,2.898071646986324,2.4254661292900233,0
2023-03-28,155.25567626953125,156.0829301456233,153.6110412861723,155.57082346557496,45992200,-0.003980325186332068,154.95629119873047,147.47675872802733,0.010675745376298161,59.182062015973926,2.786571866366728,2.4976872767053644,1
2023-03-29,158.32830810546875,158.60405440029712,156.92987617396892,156.94956160428092,51305700,0.019790785817088263,155.72247619628905,147.96989868164061,0.011865483726487252,64.16942080767876,2.9125689155701764,2.580663604478327,1
2023-03-30,159.89414978027344,160.00247975071784,158.82070781762587,159.07675364456477,49501700,0.009889840253719084,156.36359100341798,148.5087112426758,0.011037169955538932,66.42110732048073,3.10300333084993,2.6851315497526476,1
2023-03-31,162.3955841064453,162.49407137264149,159.4510041879724,159.97295363930863,68749800,0.015644314251705538,157.33855743408202,149.0963735961914,0.011012721695712257,69.69724506005167,3.4163868408537326,2.831382607972865,1
2023-04-03,163.6462860107422,163.76445869825218,161.7259047034759,161.77514833228696,56976200,0.007701575822881335,158.20223846435547,149.65791717529297,0.010554308086743033,71.20972950445604,3.7227531405914647,3.009656714496585,0
2023-04-04,163.11451721191406,164.30613205347163,162.60241044774043,164.06978664465908,46278300,-0.003249501175927816,158.82760009765624,150.14510711669922,0.01061490949696688,69.6186634558197,3.8779388770539356,3.1833131470080556,0
2023-04-05,161.2728729248047,162.54328933366952,159.34264903941414,162.2379998945446,51511700,-0.011290498961025963,159.41159362792968,150.56753784179688,0.010931947412716818,64.2634078286116,3.808418312894105,3.3083341801852653,1
2023-04-06,162.1592254638672,162.45467221127325,159.53962067833683,159.96308282888376,45390100,0.005495980340573192,159.97589263916015,151.02087219238283,0.010893573753523808,65.63357727534871,3.7812560413790663,3.4029185524240257,0
2023-04-10,159.56918334960938,159.56918334960938,157.64880179736934,158.96844706639095,47716900,-0.015972215622323205,160.15119171142578,151.3811065673828,0.012338232632819158,58.567144828401354,3.510270776332419,3.424388997205704,0
2023-04-11,158.3578338623047,159.8941387722609,158.0722298566841,159.88429605818737,47644200,-0.007591374862467526,160.39936370849608,151.67837127685547,0.011847851872601655,55.55454762273781,3.1613254297863307,3.3717762837218297,0
2023-04-12,157.66845703125,159.59868074602483,157.35330987869057,158.77144201112134,50133100,-0.004353285304812382,160.64064178466796,152.0194708251953,0.011868093207263274,53.856700184082634,2.7969156768266146,3.256804162342787,1
2023-04-13,163.04554748535156,163.28190788405584,158.96842452673738,159.1752417539843,68445600,0.03410378052368346,161.11236572265625,152.4427426147461,0.014804585475769183,63.28266030624953,2.9084774658397805,3.187138823042186,0
2023-04-14,162.70086669921875,163.794009087704,161.33197803499354,162.09027277975596,49386500,-0.0021140153254647354,161.39303741455078,152.83670104980467,0.0146733497187913,62.402676695092204,2.935242480379742,3.1367595545096973,1
2023-04-17,162.72055053710938,162.8781241294329,161.53877864877254,162.5826774005875,41516200,0.00012098176420294315,161.4255340576172,153.12505249023437,0.01384832485480653,62.434802418925,2.9243323850461707,3.0942741206169924,1
2023-04-18,163.9417266845703,164.8674527745674,163.13417327770642,163.5773508935462,49923000,0.007504744443342037,161.455078125,153.36545593261718,0.013836747395465197,64.46352895191656,2.979874625422241,3.0713942215780423,1
2023-04-19,165.08409118652344,165.60604050503213,163.0258220523767,163.28188286850465,47720200,0.006968113152492794,161.65203552246095,153.68318237304686,0.013925320095556942,66.29717379916863,3.0805607327054645,3.073227523803527,0
2023-04-20,164.1189727783203,165.3204450523275,163.04553091898333,163.56748026442403,52456400,-0.005846222984095206,161.9366455078125,153.9241809082031,0.013478187428735298,63.32432986716701,3.0473502516296094,3.068052069368744,0
2023-04-21,162.5137481689453,163.9220227028112,161.991798793606,162.5432913390932,58337300,-0.00978085947164209,161.97209777832032,154.18676361083985,0.013876593645430256,58.6163383277904,2.858550900162726,3.0261518355275405,1
2023-04-24,162.81906127929688,163.08496487632468,161.400928797878,162.49407133338445,41949600,0.0018786909648662586,162.29708557128907,154.47610260009765,0.012643570582107442,59.23709940597206,2.7024105635125864,2.96140358112455,0
2023-04-25,161.2827606201172,163.78417796430023,161.2433597017252,162.68119268208375,48714100,-0.009435631474034478,162.5895782470703,154.72742767333983,0.012812781996506508,54.78397762733883,2.426727790606975,2.8544684230210353,0
2023-04-26,161.2728729248047,162.76979197769046,160.32746143764658,160.58350725145092,45498800,-6.130658524494681e-05,162.95001983642578,154.9226168823242,0.012650725671579264,54.75544763450698,2.1822932345379797,2.7200333853244243,1
2023-04-27,165.85226440429688,165.9999802574992,162.6811671878293,162.6811671878293,64902300,0.02839529919968231,163.2306915283203,155.22219696044922,0.011090433596828132,64.08432721807233,2.3312228230526557,2.642271272870071,1
2023-04-28,167.1029510498047,167.2703823718156,165.33030085507355,165.93103698503495,55275900,0.0075409681622375935,163.6708999633789,155.50483825683594,0.011135586859361007,66.13786613627016,2.5211087820940747,2.6180387747148717,0
2023-05-01,167.01434326171875,167.86128258741087,166.07877442017465,166.70905380019818,52472900,-0.0005302586670627996,164.10027923583985,155.81761444091796,0.011154418997711812,65.85059848448375,2.6340808206741713,2.621247183906732,0
2023-05-02,165.98028564453125,167.76280882251325,164.9954731830596,167.50674796522142,48425700,-0.006191430011295962,164.30413513183595,156.13255737304686,0.011333329307121033,62.442036988026224,2.610084735333942,2.619014694192174,0
2023-05-03,164.90682983398438,168.32412999077732,164.62124085601573,166.9256982160475,65136000,-0.006467369340753093,164.28640899658203,156.50619445800783,0.011382170100908712,59.02632481698124,2.475908025632492,2.5903933604802374,0
2023-05-04,163.2720489501953,164.50306450874902,161.81453073644045,162.3857237588548,81235400,-0.009913360686363504,164.20171661376952,156.8386672973633,0.011681044555500671,54.16676259057859,2.2121584757278754,2.514746383529765,1
2023-05-05,170.9338836669922,171.65279246173276,168.16654839153733,168.38320830672657,113453200,0.04692679957200796,165.04373016357422,157.3147250366211,0.018453189069798388,67.62129897811784,2.591507797504619,2.530098666324736,0
2023-05-08,170.8649444580078,171.20963479482143,169.49605587870553,169.86043164324718,55962800,-0.00040330920649223057,165.84831848144532,157.84238708496093,0.018513034151263052,67.4294955724878,2.8536865281228927,2.594816238684367,0
2023-05-09,169.16122436523438,170.90433143409618,168.99380806621033,170.42178299192224,45326900,-0.009971150596032041,166.63616485595702,158.31214233398438,0.018560101070796527,62.69653408024529,2.8906672751595863,2.653986445979411,1
2023-05-10,170.92404174804688,171.38690478906514,169.28924951921832,170.39224965147537,53724500,0.010420930620639313,167.60128173828124,158.82719879150392,0.018542723791051756,65.4024954815338,3.027322326593236,2.728653622102176,1
2023-05-11,171.1111602783203,171.93839911576495,169.5551548305296,171.20964753246403,49514700,0.0010947466977715425,168.1271713256836,159.38736022949217,0.016804167360200815,65.68702344991783,3.114815684671669,2.8058860346160746,0
2023-05-12,170.1841583251953,171.653548851867,168.6358569767775,171.21962961924467,45533100,-0.005417542325218183,168.43529205322267,159.91716400146484,0.01693569198579362,62.92606849147632,3.0739192631485253,2.859492680322565,0
2023-05-15,169.6910858154297,170.815324358024,169.09937498339835,170.76601261404946,37266700,-0.0028972879415922748,168.70296630859374,160.3362615966797,0.016990735880775435,61.446644241244435,2.9675140687186286,2.881096958001778,0
2023-05-16,169.6910858154297,170.74628490689332,169.42481443623242,169.61219003463674,42110300,0.0,169.07404632568358,160.70020904541016,0.016782013323859406,61.44664424124443,2.8503303515018388,2.8749436367017904,1
2023-05-17,170.302490234375,170.53916250241704,168.06386972955488,169.3360433616003,57951600,0.003603043825238572,169.61361236572264,161.12030700683593,0.016494657107949104,62.70751509918978,2.774810351757793,2.854916979712991,1
2023-05-18,172.6298828125,172.8172584115987,170.1940301198803,170.60822168470452,65496700,0.013666227516238694,170.5493957519531,161.56193939208984,0.016068744519970618,67.11626368617121,2.8696814368029777,2.8578698711309882,1
2023-05-19,172.73837280273438,173.95136353170963,172.52141315393132,173.95136353170963,55809500,0.0006284542888337352,170.72984466552734,162.05064910888672,0.006958342750809139,67.31026741940316,2.9199621842866748,2.870288333762126,0
2023-05-22,171.7915802001953,172.29453878279668,171.0519493884426,171.57462062492166,43570900,-0.005481078622989521,170.8225082397461,162.56158782958985,0.007256865786196974,63.774174680712115,2.85055239496981,2.8663411460036627,0
2023-05-23,169.1881103515625,170.9829553293692,168.9119826700276,170.7364116817252,50747300,-0.015154816351295453,170.8251968383789,162.98165557861327,0.008214960851780709,55.1885193008283,2.556002373876538,2.804273391578238,1
2023-05-24,169.4642333984375,170.03621645106807,168.16249079935005,168.7246024757336,45143500,0.0016320475847932947,170.67921600341796,163.36549011230468,0.007412653281419133,55.86713748158074,2.3181282428689656,2.7070443618363838,1
2023-05-25,170.5983428955078,171.4957503105663,169.3163129553576,170.02635984381527,56058300,0.006692323650406173,170.62793426513673,163.7641278076172,0.007776771765112586,58.63775940415321,2.1958124791065927,2.6047979852904257,1
2023-05-26,173.00460815429688,173.33991896491864,170.71669083708804,170.92379413047703,54835000,0.014104857163020013,170.90997924804688,164.15455993652344,0.008733348021529145,63.826676983477505,2.266910320402957,2.537220452312932,1
2023-05-30,174.8487548828125,176.51539231960112,174.12885165758402,174.51345913931758,55964400,0.010659523744424693,171.42574615478514,164.5986166381836,0.008992347148945324,67.22065937071767,2.4438914414095336,2.5185546501322524,0
2023-05-31,174.79945373535156,176.87042648421155,174.3162227478627,174.87834951174753,99625300,-0.00028196453268414245,171.93658294677735,164.99441619873048,0.009003356635791961,67.03956763942368,2.5507683940656136,2.524997398918925,1
2023-06-01,177.60018920898438,177.62977324467488,174.4838737017158,175.24323239604442,68901800,0.016022564223073354,172.66635284423828,165.40920196533204,0.009906072792923007,71.70327945690947,2.8288558062190816,2.5857690803789564,1
2023-06-02,178.44830322265625,179.26683000310032,176.7816656255451,178.52719900186148,61996900,0.004775411656087192,173.2481948852539,165.86950927734375,0.009350326603457405,72.95138323458866,3.0821487050798737,2.68504500531914,0
2023-06-05,177.0972442626953,182.3929972823034,175.57852688511534,180.10507993454968,121946500,-0.007571150498837609,173.68408203125,166.2811294555664,0.009956340443937032,67.81953125010494,3.137696572565602,2.7755753187684324,0
2023-06-06,176.73236083984375,177.62976831057978,174.97695616659206,177.4818481362361,64848400,-0.002060356299561139,174.17816009521485,166.65945281982422,0.009705756815257415,66.45976607677947,3.1163522461509956,2.843730704244945,0
2023-06-07,175.36155700683594,178.7046879636189,174.86846975629078,175.97298038220674,61944600,-0.00775638273881285,174.79550476074218,167.0491616821289,0.008367878446353751,61.47320814572349,2.954763624860874,2.865937288368131,1
2023-06-08,178.0735626220703,178.33981894141047,175.0065588784877,175.44046308150416,50214900,0.015465223173906084,175.65643768310548,167.5055194091797,0.009112674358735688,66.78326277376134,3.010832661534181,2.8949163630013413,1
2023-06-09,178.4581756591797,179.71060666093933,178.13273621096323,178.99070336218668,48900000,0.0021598547894818854,176.44242095947266,167.9081167602539,0.009132122872305986,67.46806341710263,3.051131292525838,2.926159348906241,1
2023-06-12,181.24900817871094,181.34763164971682,178.46800386072707,178.76385922591572,54274900,0.015638580352077547,177.26686096191406,168.33521392822266,0.009321311953149789,71.98185072052662,3.2705640814132835,2.9950402954076494,0
2023-06-13,180.77566528320312,181.60404834381112,179.91769818813273,180.2727216495119,54929100,-0.002611561300468468,177.85955200195312,168.70281555175782,0.009324094927282658,70.20270391631585,3.3674534248439443,3.0695229212949084,1
2023-06-14,181.40682983398438,181.84074910193183,179.50351991974284,180.8348467124019,57462900,0.0034914243009005475,178.5202896118164,169.05802642822266,0.009235452399059142,71.22404304501599,3.455337650387918,3.1466858671135105,1
2023-06-15,183.43832397460938,183.94128262941163,181.23915892536104,181.41667817053525,65433200,0.011198553783692278,179.1041030883789,169.46450256347657,0.008629612860538689,74.27983965333063,3.6468722582526993,3.2467231453413485,0
2023-06-16,182.36341857910156,184.4048073735327,181.7224110612984,184.14839232814637,101256200,-0.005859764591267136,179.49561462402343,169.8863134765625,0.009068079285103923,70.04155795150038,3.6696277484395523,3.3313040659609894,1
2023-06-20,182.45217895507812,183.52712083284334,181.86048315364175,181.86048315364175,49799100,0.00048672248342418456,180.0311080932617,170.29217254638672,0.008438571475525713,70.19280036931968,3.652717604094761,3.395586773587744,0
2023-06-21,181.41668701171875,182.84663717983523,180.0656175699355,182.34367850052172,49515700,-0.005675415603637823,180.49954071044922,170.7291226196289,0.008751788845098791,66.00629169319967,3.515239158153861,3.4195172505009674,1
2023-06-22,184.41464233398438,184.46395407144706,181.1306792503188,181.19971869233248,51245300,0.01652524567418645,181.40484924316405,171.2502587890625,0.008909628632320395,71.3365784416091,3.606621550624112,3.4569381105255963,0
2023-06-23,184.0990753173828,184.96691381940127,182.45216546765664,182.98470820219737,53117000,-0.0017111820005596412,182.0074005126953,171.77887115478515,0.008321742234346008,70.09073414219341,3.611942904646895,3.4879390693498564,0
2023-06-26,182.70858764648438,185.45015206010262,182.66913223239737,184.2470177435845,48088700,-0.0075529313143005705,182.43244171142578,172.1721319580078,0.009015806620505728,64.72665838890698,3.4640282207509188,3.4831568996300692,1
2023-06-27,185.46002197265625,185.7854614474672,183.10306491069133,183.32002456056532,50730800,0.015059140687440076,182.85354309082032,172.62731506347657,0.00892259945399018,69.67257238781298,3.5281521813731445,3.4921559559786846,1
2023-06-28,186.633544921875,187.27455239917202,185.00636283468697,185.33178721386028,51216800,0.006327632967668695,183.4393310546875,173.1055749511719,0.008819148006556124,71.50761391135046,3.6317992555149203,3.520084615885932,1
2023-06-29,186.96884155273438,187.4422162021352,186.32783407243755,186.4658979165552,46347300,0.0017965507272539316,183.9955322265625,173.56611724853516,0.008829822789061016,72.02838886517193,3.698363512013458,3.5557403951114375,1
2023-06-30,191.28831481933594,191.7912585176698,188.6157746627016,188.9806695476879,85213200,0.02310263694597081,184.78053131103516,174.09020172119142,0.010661485312363871,77.68653924830438,4.0529417682923565,3.6551806697476215,0
2023-07-03,189.79916381835938,191.19952989799955,189.10882958307744,191.10090642215079,31458200,-0.007784850853974068,185.52410583496095,174.6038055419922,0.010879463812838316,72.2597135803592,4.16576520241253,3.7572975762806036,0
2023-07-05,188.68479919433594,190.31198136153697,187.98460856583768,188.92148652956726,46920300,-0.0058712831058092,186.14736785888672,175.1272265625,0.011289378537613734,68.40861903175156,4.117791339451628,3.8293963289148087,1
2023-07-06,189.1581573486328,189.36526064633148,186.5842409083175,187.21539208287066,45094300,0.002508724371640181,186.92151489257813,175.6540084838867,0.010844512131778093,69.16048886433201,4.071039346996571,3.8777249325311614,0
2023-07-07,188.0437469482422,190.00623962579556,187.6098428072387,188.76366516963594,46815000,-0.0058914213164843465,187.2844253540039,176.18922821044922,0.010327403216788959,65.22474851354116,3.899117846927993,3.8820035154105277,0
2023-07-10,186.0023956298828,187.36332142042107,184.4540942539423,186.6434031135775,59922200,-0.010855725603687527,187.4747573852539,176.68381866455078,0.011070485264113724,58.641629656894644,3.5571442833364415,3.817031668995711,0
2023-07-11,185.479736328125,186.68287064614393,184.02020200954667,186.54480679233018,46638100,-0.0028099600544814196,187.75187225341796,177.07636810302733,0.010756491624498396,57.053851354095805,3.2069854013699626,3.6950224154705618,1
2023-07-12,187.1463623046875,189.04967210294507,185.86433228601203,187.05759515232103,60750200,0.008985488170061506,187.9205062866211,177.477236328125,0.01005826701870475,60.70727570436089,3.029047775151952,3.56182748740684,1
2023-07-13,187.90570068359375,188.54672319895087,187.15621340871894,187.8662603208446,41342300,0.004057457326742009,188.04772186279297,177.8950634765625,0.00994844567250452,62.28165862752926,2.915692892812416,3.4326005684879553,1
2023-07-14,188.0536651611328,188.53688115718742,187.00832233558717,187.60001815586816,41616200,0.0007874400670164761,188.1562042236328,178.33653106689454,0.00994147032393244,62.59615904678297,2.805458252232569,3.3071721052368783,1
2023-07-17,191.30801391601562,191.63345333608896,189.15814548736353,189.24689758888442,50520200,0.01730542583200556,188.15817413330078,178.86455474853517,0.00855766223460492,68.76497497097634,2.946727215105284,3.23508312721056,0
2023-07-18,191.05160522460938,191.64331601668746,189.75971887799713,190.6768691009351,48288200,-0.0013402924747251133,188.28341827392578,179.42014587402343,0.008134874124390162,67.81596475622909,3.0033728349634146,3.1887410687611313,1
2023-07-19,192.4026641845703,195.48938034906212,189.9865244553515,190.4303150490968,80507300,0.007071696457993992,188.65520477294922,179.849521484375,0.008003968745715738,70.1533257217334,3.121303618439299,3.1752535786967653,0
2023-07-20,190.4599151611328,193.7537348839622,189.8386203157028,192.39280905028917,59581200,-0.010097308328193555,188.7853805541992,180.2414208984375,0.008858829515171925,63.06122675226184,3.023151989738068,3.1448332609050262,0
2023-07-21,189.28636169433594,192.2744696321092,188.5861710830146,191.41650251566858,71951700,-0.006161682188107753,188.9096420288086,180.64392364501953,0.008881627660526512,59.16989559808217,2.8181838902448817,3.0795033867729975,1
2023-07-24,190.0851593017578,192.21530010696893,189.59207198839397,190.73603816687742,45377800,0.0042200483979495385,189.3179183959961,181.02714599609374,0.00793201034218255,60.936835415497015,2.689202038638655,3.0014431171461293,1
2023-07-25,190.9431610107422,191.75183157414924,190.25284165651257,190.6571769382161,37283200,0.004513775363295558,189.8642608642578,181.4237860107422,0.007753955370850634,62.79905675800523,2.625946285092482,2.9263437507354,1
2023-07-26,191.8109893798828,192.93522799592873,190.6473103947794,190.9924625294884,47471900,0.004544956543857559,190.33072357177736,181.85632263183595,0.00749161808835365,64.6354367354769,2.6156900941248864,2.8642130194132975,0
2023-07-27,190.54867553710938,194.4736466049838,189.88794029801272,193.3099676892758,47460200,-0.00658102982970088,190.59502105712892,182.27347442626953,0.00798353319687544,59.99616041863027,2.4771487821868163,2.786800171968001,1
2023-07-28,193.1226043701172,193.91154718487954,191.45596662398776,191.97863804110338,48291400,0.013507985955570456,191.10191497802734,182.74210479736328,0.008838105060698674,65.442836125265,2.545703059715322,2.7385807495174657,1
2023-07-31,193.7340087890625,193.77346420221568,192.56045853696887,193.34940127389015,38824100,0.0031658873954163447,191.34451446533203,183.21073516845703,0.007225482651060574,66.60593297007168,2.619175817014309,2.7146997630168346,0
2023-08-01,192.90562438964844,194.01013518521242,192.5801849485631,193.52691923606866,35175100,-0.004275885295472293,191.52991638183593,183.61625,0.007401459384786988,63.488063789491136,2.580809839252396,2.687921778263947,0
2023-08-02,189.91751098632812,192.48155598125388,189.19760772385698,192.3434921357412,50389300,-0.015490027378800786,191.28140106201172,183.95983276367187,0.008671624517443343,53.71957487934958,2.282972065649858,2.606931835741129,0
2023-08-03,188.52700805664062,189.71041463976601,188.0536484329567,188.92148694956984,61235200,-0.007321615171060225,191.0881103515625,184.2945413208008,0.008397605056213285,49.87393628672564,1.9126832963206368,2.4680821278570306,0
2023-08-04,179.47390747070312,184.78938756590674,179.4048680308995,182.95510234495143,115956800,-0.04802017853705931,190.10686492919922,184.50025726318358,0.017142356905787706,33.20649181202184,0.8785893898902657,2.1501835802636777,0
2023-08-07,176.37733459472656,180.59816071157974,174.89807268327345,179.6119861039443,97576100,-0.017253610397277575,188.7360824584961,184.63851928710938,0.0171798249466616,29.566772197663326,-0.18863061681986437,1.6824207408469694,1
2023-08-08,177.314208984375,177.77771228390873,175.12490000933562,177.20572916857282,67823000,0.00531176180772408,187.37318725585936,184.7728366088867,0.01724264258638468,31.995437831063683,-0.9478855925117671,1.1563594741752221,0
2023-08-09,175.7264862060547,178.4285954688005,174.56279214243577,178.36942738973787,60378500,-0.00895428960495892,185.76473693847657,184.82727416992188,0.016738436795559985,30.101128473148364,-1.658597312563586,0.5933681168274605,0
2023-08-10,175.50950622558594,178.25107058876787,175.14462641506705,176.9986245515979,54686900,-0.0012347596833770513,184.2608200073242,184.84048919677736,0.016894425440481944,29.84110804682821,-2.2138302846921363,0.031928436523541104,1
2023-08-11,175.56874084472656,176.3883728930982,174.34424265962002,175.10462674008653,52036700,0.0003375009161297182,182.50543365478515,184.85587493896483,0.015480745161226824,30.018832215744567,-2.6188877686256262,-0.4982348045062924,1
2023-08-14,177.2178955078125,177.44501774834183,175.09474782272636,175.74650562753334,43675600,0.009393213479525153,180.85382232666015,184.8482290649414,0.016151906819776733,34.958785931873166,-2.7748391260068104,-0.953555668806396,0
2023-08-15,175.23297119140625,177.2376075606865,174.83797474088598,176.64511288490613,43622600,-0.011200473353543128,179.08655700683593,184.78392242431642,0.01608704808122924,32.02828027991987,-3.023742680522986,-1.367593071149714,0
2023-08-16,174.364013671875,176.30938743269644,174.29488099061055,174.91701484938284,46964900,-0.0049588699753432275,177.5312072753906,184.7292578125,0.015991642321055804,30.81062054853365,-3.2536125304281995,-1.744796963005411,0
2023-08-17,171.8260955810547,175.29223725703497,171.31258808782235,174.9268647491592,66062900,-0.01455528602132472,175.86111602783203,184.63113250732422,0.01610116770391368,27.519819386582327,-3.599086790101097,-2.1156549284245485,1
2023-08-18,172.30999755859375,172.9123770667114,169.8116075662743,170.14735612669347,61172200,0.0028162310032284754,175.14472503662108,184.57010131835938,0.008840456993251932,29.07529502377004,-3.7901404051397094,-2.450552023767581,1
2023-08-21,173.64312744140625,173.92951274494206,171.56937297444222,172.88275833759562,46311900,0.007736810990083054,174.87130432128907,184.4814926147461,0.008195648461458793,33.320843404207565,-3.7902872592602534,-2.7184990708661156,1
2023-08-22,175.01571655273438,175.46009132134986,174.04796471270419,174.84784230984178,42038900,0.007904655551607132,174.641455078125,184.4126434326172,0.008472523080281779,37.47105399018198,-3.6377138710235783,-2.902342030897608,1
2023-08-23,178.8571319580078,179.28176749229362,176.1019960768648,176.28962468028294,52722800,0.021948973960381313,174.95451965332032,184.36480590820312,0.010701601434741298,47.34814624007134,-3.170283191260495,-2.9559302629701856,0
2023-08-24,174.1763458251953,178.83737622633825,173.810958290209,178.41274073112407,54945800,-0.026170531091326277,174.82120361328126,184.23281951904298,0.013914890515074437,39.21881721141353,-3.141330034619074,-2.9930102172999633,1
2023-08-25,176.3784942626953,176.91174101480664,173.62335841851225,175.16386577811136,51449600,0.012643211838363477,174.9021789550781,184.1322528076172,0.014544256910022852,44.08298116640306,-2.9071773438359685,-2.9758436426071646,1
2023-08-28,177.9387664794922,178.33376298082638,176.31925671498092,177.8400098200833,43820700,0.00884615907012476,174.9742660522461,184.02226165771484,0.014508307674773445,47.30093938410262,-2.566127995086646,-2.8939005131030613,1
2023-08-29,181.81967163085938,182.5899254092932,177.25739693272806,177.45489519701718,53003900,0.021810340872597145,175.6329360961914,184.01138671875,0.015284724566057482,54.33964795411892,-1.9600925901729909,-2.7071389285170473,1
2023-08-30,185.30555725097656,185.50307057198083,182.43192527543482,182.62942352828824,60813900,0.019172213814105055,176.72709045410156,184.06845428466798,0.01564841762963118,59.56390040621438,-1.1848649432350271,-2.402684131460643,1
2023-08-31,185.52279663085938,186.75717945843076,185.1376697913831,185.49317264844964,60794500,0.0011723306257274135,178.09676055908204,184.15057647705078,0.014036207008845567,59.87203618429128,-0.5466604836407498,-2.0314794018966644,1
2023-09-01,187.09295654296875,187.54720101813678,185.92769123419916,187.12258052751662,45766500,0.008463433823895805,179.57505645751954,184.20414276123046,0.013927128405878227,62.1189425673443,0.08484192622265141,-1.6082151362728012,1
2023-09-05,187.3299560546875,187.60645663383806,185.26607135025952,185.92769881238064,45280000,0.001266747375731958,180.94373931884766,184.26876037597657,0.014108036163087891,62.4606175867219,0.5975478559539056,-1.16706253782746,0
2023-09-06,180.62478637695312,186.4905763861184,179.20277485131902,186.04618648324464,81755800,-0.03579336598881666,181.50464630126953,184.22708435058593,0.019699160423125393,48.995884694171586,0.4575455433491413,-0.8421409215921397,0
2023-09-07,175.3416290283203,175.98351721110967,171.3718491931888,172.99135904079122,112488800,-0.029249348633731742,181.1530960083008,184.02471649169922,0.020938382197067243,41.41945931330265,-0.07880552189709533,-0.6894738416531309,1
2023-09-08,175.95387268066406,177.98814840122637,175.56874581023814,176.12176201867752,65551300,0.003491718742072658,181.33084869384766,183.811123046875,0.019122066876294454,42.52856320720748,-0.4492855748586351,-0.6414361882942317,1
2023-09-11,177.11912536621094,178.0473836718388,175.1243584797436,177.82026144859472,58953100,0.006622489563851142,181.40491180419923,183.61412872314452,0.0188134105801761,44.67548856898139,-0.6414730308976004,-0.6414435568149055,0
2023-09-12,174.09735107421875,177.87950173703112,172.6358460753217,177.24749835360407,90370200,-0.017060688876734065,181.02077026367186,183.2703094482422,0.019325463598473622,40.45499153622449,-1.0257902344956449,-0.7183128923510534,0
2023-09-13,172.03346252441406,175.08485308011382,171.80632524830068,174.30471474035696,84267900,-0.011854795820097408,180.04214935302736,182.9149954223633,0.017567050323888226,37.82654092889504,-1.4798442215212901,-0.8706191581851008,1
2023-09-14,173.5443572998047,173.89986015970092,171.4113401404273,171.82609096561458,60895800,0.008782563306113822,178.86602935791015,182.61218658447265,0.01620852892975745,40.856039619592856,-1.6981929845840682,-1.0361339234648943,0
2023-09-15,172.82347106933594,174.29486087176767,171.6483512368518,174.27510652680778,109259500,-0.004153901870882493,177.59609680175782,182.28549285888673,0.01601785911778054,39.85811062502199,-1.9074179200742378,-1.2103907227867632,1
2023-09-18,175.7465057373047,177.13889330258442,173.96899129951683,174.27511585610648,67257600,0.016913412569963038,176.4614517211914,182.03954803466797,0.017107079432654326,45.65451605966522,-1.816427079266191,-1.3315979940826488,1
2023-09-19,176.832763671875,177.38576479928514,174.91699900323943,175.30212586469654,51826900,0.0061808223726165235,175.41173248291017,181.8561553955078,0.01741021055339232,47.67284742502489,-1.63778488067004,-1.3928353714001271,0
2023-09-20,173.29750061035156,177.45489404541186,173.20861358406935,177.0203888259045,58436200,-0.01999212695721564,174.67900390625,181.61251068115234,0.014903197366867798,42.182108990740026,-1.761174115957914,-1.4665031203116845,0
2023-09-21,171.7569580078125,174.0973581099587,171.6878404044714,172.36922214048295,63149100,-0.008889583503012388,174.3205368041992,181.30472259521486,0.012225549201862957,40.01907487827561,-1.9606685208337638,-1.5653362004161004,1
2023-09-22,172.6062469482422,174.86764517240317,171.87550181385268,172.48775099523908,56725400,0.00494471345021763,173.98577423095702,180.9987335205078,0.012306384218137201,41.791183298190425,-2.026874210080166,-1.6576438023489137,1
2023-09-25,173.88009643554688,174.75897636563758,171.97420160197885,172.02357992644104,46172700,0.007380089132501988,173.66187133789063,180.7152621459961,0.012366527304440258,44.44253232635895,-1.9540288598178108,-1.7169208138426932,0
2023-09-26,169.8115997314453,173.01111068359924,169.51534481079926,172.63586851438868,64588900,-0.023398288748992302,173.2332962036133,180.2853338623047,0.013359463692645672,38.4229138772426,-2.199240600425867,-1.813384771159328,0
2023-09-27,168.30068969726562,170.87808171574733,166.93794126401278,170.46333088230946,66921800,-0.00889756669490882,172.86001892089843,179.83031555175782,0.01315835025351453,36.44849588948166,-2.486823925846238,-1.94807260209671,1
2023-09-28,168.55746459960938,169.8807195182162,165.5258128129139,167.2243249736919,56294400,0.0015256913254819704,172.3613296508789,179.3534115600586,0.012682185148959602,37.040613448474204,-2.6633151552524623,-2.0911211127278606,1
2023-09-29,169.07098388671875,170.9077464641982,168.21184303928078,169.8708616906263,51861100,0.003046553223431392,171.9860809326172,178.9256329345703,0.012803045642805143,38.27913335778232,-2.730276088091898,-2.218952107800668,1
2023-10-02,171.5792236328125,172.12235512412923,168.79444856905252,169.0808338409062,52164500,0.01483542408302485,171.56935272216796,178.57149017333984,0.012472419831844434,44.066868010450726,-2.551536598883473,-2.2854690060172294,0
2023-10-03,170.24610900878906,171.46075281316274,168.6858620497557,170.10785870603348,49594600,-0.007769673948848088,170.9106872558594,178.17470916748047,0.012192189268309638,41.82212895001164,-2.4887665235125382,-2.326128509516291,1
2023-10-04,171.49034118652344,172.03347264460572,168.83394692911625,168.95244285882518,53020300,0.007308432392250097,170.72997131347657,177.78565277099608,0.011156652734008175,44.65576883681442,-2.3119706893313037,-2.3232969454792936,1
2023-10-05,172.7247314453125,173.2579782200924,170.52258153582127,171.61871413723316,48527900,0.007198016227902171,170.82674865722657,177.4039276123047,0.011050605435564192,47.39332732591168,-2.0486383121140364,-2.268365218806242,1
2023-10-06,175.2725067138672,175.76625988669193,171.0163417068709,171.6286058875163,57266700,0.014750494889965271,171.09337463378907,177.09840423583984,0.01188111252917836,52.604348747543085,-1.6157361340435727,-2.137839401853708,1
2023-10-09,176.75375366210938,176.81300162773064,173.60360623261292,174.60098214625398,42390800,0.008451108368412452,171.3807403564453,176.77102722167967,0.011943689747764677,55.37217473670975,-1.1399926637975852,-1.9382700542424838,0
2023-10-10,176.16123962402344,177.4746247468579,175.72673446240606,175.87486944103904,43698000,-0.003352200594385235,172.0157043457031,176.4195718383789,0.008426679612935346,54.01336887292878,-0.8015338834374006,-1.7109228200814672,1
2023-10-11,177.55364990234375,177.60302823490863,175.38113888285298,175.9736336691769,47551100,0.007904180745390343,172.94100036621094,176.1125323486328,0.007222675782181072,56.70232471457001,-0.4161498722529018,-1.4519682305157544,1
2023-10-12,178.45223999023438,180.06186474127756,176.80309148754606,177.82023666760716,56743100,0.005060949681320981,173.93047790527345,175.88322692871094,0.007097968345650396,58.393139767159305,-0.03778598329080296,-1.1691317810707642,0
2023-10-13,176.61550903320312,179.6570151987734,175.91437292525092,179.1533924067404,51427100,-0.010292563192996429,174.68493041992187,175.64499694824218,0.008727443400150308,53.770949317612725,0.1125637221247473,-0.912792680431662,0
2023-10-16,176.4871368408203,176.84263973108403,174.3047411678942,174.54174811745375,52517000,-0.0007268455249798134,175.17572174072265,175.58526153564452,0.008020636965734605,53.45248264871816,0.2188357811391768,-0.6864669881174943,0
2023-10-17,174.9367218017578,176.19085892709333,172.6160912129652,174.44296868905948,57549400,-0.008784861417185708,175.64478302001953,175.55644927978517,0.00817497195091765,49.62937289113377,0.175923678605443,-0.5139888547729069,0
2023-10-18,173.64312744140625,175.36139405816417,172.92225196490105,173.38638119353993,54764400,-0.007394641599706486,175.8600616455078,175.48302764892577,0.008576693540066004,46.63247351139573,0.037105544699329585,-0.4037699748784596,0
2023-10-19,173.26783752441406,175.6180919396984,173.00120664203897,173.84057783744473,59302900,-0.0021612713530446692,175.91437225341798,175.43385467529296,0.008367412864365856,45.76898195952338,-0.10201561392960912,-0.3434191026886895,0
2023-10-20,170.72010803222656,173.2283676109075,170.48310107616433,173.11974130623128,64244000,-0.014703995436132322,175.4591323852539,175.33806671142577,0.007904606873229192,40.31175021675499,-0.413088781873995,-0.3573530385257506,1
2023-10-23,170.83859252929688,171.8359684831129,167.80694090892598,168.77470794688867,55980100,0.0006940277770204339,174.86761627197265,175.2434637451172,0.007032080959416802,40.66607142394726,-0.6426477566297137,-0.4144119821465433,1
2023-10-24,171.27310180664062,171.50022404547477,169.30795876796012,170.88797493724758,43816600,0.002543390640901144,174.37880249023436,175.12456787109375,0.007277140817156023,42.02522821011837,-0.7805163243381514,-0.48763285058486494,0
2023-10-25,168.96237182617188,170.89787616980513,168.51798183705213,169.732625707354,57157000,-0.013491493737746718,173.5196746826172,174.99915588378906,0.006921417450986657,37.15133800326757,-1.0639699718469728,-0.6029002748372866,0
2023-10-26,164.80491638183594,169.23882483986895,163.60015755926395,168.24143389027685,70625300,-0.02460580660298206,172.15494232177736,174.8079739379883,0.008371341006860149,30.334722788595172,-1.605572893838314,-0.8034347986374921,1
2023-10-27,166.1183319091797,166.8490920877316,164.74569858206283,164.8247009041889,58499100,0.007969516663572707,171.105224609375,174.69381866455078,0.009679322943927857,34.428007263492304,-1.9068346522617787,-1.0241147693623496,1
2023-10-30,168.16244506835938,169.03145545417337,166.7601878982554,166.90832288755587,51131000,0.012305163046648193,170.27275543212892,174.6108676147461,0.011231001402501172,40.30655036725526,-1.958072477049143,-1.2109063108997082,1
2023-10-31,168.63644409179688,168.764809656098,165.8022909489589,167.23418704526227,44846000,0.0028186972617150197,169.64272766113282,174.51073394775392,0.011367893258833042,41.61368283800096,-1.9380899677958325,-1.356343042278933,1
2023-11-01,171.79649353027344,172.05323977559237,167.9945877763323,168.86359824995364,56934900,0.018738828700375132,169.45806427001952,174.4463494873047,0.01324775521691611,49.5458354126532,-1.6482639444534186,-1.4147272227138303,1
2023-11-02,175.3514862060547,175.55885407348563,173.2678474852133,173.32709544733643,77334800,0.02069304560721319,169.6664291381836,174.3762365722656,0.01489237507374669,56.676542578983124,-1.118819479727307,-1.355545674116526,0
2023-11-03,174.44297790527344,174.61086723243213,171.1842192438163,172.06309922812656,79829200,-0.005181069863951282,170.0387161254883,174.38156921386718,0.014035379384519648,54.554561419014334,-0.7637360800215731,-1.2371837552975353,1
2023-11-06,176.9907684326172,177.1882666996337,174.0085099439187,174.1763842242903,63841300,0.014605291413491317,170.6539337158203,174.3938146972656,0.01454437808052358,59.171184870689544,-0.2735907409766014,-1.0444651524333486,1
2023-11-07,179.54843139648438,180.1606805785339,176.7340319643902,176.94139988237026,70530000,0.014450826935874517,171.4814666748047,174.42600799560546,0.01492705855199881,63.21146038897332,0.3175741997343664,-0.7720572819998057,1
2023-11-08,180.6050262451172,181.15802736111343,179.32126504404005,180.07177947416378,49340300,0.005884734499849831,172.6457321166992,174.40171508789064,0.013471094897507732,64.76276090219264,0.8614053041739567,-0.44536476476505327,0
2023-11-09,180.1310272216797,181.81965455110011,179.53851741631973,180.67415869856794,53763500,-0.002624506268137816,174.1783432006836,174.29822448730468,0.008748477021955258,63.46974524277055,1.2398553322308032,-0.10832074536588196,1
2023-11-10,184.31365966796875,184.48177017271385,181.47578777634308,181.91086536697577,66133400,0.023219944452665953,175.9978759765625,174.27404174804687,0.00981917308151663,69.29533312463437,1.8558896481361842,0.2845213333345313,0
2023-11-13,182.73158264160156,183.9478113332898,182.14818998578377,183.7401702602705,43627500,-0.008583612463759938,177.4547897338867,174.18681427001954,0.011472987559830245,65.06845105490554,2.1911823021052896,0.665853527088683,1
2023-11-14,185.342041015625,186.00454008995078,184.21480130754796,185.59912547957174,60108400,0.01428575365181084,179.12534942626954,174.1470559692383,0.011425876776503724,68.48442969520502,2.63714693203616,1.0601122080781784,1
2023-11-15,185.90565490722656,187.3789832148446,185.67823345303117,185.7474572062222,53790500,0.003040939273750931,180.53626556396483,174.25267333984374,0.011096611465205394,69.1850904613659,3.0014571157048238,1.4483811896035075,1
2023-11-16,187.58665466308594,188.82266388785246,186.5385061665612,187.4482222334322,54412900,0.009042219596269163,181.75978240966796,174.49757385253906,0.010187822354329612,71.23889381896291,3.3867775294088744,1.8360604575645811,0
2023-11-17,187.5668487548828,188.24912816814668,186.4593894684262,188.12057839811112,50922700,-0.00010558271449900847,183.0721694946289,174.72983337402343,0.009635281560405629,71.1786989044007,3.648491028614842,2.1985465717746333,1
2023-11-20,189.3071746826172,189.76203272766995,187.75475490242272,187.7646375447921,46505100,0.009278430273191196,184.3038101196289,174.97359436035157,0.009330281315336761,73.31257782380982,3.9507883908477197,2.5489949355892505,0
2023-11-21,188.5062255859375,189.37638084971888,187.61630503925363,189.2676114417462,38134500,-0.004230949503221559,185.19958953857423,175.26177185058594,0.009494553857347435,70.71754777019011,4.078714448806778,2.854938838232756,1
2023-11-22,189.16871643066406,190.77057938008178,188.6940931656517,189.3467095850447,39617700,0.0035144242195042086,186.05595855712892,175.60447692871094,0.009497400605213927,71.61260157494357,4.185308613467299,3.121012793279665,0
2023-11-24,187.8437042236328,188.76328767363577,187.13176183550132,188.733624664797,24048300,-0.007004393918996099,186.8272262573242,175.8904638671875,0.009961531209460535,67.18910937611363,4.115427756005488,3.3198957858248295,0
2023-11-27,187.6657257080078,188.53588093642713,186.78568783853885,187.79427548166112,40552600,-0.0009474819311118265,187.1624328613281,176.18730895996094,0.007465703123103096,66.59407264613955,3.9995806185025913,3.455832752360382,1
2023-11-28,188.26889038085938,188.9412871423915,187.28008315178343,187.6558347269926,38415400,0.00321403746249338,187.7161636352539,176.43775665283204,0.006508187000964677,67.64001138935151,3.911353625774751,3.546936927043256,0
2023-11-29,187.2504425048828,189.93999969621768,186.85492560121705,188.76331653900834,43014200,-0.005409538845829953,187.9070037841797,176.6461102294922,0.005638305452464147,63.9964491805577,3.716412377824355,3.5808320171994756,1
2023-11-30,187.82394409179688,188.18981305356235,186.08364867108205,187.71517468500207,48794400,0.0030627515707959407,188.0988327026367,176.9366390991211,0.005639170035329628,65.13535614992466,3.567077767385399,3.57808116723666,1
2023-12-01,189.09950256347656,189.4159130354433,187.11199034893104,188.1996843513192,45704800,0.006791245268794155,188.25011749267577,177.2834899902344,0.005320223766435546,67.59096634849872,3.511181209740897,3.5647011757375076,0
2023-12-04,187.30975341796875,187.92282418358675,185.35191925319242,187.85360043262926,43389500,-0.00946458938942496,188.2244079589844,177.5775601196289,0.006243491169402672,61.08941986723029,3.2846021377596344,3.508681368141933,1
2023-12-05,191.255126953125,192.2241539878595,188.05138552105933,188.0810636242485,66628400,0.021063364096969517,188.41920318603516,177.92506072998046,0.008802381741794043,68.32299200805446,3.3843822108037784,3.483821536674302,0
2023-12-06,190.1674346923828,192.58011192579394,189.95977851245675,192.27358406476233,41089700,-0.005687127336506781,188.5853240966797,178.33217742919922,0.008910989547751574,64.74925584121164,3.3372215496731314,3.4545015392740686,1
2023-12-07,192.09561157226562,192.817436726138,191.42321471638212,191.4627754603769,47477700,0.010139364202929046,188.87801361083984,178.80807586669923,0.009360777817484576,67.94971990999126,3.416055978810192,3.4468124271812934,1
2023-12-08,193.51950073242188,193.79636559429088,191.50232520965804,192.0263919187675,53406400,0.007412398172462087,189.44559326171876,179.30731658935548,0.008995556166445656,70.10802702896734,3.5524780317498426,3.4679455480950034,0
2023-12-11,191.01779174804688,191.3243346926335,189.27749628821252,190.9485830810774,60943700,-0.012927425788650138,189.78079986572266,179.74625274658203,0.010287244345773314,62.18465689309421,3.419310797758129,3.4582185980276288,1
2023-12-12,192.5306854248047,192.54056806660662,189.57414602172835,190.9189246189266,52696900,0.007920171534352871,190.20697937011718,180.16528198242187,0.010464255267347088,64.77717993964043,3.396697665024419,3.4459144114269873,1
2023-12-13,195.74427795410156,195.78382360297798,192.6690869899489,192.90639105920806,70404200,0.01669132648754834,191.05636291503907,180.67524536132814,0.010978633361125197,69.5522226503812,3.596626977441616,3.4760569246299133,1
2023-12-14,195.8926239013672,197.3857175620074,193.964452594447,195.8036348613561,66831600,0.0007578558556915471,191.86323089599608,181.163291015625,0.011036207588009378,69.75604941764293,3.724113414844453,3.525668222672821,0
2023-12-15,195.35867309570312,196.1793699091571,194.79504567055722,195.3191123528845,128538400,-0.0027257320619326064,192.48914794921876,181.6159698486328,0.01120367351091329,67.99175081822591,3.7389615460917582,3.568326887356609,0
2023-12-18,193.69747924804688,194.42920214917604,192.21426816132805,193.89523770867535,55751900,-0.008503302266198665,193.12792053222657,181.9844692993164,0.011085310427779391,62.68016621458422,3.5754685608332863,3.5697552220519446,1
2023-12-19,194.73570251464844,194.74558515548247,193.69745188302565,193.96443406555753,40714100,0.00536002466646468,193.4759780883789,182.3441082763672,0.009271145451597665,64.54443046423535,3.4894509148943484,3.553694360620425,0
2023-12-20,192.64932250976562,195.46741418063525,192.64932250976562,194.69614571593394,52242800,-0.01071390596557853,193.7241668701172,182.67386993408203,0.009843447088000447,58.247454187931474,3.2158574777732554,3.4861269840509914,0
2023-12-21,192.50099182128906,194.87413831888384,191.33420648650613,193.90511142023345,46482500,-0.0007699517784135468,193.76470489501952,182.97281677246093,0.009352280369586836,57.81559657550741,2.9530230492925114,3.3795061970992957,0
2023-12-22,191.43310546875,193.2228443252002,190.81015202156473,192.9954077755279,37149600,-0.005547432989490564,193.55606536865236,183.23243408203126,0.009145154598165808,54.67281790753133,2.628258439889464,3.2292566456573293,0
2023-12-26,190.88925170898438,191.719846217368,190.6717128965979,191.44298138124012,28919300,-0.002840959814311761,193.5432113647461,183.51790893554687,0.008196078414991533,53.090027116475284,2.3004772244511855,3.0435007614161007,1
2023-12-27,190.98812866210938,191.33421726083122,188.95118798803827,190.33552729492325,48087700,0.0005179807256814328,193.38895568847656,183.80792877197266,0.00771787731437522,53.354426305331444,2.025339935403281,2.839868596213537,1
2023-12-28,191.413330078125,192.4812438348005,191.00791544042355,191.96705978425237,34049900,0.002226323798207863,192.95586090087892,184.1374609375,0.004933251265184274,54.54101173880202,1.8206149365959732,2.6360178642900243,0
2023-12-29,190.37506103515625,192.2241257878035,189.58401220758475,191.72972215657148,42672100,-0.005424225379418335,192.40410461425782,184.472099609375,0.004905348449387136,51.121293723701456,1.5566452282726004,2.4201433370865395,0
2024-01-02,183.5621795654297,186.33084291740326,181.83176685644636,185.0552730997862,82488700,-0.03578662789486087,191.22445526123047,184.6779864501953,0.011511283772627773,35.425364163752675,0.788614083388353,2.0938374863469025,0
2024-01-03,182.18775939941406,183.79952025374087,181.37693010719954,182.15809638511382,58414500,-0.007487490992259205,190.0734832763672,184.90733947753907,0.011492659052589916,33.21008452935935,0.06825287021123927,1.68872056311977,0
2024-01-04,179.87393188476562,181.04071720671112,178.85546161628733,180.11123597031312,71983600,-0.01270023585709612,188.5873062133789,185.08804626464843,0.010905006150405247,29.828349329495452,-0.6814893392323711,1.2146785826493418,0
2024-01-05,179.15211486816406,180.71443234786256,178.1534248404595,179.95306152436652,62379700,-0.0040129050887929285,187.23758544921876,185.24562652587892,0.010915529107722515,28.841681403627092,-1.3187087885340816,0.7080011084126572,1
2024-01-08,183.4830780029297,183.52263874374273,179.46852282651062,180.0519155054874,59144500,0.02417478095613168,186.3357940673828,185.53604064941408,0.014728188871870345,41.37263732367593,-1.457436838763158,0.27491351897749416,0
2024-01-09,183.06777954101562,183.07766218215258,180.68475037086026,181.86143345023166,42841800,-0.0022634156045029385,185.49926147460937,185.90129791259767,0.014743503107617267,40.633703659153646,-1.5826471618159417,-0.09659861718119303,1
2024-01-10,184.1060333251953,184.31367440860302,181.8614365329183,182.2866315170422,46792900,0.005671417366741371,184.82093963623046,186.26105194091798,0.015082765217683326,43.35742766109679,-1.5798868889818038,-0.39325627154131526,0
2024-01-11,183.51275634765625,184.9564217479187,181.56480461990643,184.45212033242825,49128400,-0.003222474390565666,184.07340240478516,186.5680581665039,0.015018059029220035,42.16691604349714,-1.6070468114484413,-0.6360143795227405,1
2024-01-12,183.83901977539062,184.64984886412603,183.11719479522333,183.97745217005283,40477800,0.0017778787383928574,183.31597137451172,186.87210968017578,0.01499844782780354,43.09233098852223,-1.5839853170209892,-0.8256085670223904,0
2024-01-16,181.57467651367188,182.19761480887055,178.90488492167398,180.1211286782067,65603000,-0.012316989420881663,182.4359329223633,187.06767333984374,0.015231457242438018,38.4891596625835,-1.7284974511876214,-1.0061863438554366,0
2024-01-17,180.6353302001953,180.88253205239923,178.28197882705663,179.2411232206481,47317400,-0.005173333261622726,182.14324798583985,187.17335021972656,0.010661446224786045,36.73601655383037,-1.8969548411261314,-1.1843400433095757,1
2024-01-18,186.5187225341797,187.02300881659582,183.75005912545993,184.0071435872404,78005800,0.032570551549710114,182.57634429931642,187.41486511230468,0.014876955464252332,51.60460490458239,-1.5379889651062513,-1.255069827668911,1
2024-01-19,189.41592407226562,189.80155831594578,186.70660172518024,187.21088801676132,68903000,0.015533033353019254,183.5305435180664,187.66336822509766,0.014351960048490089,56.96800576241042,-1.0081051621652648,-1.2056768945681817,1
2024-01-22,191.71986389160156,193.143748944668,190.1081030206995,190.14766376550878,60133900,0.012163390330672152,184.78731842041014,187.906796875,0.014098318909435326,60.698155434323105,-0.3976755855303509,-1.0440766327606155,1
2024-01-23,192.99539184570312,193.55901922053994,191.660511110776,192.83719415255706,42355600,0.006653081888388757,185.7385498046875,188.15460418701173,0.012734497553140095,62.62953156712836,0.18686463849118695,-0.797888378510255,0
2024-01-24,192.32302856445312,194.18199120084623,192.16481576816378,193.23272951111284,53631300,-0.003483830752744277,186.66407470703126,188.39844421386718,0.01281889287136789,60.92979227303924,0.5890724196221129,-0.5204962188837814,0
2024-01-25,191.99671936035156,194.07322080915367,190.94858599423335,193.03497008475262,54822100,-0.0016966725541772698,187.45314331054686,188.55210540771483,0.012987756663681783,60.077622920681655,0.8714490361966796,-0.24210716786768918,0
2024-01-26,190.26629638671875,192.58010181757646,189.7916731135176,192.09559590318426,44594000,-0.009012773652580242,188.1284973144531,188.70279968261718,0.013479200971215988,55.63393430723569,0.9447137944630697,-0.004742975401537425,0
2024-01-29,189.58401489257812,190.04875551955823,187.4580852833725,189.86087972294905,47145600,-0.003585929337447502,188.70299682617187,188.78763916015626,0.013669626838786088,53.9398439647654,0.9369219754017024,0.18359001475911055,0
2024-01-30,185.93533325195312,189.65325866018404,185.37172089064353,188.80288370915284,55859400,-0.019245724080125703,189.1390625,188.78823272705077,0.014679830585027519,45.891821942204025,0.6290771774501991,0.2726874472973283,0
2024-01-31,182.3360595703125,185.00585134318092,182.28663127585358,184.94651023142666,55467800,-0.019357663864583485,189.30913543701172,188.68322082519532,0.016115711802845715,39.6129673072494,0.09359771524964344,0.23686950088779132,1
2024-02-01,184.76856994628906,184.8575590001162,181.7626017867558,181.93069725109765,64885400,0.013340808075533284,189.13412017822264,188.62725524902345,0.01272848979551066,45.08170036603031,-0.13295770480397096,0.1629040597494389,0
2024-02-02,183.76983642578125,185.2332669548565,177.24370243482153,177.84687547061628,102551700,-0.00540532148296724,188.56951141357422,188.51650848388672,0.011381420366602401,43.346011854090094,-0.38861425258102145,0.052600397283346825,1
2024-02-05,185.57936096191406,187.13179578344227,183.75995901240586,186.04410163536497,69668800,0.009846689594587676,187.95546112060546,188.45797119140624,0.011058300173149687,47.3046289935611,-0.4401367785543471,-0.04594703788419196,1
2024-02-06,187.18124389648438,187.1911265388062,184.67956238073768,184.76855142564483,43490800,0.008631794647137925,187.3740463256836,188.41822174072266,0.011269771734895859,50.59563956002522,-0.3477020929717014,-0.10629804890169384,1
2024-02-07,187.2899932861328,188.91163664571195,186.49894443287428,188.50622203381667,53439000,0.0005809844372473005,186.87074279785156,188.40714752197266,0.01132343377293045,50.82019539572851,-0.26264417326436273,-0.13756727377422762,0
2024-02-08,186.2122039794922,187.418535043408,185.2530596605407,187.27021997882892,40962000,-0.005754655055137059,186.29229125976562,188.37807708740235,0.011360499629311684,48.46886509379833,-0.27898775153605015,-0.16585136932659214,1
2024-02-09,186.97454833984375,188.10322646586073,186.13298359451971,186.77652244170517,45155200,0.004093954875457717,185.96311645507814,188.35219024658204,0.011345290370012131,50.22317574552277,-0.22779940660365128,-0.17824097678200396,0
2024-02-12,185.29141235351562,186.796321504533,184.9349868995182,186.54880424779185,41781900,-0.009001952411559655,185.5338562011719,188.3130096435547,0.011573081643212925,46.46229030979985,-0.319365831487886,-0.2064659477231804,0
2024-02-13,183.20237731933594,184.36077144619387,181.68757282391297,183.92513863049606,56529500,-0.011274321932384201,185.26056060791015,188.22057830810547,0.010494921725994191,42.23493311746947,-0.5541130807022512,-0.27599537431899457,0
2024-02-14,182.3212127685547,183.6875129162611,180.62820312290157,183.4796068721132,54630500,-0.004809787753164985,185.2590759277344,188.08501251220704,0.008564443810159701,40.558648412465246,-0.8020095155541469,-0.38119820256602505,0
2024-02-15,182.03407287597656,182.65782113209212,179.54900531664387,181.7271539268571,65434500,-0.0015749121466334115,184.98562622070312,187.97949890136718,0.007173585750185734,40.001496772248586,-1.0099964059081117,-0.5069578432344424,0
2024-02-16,180.49948120117188,183.0142649801448,179.86583763061847,181.59845842120637,49752500,-0.008430244132647813,184.6585906982422,187.76438598632814,0.007417740489084019,37.0705811145597,-1.2838567367293194,-0.6623376219334178,0
2024-02-20,179.7569122314453,180.61826736487214,178.21240712023044,179.984623854957,53665600,-0.0041139673354460005,184.07634582519532,187.55617553710937,0.006202899484618478,35.70721740563448,-1.5430250990690695,-0.8384751173605482,1
2024-02-21,180.50941467285156,181.07374623255754,178.8658962581704,180.13318356154335,41371400,0.004186222560595532,183.40916290283204,187.3244515991211,0.005366363282423755,38.188122056778084,-1.6684642184074505,-1.0044729375699286,1
2024-02-22,182.53903198242188,183.1231842228548,180.64801151557128,181.65787110291916,52292200,0.011243830762227569,182.93406677246094,187.1048422241211,0.007077979821204457,44.41791500820441,-1.585822099536955,-1.1207427699633339,0
2024-02-23,180.7073974609375,183.20236045475278,180.4202689919066,183.1726595934398,45119700,-0.010034207487529367,182.38358612060546,186.8986343383789,0.00741505373857473,40.4552620536863,-1.6491152491496166,-1.2264172658005905,0
2024-02-26,179.3609161376953,180.9450175834942,178.85597124394113,180.43019254491847,40867400,-0.007451168807481978,181.62222290039062,186.6352389526367,0.007084130155014659,37.78649494849384,-1.7873221784876705,-1.3385982483380066,1
2024-02-27,180.81629943847656,182.09348175278842,177.77678047240937,179.3014951345761,54318900,0.008114272228984198,181.17471160888672,186.3366793823242,0.007806113555370056,42.22310816988462,-1.759136664049322,-1.4227059314802697,0
2024-02-28,179.6183319091797,181.30144633523983,178.34114943443706,180.69750358801915,48953900,-0.006625329314985162,180.8163070678711,186.01119354248047,0.0073446226699038775,39.71267652753155,-1.8125712158828549,-1.5006789883607867,0
2024-02-29,178.95498657226562,180.75691955299587,177.74710108364005,179.4698267249393,136682600,-0.0036930826038930054,180.47968444824218,185.6831198120117,0.00730468294074612,38.35287524831646,-1.8866962481457676,-1.577882440317783,0
2024-03-01,177.8758087158203,178.73716395290236,175.61845249589473,177.76690051629518,73563100,-0.006030443057866486,180.06385803222656,185.3666864013672,0.007421807084274543,36.18227341024965,-2.0093588659810564,-1.6641777254504377,0
2024-03-04,173.36109924316406,175.14321147352493,172.06409607852763,174.4006596751229,81510100,-0.02538124495540084,179.3500198364258,184.9391943359375,0.010342693030874723,28.830988733464864,-2.442711144257828,-1.819884409211916,0
2024-03-05,168.43055725097656,170.33148818677603,167.93552268101038,169.06420089624305,95132400,-0.0284408786845064,178.2173843383789,184.4548190307617,0.012918336992805679,23.27039999733651,-3.147714585084998,-2.0854504443865323,0
2024-03-06,167.44044494628906,169.53940125478644,167.00481221986033,169.3611809997691,68587700,-0.005878460065961488,176.91048736572264,183.95360809326172,0.01238188407898979,22.338663918292994,-3.7431796347100317,-2.4169962824512323,0
2024-03-07,167.32167053222656,169.0344857697736,166.81674075207243,167.47017484778516,71765100,-0.0007093531918205276,175.3887512207031,183.47137939453125,0.010864117771059511,22.223708691606618,-4.176529645256409,-2.7689029550122677,1
2024-03-08,169.0344696044922,171.97497562938204,167.26225281020422,167.32165453074688,76267000,0.010236564497697387,174.2214584350586,183.0342837524414,0.012357889535570026,27.97938742341914,-4.3318195606290715,-3.0814862761356285,1
2024-03-11,171.034423828125,172.64824117092596,170.34137853305091,171.22253935977105,60139500,0.011831635454663925,173.38880920410156,182.6352096557617,0.013645233804008238,34.11081715471623,-4.244579475795007,-3.3141049160675045,1
2024-03-12,171.50965881347656,172.3017170819102,169.31170429451927,171.43045147590772,59825400,0.002778592605598096,172.45814514160156,182.23713623046876,0.013186948941485775,35.5156742216552,-4.089947222739767,-3.469273377401957,0
2024-03-13,169.43051147460938,171.4700511814422,169.0641756745517,171.05422401757613,52488700,-0.012122625356793093,171.43936309814453,181.8182452392578,0.01336673527175765,32.27357270578216,-4.0880454193412845,-3.5930277857898227,1
2024-03-14,171.28195190429688,172.57893998999515,170.34138929390355,171.19284931228447,72913500,0.010927432217336719,170.67205963134765,181.57264068603516,0.014377030938816595,37.72522181083541,-3.8922747365971304,-3.6528771759512844,0
2024-03-15,170.90573120117188,170.90573120117188,168.5988682774061,169.47013396047814,121752700,-0.0021964993914549424,169.9750518798828,181.3470001220703,0.01437625193028295,37.07218813180404,-3.724548648239505,-3.6672114704089287,1
2024-03-18,171.99478149414062,175.94516209588443,171.79677072295308,173.82641511894556,75604200,0.006372228042410333,169.83842010498046,181.18941711425782,0.012485766288075722,40.29408099007188,-3.4638185140673556,-3.626532879140614,1
2024-03-19,174.3313751220703,174.8561105550952,171.31166123855039,172.6086493883763,55215200,0.013585258852805815,170.42850189208986,181.09300231933594,0.008580561973564368,46.61015302851546,-3.033674119378901,-3.507961127188272,1
2024-03-20,176.89564514160156,176.89564514160156,173.35119593354977,173.97494430389506,53423100,0.014709171069956284,171.3740219116211,180.96125366210939,0.008554796187971897,52.543389451903806,-2.4575374653512085,-3.2978763948208596,0
2024-03-21,169.66812133789062,175.72735394947048,169.14338597139206,175.29172116809335,106181300,-0.04085755643065969,171.6086669921875,180.69326049804687,0.017033468530248147,39.29003408719919,-2.554696829410716,-3.1492404817388313,1
2024-03-22,170.56910705566406,171.33146450930536,168.37115239719608,170.05426688241553,71160100,0.005310282866745064,171.7621307373047,180.42252197265626,0.016823514063588837,41.278499149407814,-2.529831979556178,-3.025358781302301,0
2024-03-25,169.15328979492188,170.23246134793257,167.76718417070535,168.8760716915293,54288300,-0.00830054917435985,171.5740173339844,180.13533264160156,0.016590765988761986,39.110659787914216,-2.5944636652330075,-2.939179758088442,0
2024-03-26,168.02462768554688,169.71763732680742,167.8959138727621,168.31174106723407,57388400,-0.006672421865063116,171.22551422119142,179.8190447998047,0.016622063538799317,37.42337802692085,-2.705570212135285,-2.892457848897811,1
2024-03-27,171.58885192871094,171.87598039200594,168.42063422483255,168.7176579392829,60273300,0.02121251088164522,171.44134826660155,179.61932830810548,0.017659857834962423,45.429724393927074,-2.4774612113973546,-2.80945852139772,0
2024-03-28,169.77703857421875,170.51959037094832,168.81667037520143,170.0443614510728,65672700,-0.01055903885437115,171.29085693359374,179.40216247558592,0.017680187130661634,42.45604006873122,-2.415042276574752,-2.7305752724331267,0
2024-04-01,168.3414306640625,169.54931605122675,167.79688969325008,169.48991432845702,46240500,-0.008455842569834116,171.0344268798828,179.03861663818358,0.017847503062158664,40.21010577469704,-2.4531381321356207,-2.6750878443736257,0
2024-04-02,167.16323852539062,167.6582730022656,166.55929585931307,167.4008605129018,49329500,-0.006998824555691452,170.5512725830078,178.5935629272461,0.01770367549978263,38.41407843916196,-2.5490161595814698,-2.6498735074151947,1
2024-04-03,167.9652099609375,168.98497988400436,166.90584392266877,167.11374996517486,47691700,0.00479753468897437,169.91465606689454,178.1184698486328,0.017009848865448995,40.366595309539385,-2.5311107257181504,-2.626120951075786,0
2024-04-04,167.14344787597656,170.2126525655396,167.14344787597656,168.59883533803097,53704400,-0.004892454128757051,168.93943634033204,177.6014309692383,0.01575070809821046,39.00209642432584,-2.5537913558139564,-2.61165503202342,1
2024-04-05,167.89590454101562,168.69785802201392,167.27215623034843,167.90579979250484,42104800,0.004501861572207222,168.76221466064453,177.11288848876953,0.009892046019281698,40.96973739472768,-2.48243301174557,-2.5858106279678506,0
2024-04-08,166.7771453857422,167.51969724864153,166.56923932419392,167.35138730592178,37425500,-0.00666340944010424,168.38301849365234,176.60849700927736,0.009766464257151077,38.95757664175969,-2.487481386907575,-2.5661447797557955,1
2024-04-09,167.98501586914062,168.39094781013864,166.67813256359855,167.02464767080627,42373800,0.00724242209929149,168.2661911010742,176.16287139892577,0.009923786704452235,42.2550547224795,-2.3667349598043756,-2.5262628157655116,0
2024-04-10,166.11376953125,167.41075745661644,165.4504251384005,167.12364410431726,49709300,-0.011139364592781975,168.07510528564453,175.6934664916992,0.010317766512078356,38.76165898959622,-2.39443493179391,-2.499897238971191,1
2024-04-11,173.3016815185547,173.7175238179071,166.49001666248702,166.66822184170525,91070300,0.04327101845673598,168.24638824462892,175.44079345703125,0.016262389615122264,54.367839314807725,-1.8154554928349853,-2.3630088897439503,1
2024-04-12,174.7966766357422,176.58869902312352,172.47991891196477,172.5294102738014,101670900,0.008626547094567227,168.74835205078125,175.29000579833985,0.01585943886684956,56.83193459452737,-1.2218913020478226,-2.1347853722047248,0
2024-04-15,170.9750213623047,174.8758957155582,170.78690583147454,173.6185038309996,73531800,-0.021863432114338388,169.01171112060547,175.01413482666015,0.017427468934776674,49.47689051202932,-1.047784834758886,-1.9173852647155571,0
2024-04-16,167.69790649414062,172.0343988146065,166.59892920522176,170.04436539186383,73711200,-0.019167214263536736,169.06517791748047,174.69269622802733,0.01849362278465884,44.19498455267654,-1.1608583346595083,-1.7660798787043475,0
2024-04-17,166.3316192626953,168.95529649982927,166.3316192626953,167.92563121825307,50901200,-0.008147312390528016,168.90181884765624,174.30774139404298,0.018609840104463787,42.17353325252288,-1.34521110279195,-1.681906123521868,0
2024-04-18,165.38113403320312,166.96525061902096,164.89600984807865,166.36130787024413,43122900,-0.005714398944142052,168.7255874633789,173.87173919677736,0.018631612579805844,40.77624635393592,-1.5501391747322373,-1.6555527337639417,0
2024-04-19,163.36141967773438,164.7475105290668,162.4505578172506,164.55941006923095,68149400,-0.012212483408556518,168.2721389770508,173.39316772460938,0.018841178333736216,37.902535143498206,-1.8541467674324679,-1.695271540497647,1
2024-04-22,164.19305419921875,165.59895049362888,163.1336881290828,163.87623994630854,48116400,0.005090764533786318,168.01372985839845,172.9527847290039,0.01892436478293365,39.78433152694839,-2.0048582612252517,-1.757188884643168,1
2024-04-23,165.24249267578125,165.3910120745114,163.2821604920133,163.70789797300347,49537800,0.006391491294687857,167.7394775390625,172.51814361572266,0.018883047720295962,42.16605182733091,-2.0163737894428095,-1.8090258656030964,1
2024-04-24,167.3414764404297,167.6186945681344,164.55938480415762,164.88609429896647,48251800,0.012702445543270713,167.86224822998048,172.15914489746095,0.01903338492366581,46.70643782607242,-1.834977007938278,-1.8142160940701328,1
2024-04-25,168.2028350830078,168.9156860278579,166.4801094484109,167.84640961058278,50558300,0.005147311120353049,167.35236358642578,171.85915405273437,0.012191300600714645,48.49346791082366,-1.6032332331870123,-1.7720195218935089,0
2024-04-26,167.61871337890625,169.63844783702467,167.49989480565932,168.1929553099538,44838400,-0.0034727221084787097,166.6345672607422,171.5651040649414,0.011499390342610136,47.33432413930605,-1.449993736678465,-1.7076143648505002,1
2024-04-29,171.77696228027344,174.2818355072499,171.38094074443057,171.64824848286057,68169400,0.024807784390799892,166.71476135253906,171.35996185302736,0.012887186002163207,55.4906907597696,-0.9816979938726149,-1.5624310906549232,0
2024-04-30,168.63848876953125,173.25221487057408,168.31176412042663,171.60869637165644,65934800,-0.018270631108387003,166.80881958007814,171.12274200439452,0.012737070253230807,49.2864418594056,-0.8539747376152889,-1.4207398200469963,0
2024-05-01,167.61871337890625,170.99485287185942,167.43059781958385,167.8959315377214,50383100,-0.006047109399910933,166.93752899169922,170.87997802734375,0.012592717358096191,47.43077486117052,-0.8255243573197788,-1.301696727501553,1
2024-05-02,171.31163024902344,171.69775653757537,169.19288328746214,170.79679016186972,94214900,0.022031650259534352,167.53057861328125,170.69602233886718,0.013969036212404976,54.16137577360279,-0.4992348291892199,-1.1412043478390865,1
2024-05-03,181.55885314941406,185.14289799826793,180.84600228009177,184.796367814728,163224100,0.05981627099978537,169.3503219604492,170.67641876220702,0.02146107255430123,66.84604069822899,0.5795366829577517,-0.7970561416797188,0
2024-05-06,179.90542602539062,182.37068791170867,178.62822868745857,180.539069515548,78569700,-0.009106838335571243,170.92155914306642,170.66037933349608,0.022334050928615533,63.77920786577888,1.2862263115501662,-0.3803996510337419,1
2024-05-07,180.5885772705078,183.0637497391675,179.5193160584302,181.62815272879564,77305800,0.0037972798275731634,172.45616760253907,170.68493255615235,0.022387880285518042,64.50383131561568,1.8797390679034152,0.07162809275368953,1
2024-05-08,180.9252166748047,181.25194126160505,179.64801918938014,181.0341248704048,45057100,0.0018641234644238835,173.81454162597657,170.6871109008789,0.02245852198150475,64.87672260866619,2.3501748372648024,0.5273374416559121,1
2024-05-09,182.737060546875,182.82616313989396,180.30148392023486,180.74701199258516,48983000,0.010014324732449564,175.2679641723633,170.7494854736328,0.022441196589188684,66.89260975805234,2.8365018049094886,0.9891703143066275,0
2024-05-10,181.4779510498047,183.50042466657956,180.56585391849484,183.3120539854214,50759500,-0.006890279909845254,176.6538879394531,170.7999447631836,0.022669384995848026,64.13767202837124,3.0847606167747017,1.4082883748002426,1
2024-05-13,184.6802215576172,185.49318663872077,183.0344740478803,183.84743912898392,72044800,0.01764550728773484,177.9442138671875,170.93603302001952,0.022194599372786075,67.77291821448276,3.49956319516383,1.8265433388729602,1
2024-05-14,185.8203125,186.68285108112164,184.69010361608505,185.8996272619275,52393600,0.006173324532357194,179.6623962402344,171.18521728515626,0.020308723967621112,68.97857382840297,3.8756173338050814,2.2363581378593844,1
2024-05-15,188.0906982421875,189.01270420161362,185.76087383759318,186.2962448244031,70400000,0.012218178473828,181.7095947265625,171.57842010498047,0.019518112570391034,71.28262376901903,4.307193457942873,2.650525201876082,1
2024-05-16,188.2096405029297,189.458829238671,188.03119361367854,188.83423487080034,52845200,0.0006323665223946229,183.39939575195314,171.99380401611327,0.019439304172019042,71.40245776999453,4.605726345711844,3.0415654306432347,1
2024-05-17,188.2393798828125,189.1713095252472,187.55530322495105,187.8824709799172,41282900,0.00015801199026443946,184.06744842529298,172.412158203125,0.008263072217931754,71.43455419859963,4.78950509611164,3.391153363736916,1
2024-05-20,189.3993377685547,190.2717851507536,187.38677266186554,187.70403175639103,44361300,0.006162142514835711,185.01683959960937,172.81945556640625,0.0069501934579387905,72.72060388970209,4.971442294904449,3.707211149970423,1
2024-05-21,190.69808959960938,191.07481584379752,189.28036268210627,189.44890089382775,42309400,0.006857214213925822,186.02779083251954,173.21272888183594,0.006950034586493292,74.12523349307722,5.160935205895754,3.9979559611554896,0
2024-05-22,189.26052856445312,191.16405275409193,188.63594934473116,190.61877317517173,34648500,-0.007538413406104727,186.86132202148437,173.56774627685547,0.008044019427935624,69.83868332002908,5.135907002803577,4.225546169485107,0
2024-05-23,185.2750701904297,189.35968258649532,185.02721720275102,189.3398501117122,51005900,-0.021058053701177193,187.11512298583983,173.88463745117187,0.01111205698855909,59.556049154302904,4.739840853703242,4.328405106328734,1
2024-05-24,188.34841918945312,188.94327235106317,186.4250777783575,187.19839293954828,36327000,0.016588033111333278,187.8021697998047,174.225966796875,0.01162580632161169,63.96243086805465,4.620684778362062,4.3868610407354,1
2024-05-28,188.35838317871094,191.3425280405038,187.47602704829728,189.86531862155948,52280100,5.2901900109869615e-05,188.16998596191405,174.57501983642578,0.010579110155159594,63.976134160080534,4.4754663506325585,4.404582102714832,1
2024-05-29,188.65577697753906,190.59895109353056,187.8824768517226,187.98162409974876,53068000,0.0015788721150040708,188.45353240966796,174.90823974609376,0.010478198179825106,64.41111205119603,4.334412485501673,4.3905481792722,1
2024-05-30,189.647216796875,190.52957297399752,188.99289629815092,189.12176958621487,49889100,0.0052552847054028184,188.60918426513672,175.21455657958984,0.009907434248155827,65.8898121776809,4.253594400283447,4.3631574234744495,1
2024-05-31,190.59896850585938,190.91622762632966,188.27906791647348,189.79592715782175,75158300,0.005018537709434279,188.84811706542968,175.488623046875,0.009992527970432352,67.29465090987284,4.217724590640756,4.3340708569077115,1
2024-06-03,192.36366271972656,193.31542486412093,190.86663609575578,191.24336235629542,50080500,0.009258676621919593,189.2605453491211,175.94253387451172,0.0102863127387661,69.77989373463663,4.282329553529564,4.323722596232082,1
2024-06-04,192.68092346191406,193.64259428823095,191.3722523931234,192.96842627855952,47471400,0.0016492758440025401,189.58870391845704,176.38477020263673,0.01019259165663467,70.21805566835762,4.309453050286123,4.320868687042891,1
2024-06-05,194.18785095214844,195.20900403542353,193.19643901671662,193.72188613227584,54156800,0.007820844239062597,189.93768005371095,176.88546142578124,0.01025046173233173,72.27433156950171,4.4018038170481475,4.337055713043942,0
2024-06-06,192.80979919433594,194.8124556459051,192.5024638984892,194.0094143560484,41181800,-0.007096488019490366,190.29260711669923,177.38116485595702,0.010206285483955248,67.67282048103337,4.3140653451752655,4.332457639470207,1
2024-06-07,195.1990966796875,195.24867030234284,192.47271383884646,192.97832848334124,53103900,0.012391991980362782,191.285009765625,177.85336975097655,0.006734482844812148,71.1075330140707,4.386760468947614,4.343318205365689,0
2024-06-10,191.46145629882812,195.60556579928584,190.49978557066368,195.20899197297106,97010200,-0.01914783646254603,191.5963134765625,178.28705810546876,0.009112297397788637,60.312122478931954,4.095564419083104,4.293767448109172,1
2024-06-11,205.3709716796875,205.38089548057218,191.96709351098235,191.98691085726122,172373300,0.07264916735590776,193.29757232666014,179.02764892578125,0.02416268848210439,75.325342588099,4.9303372375303525,4.421081405993408,1
2024-06-12,211.2401580810547,218.3089152196564,205.1231328450552,205.58909768640683,198134300,0.028578461470792682,195.5560104370117,179.90918731689453,0.024750357690233322,78.94467530108577,5.996372551949605,4.736139635184648,1
2024-06-13,212.4001007080078,214.888539245905,209.7827737762817,212.8958066808934,97862700,0.005491108497031272,197.831298828125,180.79788513183593,0.02474371213010889,79.58210405783828,6.855781710958638,5.160068050339446,0
2024-06-14,210.66513061523438,213.32210737882852,209.4853479747781,212.01345147179217,70122700,-0.008168405226693154,199.8379150390625,181.6683187866211,0.025477582589802004,75.88171803588321,7.312577235990005,5.590569887469559,1
2024-06-17,214.80921936035156,217.06963733267014,210.8931452933454,211.5375569916551,93728300,0.019671450766506338,202.082470703125,182.60658508300781,0.025640621533110915,78.45824363634382,7.917713832294652,6.0559986764345775,0
2024-06-18,212.44964599609375,216.7523850703462,211.17073132176122,215.7213082393038,79943300,-0.010984506955912021,204.05934295654296,183.52003509521484,0.026471360142859612,73.63476749257859,8.113365269489492,6.46747199504556,0
2024-06-20,207.87925720214844,212.40010854906527,207.0563985691976,212.09275812722348,86172500,-0.021512809647276865,205.42848358154296,184.317919921875,0.028315548003815482,65.26512219548728,7.809604010002772,6.735898398037003,0
2024-06-21,205.70806884765625,210.07027533194446,205.33132746963062,208.58315742215362,241805100,-0.010444468504045346,206.718310546875,185.10980590820313,0.028522239883675995,61.67848951923435,7.309415872325729,6.8506018928947485,1
2024-06-24,206.3524932861328,210.87332959032133,204.8158016590104,205.93610206103614,80727000,0.003132713471506232,207.83365020751953,185.77082214355468,0.028472675713138818,62.340012747460015,6.885639470407938,6.857609408397387,1
2024-06-25,207.27450561523438,209.5646648210329,206.81844945769743,207.35380525957078,55549700,0.004468142421827137,209.41495513916016,186.42037872314452,0.027108573805307762,63.3157470405044,6.54870293709115,6.79582811413614,1
2024-06-26,211.4185791015625,213.01475280094434,208.83099354238436,209.68360834691896,66213200,0.019993165459628814,210.01971588134765,187.22924987792967,0.016094400459054924,67.4036098356528,6.540673590101733,6.744797209329258,1
2024-06-27,212.2612762451172,213.88719102122272,210.52630556394234,212.84620558696906,49772700,0.003985918111529152,210.1218276977539,188.12051727294923,0.013410644590311022,68.18011438143527,6.527068904167351,6.701251548296877,0
2024-06-28,208.81117248535156,214.21437951883613,208.4939285392998,213.91695291908772,82542700,-0.016254042285986592,209.76293487548827,188.97010833740234,0.014258954433605869,61.69969880850261,6.166805458235558,6.594362330284614,1
2024-07-01,214.88851928710938,215.6419868499251,210.09999821846176,210.2685364182596,60402900,0.029104509732036155,210.18527374267578,189.96025604248047,0.016968589211705864,67.55054961173784,6.299073381269807,6.535304540481653,1
2024-07-02,218.37831115722656,218.4873670751859,213.25271326862932,214.2936836981781,58046200,0.016240010781844116,210.54218292236328,191.0605938720703,0.01660493092507284,70.35140768665853,6.6093057393114805,6.550104780247619,1
2024-07-03,219.64732360839844,219.64732360839844,217.1489612238199,218.11063203893852,37369800,0.005811073656752486,211.26195068359374,192.1696792602539,0.016009931205552778,71.32080487627016,6.87827731804947,6.615739287807989,1
2024-07-05,224.3961944580078,224.50525038603786,219.74646963306245,219.74646963306245,60412400,0.02162043575853434,212.91364440917968,193.35275329589842,0.014250252942562729,74.659807406135,7.389452413974851,6.770481913041362,1
2024-07-08,225.8634796142578,225.89322076278884,221.3327197032473,225.13973799267995,59085900,0.006538814794938785,214.92918548583984,194.523193359375,0.012774443418288175,75.60487251598343,7.822783827361121,6.980942295905313,1
2024-07-09,226.71607971191406,227.42989753320916,224.4259205051531,225.97252074204383,48076100,0.0037748470851168836,216.96554412841797,195.69345825195313,0.012740650536193011,76.16122657642195,8.141153645327392,7.212984565789729,1
2024-07-10,230.9791717529297,231.07831900756045,227.28120909695775,227.33078272427315,62627700,0.018803659830536557,219.3360107421875,196.9606674194336,0.012913362334371507,78.76853360420276,8.637887726546325,7.497965197941049,0
2024-07-11,225.6156005859375,230.39419780728426,223.83105624130303,229.40278596334778,64710600,-0.02322101653706432,220.755712890625,198.03744018554687,0.016333165199038244,68.60228200989658,8.500766156042715,7.698525389561383,1
2024-07-12,228.56008911132812,230.64206011910093,226.71606240173486,226.9540066999144,53046500,0.013050908349172774,222.3855941772461,199.2358721923828,0.01642079009046804,70.82821268101355,8.53134787170734,7.8650898859905745,1
2024-07-15,232.386962890625,235.1926606193721,231.0882156126273,234.44910163171727,62631300,0.016743403426977332,224.74317321777343,200.5312371826172,0.014282808144325166,73.46155863134229,8.76336224817814,8.044744358428089,1
2024-07-16,232.80335998535156,234.24090427881208,230.33473879844306,232.98180687397965,43234300,0.001791826398293006,226.53465728759767,201.76107177734374,0.012953036538433238,73.7393372392545,8.878489379771054,8.211493362696682,0
2024-07-17,226.91436767578125,229.47221227385296,224.69359950369105,227.47946461019197,57345900,-0.025295993622862056,227.3882629394531,202.6681820678711,0.016288435074310683,63.60022327557988,8.397732168947641,8.248741123946875,0
2024-07-18,222.25473022460938,228.46097889584826,220.36114484151935,228.3023493485251,66034600,-0.020534783667068734,227.6490036010742,203.51516815185548,0.017997130072818324,56.93003560244032,7.553660914574351,8.109725082072371,1
2024-07-19,222.38363647460938,224.85225794685087,221.36248326433122,222.88926630632307,49151500,0.0005799932800967245,227.44774780273437,204.3510693359375,0.016531261713414375,57.06419021278654,6.816553041038873,7.851090673865672,0
2024-07-22,222.03663635253906,225.82382229500527,221.17409763275575,225.06043082550624,48201800,-0.0015603671545767472,227.0650634765625,205.1732977294922,0.01633020056879205,56.55353102296278,6.133684434758578,7.507609426044254,1
2024-07-23,223.0775909423828,224.9910238167192,220.76759935066607,222.44308791792702,39960300,0.004688210949975735,226.7012145996094,205.98010833740236,0.01636603545269183,57.77429373607124,5.6118129933041985,7.128450139496243,0
2024-07-24,216.6631622314453,222.86941075843336,215.26528287042115,222.07627816799848,61777600,-0.02875424951399197,225.26961364746094,206.68381256103515,0.01671805448117192,48.6946483765649,4.627294753191848,6.628219062235364,0
2024-07-25,215.62217712402344,218.95332167523742,212.77681471652627,217.0497975364767,51391200,-0.004804624361154031,224.27027130126953,207.30265167236328,0.015619225756941597,47.39292422120612,3.720174302902734,6.046610110368839,1
2024-07-26,216.08815002441406,217.6050090608147,214.15488466672127,216.8217851678197,41601300,0.002161062032699057,223.02307739257813,207.90800842285157,0.014613874676410229,48.06222586284894,3.0042438760361563,5.438136863502303,1
2024-07-29,216.36573791503906,217.41663210574902,213.89711684474761,215.0967318967012,36311800,0.0012846048734909132,221.42095489501952,208.4735092163086,0.012690754207969342,48.48271543693542,2.431237089839726,4.836756908769788,1
2024-07-30,216.92092895507812,218.43778796730905,214.2639371695869,217.3075789949067,41643800,0.0025659840850451587,219.83271179199218,209.04773498535155,0.012752855385099175,49.36568044348655,1.998882487440028,4.269182024503836,1
2024-07-31,220.17276000976562,221.89782218872546,218.7352157578384,219.53825698895486,50036300,0.014990858974981203,219.15855102539064,209.68640258789063,0.01268249761906056,54.305639414520805,1.8967691652792666,3.7946994526589224,0
2024-08-01,216.48472595214844,222.55216258005441,215.15623749650504,222.44310665442717,62501000,-0.01675063735156701,218.58155059814453,210.2281103515625,0.012144154501686634,48.523576659140744,1.5009481001265499,3.335949182152448,1
2024-08-02,217.97183227539062,223.66254232334134,215.84030263063204,217.2679231335739,105568600,0.006869336008356042,218.14037017822267,210.77358520507812,0.012482968763106353,50.7984060092736,1.2923566235831743,2.9272306704385938,0
2024-08-05,207.47279357910156,211.6664621054212,194.3167520967801,197.3802115476467,119548600,-0.04816695160420703,216.6839859008789,211.13783050537108,0.019214666641104328,38.02290472583094,0.27667238985139875,2.3971190143211545,0
2024-08-06,205.45030212402344,208.18660889381388,199.3432157724579,203.53688424769564,69660500,-0.009748224912713765,214.92125701904297,211.54133514404296,0.01881110379217925,36.137486710829386,-0.6835829223361429,1.780978626989695,1
2024-08-07,208.01805114746094,211.80523672133984,204.61750047992084,205.12311510057037,63516400,0.01249815160596568,214.05674591064454,211.93472778320313,0.01827836922435014,40.19229267123422,-1.223294906683691,1.180123920255018,1
2024-08-08,211.47808837890625,212.36044444161047,207.0365669160157,211.27980900719393,47161100,0.01663335086719253,213.6423370361328,212.39712188720702,0.019385450319349868,45.23793827479773,-1.356191127733183,0.6728609106573777,1
2024-08-09,214.3829345703125,214.91829038971974,210.1496011292121,210.27848952903548,42201600,0.013735920414608804,213.47181549072266,212.9116650390625,0.019982372370030796,49.11893133652209,-1.2131313069875773,0.2956624671283868,1
2024-08-12,215.91146850585938,217.8767320905019,213.9958359256548,214.4623401059105,38028100,0.007129923557630757,213.4263885498047,213.4369500732422,0.020128869471066378,51.08344722890477,-0.9652882126049462,0.0434723311817202,1
2024-08-13,219.62362670898438,220.2390087017958,217.38043273085663,217.38043273085663,44155300,0.0171929644535036,213.6966583251953,214.0174432373047,0.020856307764093876,55.56998995906627,-0.46398213427690393,-0.05801856191000464,1
2024-08-14,220.07029724121094,221.37054778476931,218.06532277692483,218.92885985517657,41960600,0.002033800001028263,213.68641204833983,214.5715759277344,0.020316300993196038,56.091841175087154,-0.030301578779301508,-0.05247516528386401,1
2024-08-15,223.0479736328125,223.67329096872731,221.10255033510867,222.9288713384501,46414000,0.013530569226876787,214.34273681640624,215.17891693115234,0.019767875142797084,59.50637793456069,0.5473573900007409,0.06749134577305697,1
2024-08-16,224.3680877685547,225.1422830006272,221.98593577772976,222.25393109506462,44340200,0.005918521088720485,214.98236236572265,215.78252166748047,0.01975038831204872,60.95601527567064,1.0990097622380404,0.2737950290660537,0
2024-08-19,224.20925903320312,224.30852103873067,221.38045847347976,224.0405257400108,40687800,-0.0007078936088067422,216.6560089111328,216.41051086425782,0.008653585246908842,60.67457789141628,1.5060216104616018,0.5202403453451634,1
2024-08-20,224.82464599609375,225.47973889834265,223.7725353535306,224.0901616619868,30299000,0.0027446991508923713,218.59344329833985,217.00302185058592,0.006458646169018648,61.41786293310982,1.8568335955914392,0.7875589953944186,0
2024-08-21,224.71548461914062,226.28373058529078,223.37553826276908,224.8346020684513,34765500,-0.00048554008155765604,220.2631866455078,217.66810241699218,0.0069773560401044914,61.19690132113838,2.1018177636074995,1.050410749037035,0
2024-08-22,222.85939025878906,226.64103964823346,222.23407290784718,226.09512887719345,43695300,-0.00825975283144087,221.40131683349608,218.0178707885742,0.007850759443902297,57.41456668682182,2.121740080018185,1.264676615233265,1
2024-08-23,225.15219116210938,226.52192810531062,222.66087229355688,223.98097823318813,38677300,0.010288105431222272,222.47824249267578,218.29611145019533,0.0075064602035186875,60.64995716456176,2.2960708549065885,1.4709554631679298,1
2024-08-26,225.4896697998047,225.58893181224732,222.22415556593285,225.07279660900764,30602200,0.0014988911986750786,223.43606262207032,218.55790283203126,0.007534960506070277,61.118205838003966,2.4334101185252734,1.6634463942393984,1
2024-08-27,226.33334350585938,227.14724957253156,223.21670725505913,224.31844891527626,35934600,0.003741518211471506,224.1070343017578,218.87126708984374,0.006046113120545034,62.32517318506987,2.580582542429994,1.8468736238775176,0
2024-08-28,224.80479431152344,228.14971479709,224.0008084384826,226.22414704916858,38052200,-0.006753530746548497,224.58048400878906,219.07117858886718,0.006798756618136112,58.76587772163293,2.544544676226792,1.9864078343473726,1
2024-08-29,228.0802459716797,231.18696212304621,227.1770283167567,228.3879521456165,51906300,0.014570203763614176,225.08371124267578,219.3837905883789,0.006997147074295434,63.56728494519967,2.748601811764104,2.1388466298307187,0
2024-08-30,227.29611206054688,228.68568922028223,225.78741746908054,228.4772602189495,52990800,-0.003437973805193839,225.376513671875,219.77212768554688,0.007078014003104724,61.71459230469348,2.8146005454221665,2.2739974129490084,0
2024-09-03,221.1124725341797,227.29611365629745,219.52437135882835,226.84946493362216,50190600,-0.027205214688054147,225.06683502197265,220.08021575927734,0.01149996381745587,49.46986650569551,2.3409519495133395,2.2873883202618748,0
2024-09-04,219.20677185058594,220.12984491677884,215.86183603349318,220.01074262314262,43840200,-0.008618693743290162,224.5050476074219,220.33730133056642,0.011613473584187548,46.413531057707125,1.7911605226939287,2.1881427607482857,1
2024-09-05,220.7253875732422,223.80231295165626,219.87178579311316,219.9809679444758,36615400,0.006927777412329972,224.10603790283204,220.60631896972657,0.011984633539369868,49.11162312195397,1.4611433026605027,2.042742869130729,0
2024-09-06,219.17698669433594,223.56409767944487,218.13479623481732,222.28368749781316,48423000,-0.007015055657756841,223.73779754638673,220.76148712158204,0.01191548668146578,46.538647998975556,1.0624124384747233,1.846676782999528,1
2024-09-09,219.26632690429688,219.6236489368284,215.09757995493325,219.17700018247805,67180000,0.0004076167452997659,223.14921112060546,220.90158813476563,0.01120883889317421,46.71211944143403,0.7450360523605468,1.626348636871732,0
2024-09-10,218.47225952148438,219.83206111139577,215.1174037589381,217.29111136152258,51591000,-0.0036214743687437156,222.44747009277344,221.0948098754883,0.011117961596432812,45.305005356883164,0.4245444936437366,1.385987808226133,1
2024-09-11,221.0032958984375,221.43008920211523,216.26878297144034,219.81222755985956,44587100,0.01158516134953147,221.91446533203126,221.21710540771485,0.011903241954535267,50.430544975223924,0.3705150404613846,1.1828932546731834,1
2024-09-12,221.1124725341797,221.88666769221828,218.18442519080247,220.8444772424724,37455600,0.0004940045590648978,221.54523315429688,221.2717886352539,0.011823413714539443,50.64539514128006,0.3326711259707338,1.0128488289326936,0
2024-09-13,220.84449768066406,222.37303270856336,220.25889118684435,221.9164638014437,36766600,-0.0012119391115497091,220.8216583251953,221.2957321166992,0.010393256721240621,50.07172385747693,0.27785330008114784,0.8658497231623845,0
2024-09-16,214.71046447753906,215.6037619118882,212.32831274384958,214.9288136198369,59357400,-0.02777534992968067,219.56309356689454,221.10201751708985,0.012988538540250222,39.14212327531798,-0.25758614438453264,0.6411625496530011,1
2024-09-17,215.17694091796875,215.28612305537175,212.90398660599377,214.1446858286394,45519300,0.0021725836305406254,218.96954040527345,220.88828674316406,0.010676226596751827,40.21093639160681,-0.6369427321864976,0.3855414932851014,1
2024-09-18,219.0479736328125,221.05294820219595,215.92140190435074,215.93133719300198,59894900,0.017989997898145926,218.9536605834961,220.73492462158202,0.01223040439062718,48.32191411377884,-0.6181004948679174,0.18481309565449766,1
2024-09-19,227.16709899902344,228.11004268622213,222.95865620671253,223.31597824995185,66781300,0.03706551232389366,219.59783172607422,220.65868316650392,0.016936339208547452,60.44300779099767,0.051385338453997065,0.15812754421439756,0
2024-09-20,226.50209045410156,231.355706137216,225.9264040870641,228.258925130642,318679900,-0.0029273981481127143,220.3303421020508,220.6764129638672,0.016715407544288276,59.21785370489827,0.5222765736445751,0.23095735010043308,0
2024-09-23,224.78494262695312,227.742765583781,224.12984974700805,225.64846451262724,54146000,-0.007581156640567133,220.8822036743164,220.6009100341797,0.017062559989605906,56.05813492196123,0.7482761298345224,0.33442110604725095,1
2024-09-24,225.67823791503906,227.64351653597865,224.05044101841318,226.94871280288095,43556100,0.00397399967118095,221.60280151367186,220.46673553466798,0.016922378512014488,57.333557908973916,0.9880739688638869,0.46515167861057816,0
2024-09-25,224.68568420410156,225.59883710649478,222.35317851779175,223.2563961324406,42308700,-0.0043980922578417125,221.97104034423828,220.30438201904298,0.01681561125238469,55.40913387155903,1.0855115926569567,0.5892236614198539,1
2024-09-26,225.82713317871094,226.7998372114188,223.73283210674714,225.60876888531146,36636700,0.0050802033901389265,222.4425064086914,220.28263732910156,0.016839158362527265,57.18879179439848,1.2405368674761519,0.7194863026311136,1
2024-09-27,226.09510803222656,227.81224676693589,225.60876359989413,226.76013618443497,34026000,0.0011866370960107453,222.96756744384766,220.3594448852539,0.016801584732494892,57.61646303248619,1.3692351552363107,0.8494360731521531,1
2024-09-30,231.266357421875,231.266357421875,227.9412771261621,228.3283747151782,54541900,0.022872009194074838,224.62315673828124,220.53709930419922,0.014081918696764553,64.90282642092575,1.8669846464706268,1.052945787815848,0
2024-10-01,224.5269012451172,227.94129335648356,222.0752779583648,227.81227091446172,63285000,-0.029141532957444927,225.5581527709961,220.5869046020508,0.01826833024745781,52.2868665024891,1.6980627050299972,1.181969171258678,1
2024-10-02,225.09266662597656,225.67827315966653,221.3606479532611,224.20928918092056,32880600,0.00251981111270827,226.1626220703125,220.62720611572266,0.01763479278715112,53.110862559116235,1.5914975937701001,1.2638748557609625,0
2024-10-03,223.9908905029297,225.12240767637772,221.65838486968212,223.46483520314058,34044200,-0.004894766851190391,225.84500122070312,220.77376068115234,0.012967247736671952,51.254507981767546,1.401978712240549,1.2914956270568798,1
2024-10-04,225.11248779296875,226.3035561118749,222.46235586119454,226.20429410810965,37245100,0.005007334394361962,225.70604095458984,220.96356689453125,0.013100789107109687,53.053419574996155,1.3269904411622235,1.2985945898779485,0
2024-10-07,220.04052734375,224.01076551273388,219.68320530273118,222.8296172342201,39505400,-0.022530782272209282,225.23159942626953,221.04261444091796,0.01474379966357673,44.97115608323741,0.8485157149818292,1.2085788148987247,1
2024-10-08,224.09014892578125,224.29857792676054,221.58889489724396,222.63108533790577,31855700,0.01840398053448067,225.07279052734376,221.19710266113282,0.0160456516720303,51.34459700613921,0.7870193951451938,1.1242669309480187,1
2024-10-09,227.83209228515625,228.0405364361267,223.15714569962594,223.55416342639623,33591100,0.016698384008903222,225.3874313354492,221.4153259277344,0.01685568385400675,56.37275395446984,1.0283722399509827,1.1050879927486115,0
2024-10-10,227.3358154296875,227.7923994519787,225.47973405841245,226.0851959438118,28183500,-0.00217825702468466,225.53829956054688,221.55858703613282,0.016841622020433253,55.55278932858055,1.1661579704600342,1.117301988290896,0
2024-10-11,225.85693359375,227.70309500312143,225.64848941975737,227.5939128444124,31759200,-0.006505274292756158,225.5144821166992,221.74603118896485,0.016996650374991068,53.07529636629865,1.142846724311596,1.1224109354950362,1
2024-10-14,229.57901000976562,230.0058033150611,226.89910245149323,226.99834931201846,39882100,0.01647979699711377,225.3457473754883,221.97817474365235,0.016140579471989307,58.13571796567057,1.4084768099536689,1.1796241103867628,1
2024-10-15,232.11004638671875,235.7229623804217,230.6410474142004,231.87182665313995,64751400,0.011024685474710694,226.10406188964845,222.47091979980468,0.01293136410302593,61.19990804707283,1.8024465674079124,1.304188601790993,0
2024-10-16,230.05545043945312,230.39291705034768,228.1298824963092,229.87679699083486,34082200,-0.008851818261422673,226.6003402709961,222.96302276611328,0.013504892854270829,57.51946886551784,1.9266722383676154,1.4286853291063175,1
2024-10-17,230.42266845703125,232.1100316250369,228.80480686495974,231.69314333147315,32993800,0.0015962152467010604,227.24351806640624,223.41111511230469,0.013276573538348041,58.005565762289976,2.031337409457734,1.5492157451766009,1
2024-10-18,233.25148010253906,234.4226930307779,232.26884075534687,234.4226930307779,46431500,0.012276620457745135,228.0574172973633,223.84658294677735,0.013598990178264101,61.646421984480426,2.3158510803585273,1.7025428122129862,1
2024-10-21,234.720458984375,235.08771628667242,232.7055644739604,232.7055644739604,36254500,0.006297833056365443,229.5254104614258,224.2533334350586,0.010018649276341269,63.42000546506906,2.629552686819153,1.8879447871342196,0
2024-10-22,234.10508728027344,234.4624093106695,230.86934872103873,232.14974382855843,38846600,-0.002621721629057161,230.526904296875,224.61720581054686,0.009437933981390874,62.12398543875726,2.796274405664036,2.069610710840183,0
2024-10-23,229.0430145263672,233.3904297884605,226.06533615950997,232.33831918874512,52287000,-0.021623078817787023,230.6479965209961,224.80559356689454,0.01146214714627591,52.60133676851107,2.4912183884284502,2.1539322463578365,0
2024-10-24,228.8544464111328,229.10258628095696,226.71051430099084,228.26882480795348,31109500,-0.0008232869080260219,230.79985961914062,224.98127655029296,0.011433766988845672,52.27985423558302,2.2087819624453857,2.1649021895753466,1
2024-10-25,229.68821716308594,231.48474758840828,227.86191116183892,228.03064447383113,38802300,0.0036432359739049236,231.18298797607423,225.11408142089843,0.011168006461859286,53.629335922255365,2.028840184837293,2.137689788627736,1
2024-10-28,231.66339111328125,232.98349712196287,230.81972458948547,231.58399967772363,36087100,0.008599369939786161,231.39142608642578,225.25998748779296,0.010252891999820508,56.74964950262073,2.022303207697405,2.11461247244167,1
2024-10-29,231.93136596679688,232.5864588417728,230.59141979007921,231.36561495313973,35417200,0.0011567423416700695,231.3735580444336,225.41442962646485,0.009631762307159009,57.17073369365964,2.015512365401605,2.094792451033657,0
2024-10-30,228.38795471191406,231.73287549326048,227.8420439394486,230.8792736886572,47070900,-0.01527784411613431,231.2068084716797,225.48569580078126,0.010463780818250347,50.20962401927595,1.7045578177387313,2.016745524374672,0
2024-10-31,224.2291259765625,228.11995749798112,223.69313535160188,227.63359787833264,64370100,-0.018209492442793018,230.58745422363282,225.4759686279297,0.011777507428754651,43.512973538918615,1.1097488819322052,1.8353461958861788,0
2024-11-01,221.25143432617188,223.67328184782377,218.6310779402587,219.32586653780092,65276700,-0.013279682723741582,229.3874496459961,225.44380950927734,0.010918097271876552,39.45536539781539,0.3935471181559933,1.5469863803401418,0
2024-11-04,220.35812377929688,221.13231895883285,218.0752491010658,219.34572401852256,44944500,-0.0040375356191276746,227.9512161254883,225.3479281616211,0.010170915529663453,38.301449975843994,-0.24332572749528936,1.1889239587730556,1
2024-11-05,221.7874298095703,222.28370958768312,219.49461965793014,220.14971259990074,28111300,0.006486286984840106,226.71945037841797,225.27388336181642,0.01091243977630212,41.26149452993898,-0.6255085217871397,0.8260374626610165,0
2024-11-06,221.06285095214844,224.387931303672,219.54423614319148,220.95366880237512,54561100,-0.0032669969530915166,225.9214340209961,225.1684735107422,0.009291984261792204,40.20835784432995,-0.9756123461487789,0.4657075008990575,1
2024-11-07,225.78744506835938,226.18447798056903,222.89910825147632,222.95865940199351,42137700,0.021372175812722327,225.61473388671874,225.1881265258789,0.012198843657062164,49.29589924597625,-0.8619014260945335,0.2001857155003393,0
2024-11-08,225.51914978027344,227.20835428792034,224.9726384261151,225.72780810336752,38328800,-0.0011882648656780237,225.1978271484375,225.13690460205078,0.012077199014072369,48.841924273312166,-0.7843919085648849,0.0032701906872944775,0
2024-11-11,222.8064727783203,224.26714170400084,220.0938084143074,223.57158868270503,42005600,-0.012028588279958119,224.3121353149414,225.04711181640624,0.01187021515003772,44.39066871866563,-0.9311220256582828,-0.183608252581821,0
2024-11-12,222.8064727783203,224.15783943194586,221.9420008205612,223.12444853772337,40398300,0.0,223.39964599609374,225.08099182128908,0.011821786690861168,44.39066871866563,-1.0354704418920448,-0.3539806904438658,1
2024-11-13,223.69082641601562,225.2111120360391,221.34580821096,222.58787261698694,48566200,0.003969155952552539,222.9299331665039,225.17067291259767,0.01132779453924493,46.243013910449505,-1.034877937166243,-0.4901601397883413,1
2024-11-14,226.7711181640625,227.41698549346907,223.5715595215124,223.59143679436212,44923900,0.01377030876678953,223.18413238525392,225.29158752441407,0.01074825400567197,52.21374870814793,-0.7768989642501367,-0.5475079046807003,0
2024-11-15,223.57159423828125,225.47940335635096,222.8462328667566,224.96270031544069,47923700,-0.014109045065723413,223.41614837646483,225.37947967529297,0.010874679289789966,46.44348261184048,-0.8211578147143257,-0.6022378866874254,1
2024-11-18,226.57241821289062,228.28149999782985,223.74050538640262,223.8199993254601,44633700,0.013422205914992658,224.0375778198242,225.52560150146485,0.011349985685546316,51.82129816047347,-0.607093658958604,-0.6032090411416611,1
2024-11-19,226.8307647705078,228.6988344551977,225.22105418122663,225.53901477922054,36211800,0.0011402383381653447,224.54191131591796,225.69277160644532,0.011285016892113028,52.26569505845525,-0.4118522883547655,-0.564937690584282,1
2024-11-20,227.5461883544922,228.47027695087482,224.45593165289552,226.61215353970658,35169600,0.00315399714279585,225.19024505615235,225.82362945556642,0.011113930858804561,53.54362343871557,-0.1971211019700263,-0.49137437286143093,0
2024-11-21,227.06924438476562,228.69883223369175,224.2770861035494,227.42695953023323,42108300,-0.0020960314614610898,225.31842498779298,225.9427648925781,0.00908414723179543,52.533895642624685,-0.06468483555596549,-0.40603646540033783,1
2024-11-22,228.41065979003906,229.25526960886552,226.6121530455377,226.6121530455377,38168300,0.0059075169290669916,225.60757598876953,226.09408813476563,0.009204975667000773,55.09859853405964,0.1468204178734709,-0.29546508874557614,1
2024-11-25,231.39161682128906,231.7692092379923,228.28149797848934,229.99057974831032,90152800,0.013050866513805381,226.4660903930664,226.42771118164063,0.00856003006949017,60.23995219909161,0.5486536369521104,-0.12664134360603885,1
2024-11-26,233.56771850585938,234.07449047305911,231.84870566104107,231.84870566104107,45986200,0.009404410213577297,227.5422149658203,226.79552673339845,0.008610062903226339,63.523469151308305,1.0308199271708816,0.10485091054934524,0
2024-11-27,233.43853759765625,234.1937224347506,232.32565277909848,232.9814664022851,33498400,-0.0005530768936284902,228.51698608398436,227.08333801269532,0.008773503437137379,63.18985569448117,1.386533273814166,0.3611873832023094,1
2024-11-29,235.82330322265625,236.3002516789311,232.48463370489634,233.3192972938568,28481400,0.010215818045905767,229.42220458984374,227.25646209716797,0.008412166763439232,66.66985101705629,1.8396628314541772,0.656882472852683,1
2024-12-02,238.0689697265625,239.26134854667043,235.65440375298792,235.76370602927642,48137100,0.009522665797730534,230.87194213867187,227.48779968261718,0.005635071388439384,69.58575011527677,2.352855535541295,0.9960770853904054,1
2024-12-03,241.10952758789062,241.21882985808793,237.3833345065081,238.28756099978403,38861000,0.012771752088566624,232.32565307617188,227.81429138183594,0.005547007698168444,73.02658523112427,2.970668047219249,1.3909952777561743,1
2024-12-04,241.4672393798828,242.5602620666903,239.71841824290905,241.32812877991805,44383900,0.001483607037725987,233.78930053710937,228.1300714111328,0.005512807816208492,73.40774459478845,3.4493908355336487,1.8026743893116692,1
2024-12-05,241.49705505371094,242.98753231090083,240.59284370740727,242.4410361127995,40033900,0.00012347709736815204,235.18438720703125,228.466298828125,0.005780899739458004,73.4414322953266,3.7875277082160324,2.1996450530925418,0
2024-12-06,241.29830932617188,243.07695387436263,240.5431396985891,241.36787220390693,36870600,-0.0008229737107761093,236.60729370117187,228.77572235107422,0.005594217464820832,72.77957620000248,3.993432690505756,2.5584025805751844,1
2024-12-09,245.1835174560547,245.67041216886827,240.21525975684386,240.29475369946152,44649200,0.016101265444968593,238.28457946777343,229.1574905395508,0.0064208191985764326,77.12039895373462,4.4191761862447265,2.930557301709093,1
2024-12-10,246.197021484375,246.63423054379348,243.78244060146582,245.32260336553807,36914800,0.004133654818383015,239.76511993408204,229.4561038208008,0.0061192603722990836,78.10144307714836,4.783224247145569,3.3010906907963884,0
2024-12-11,244.92515563964844,249.2077910379196,244.69660488558225,246.38582450957213,45205800,-0.00516604887036487,240.90086364746094,229.8640689086914,0.006958657477647488,73.823497838923,4.912478025227671,3.6233681576826453,1
2024-12-12,246.38583374023438,247.1608807008323,244.12029436088807,245.32261935264157,32777500,0.005963773287277263,242.19559326171876,230.28993225097656,0.006704108890553277,75.48430163378313,5.0742839046808115,3.9135513070822787,1
2024-12-13,246.55474853515625,247.70737273801882,244.67674782957272,246.24671899982582,33155300,0.0006855702389934049,243.26873779296875,230.7412094116211,0.0066255408790853254,75.6764916340382,5.15670298014723,4.16218164169527,1
2024-12-16,249.4462890625,249.78414212694497,246.07781077104264,246.4156638354876,51694800,0.011727782752200655,244.4064697265625,231.2278854370117,0.006845088962759996,78.74788197404264,5.393174685555493,4.408380250467315,1
2024-12-17,251.8707733154297,252.21855739876366,248.19426586582333,248.49236434269267,51356400,0.009719464106047404,245.48259429931642,231.86449035644532,0.006504771869570035,80.92304863067395,5.710390011273631,4.668782202628578,0
2024-12-18,246.47523498535156,252.66567901684195,246.16720547453016,250.55914288199838,56774100,-0.021421851606899356,245.98339385986327,232.31219207763672,0.010468864781040959,64.98298435033712,5.4634315533967595,4.827712072782215,1
2024-12-19,248.20420837402344,250.4001849209636,245.52135228225407,245.92875304737495,60882300,0.0070147955788524285,246.65410919189452,232.71963439941408,0.010550476102343184,67.21179745277959,5.345608056966796,4.931291269619131,1
2024-12-20,252.8743896484375,253.3811464831127,244.13025293349912,246.4653249902114,147495300,0.01881588271612422,247.81171722412108,233.23040588378908,0.01158006243771059,72.33414190741686,5.564927663626321,5.058018548420569,1
2024-12-23,253.64944458007812,254.0270218726176,251.84099141600396,253.1526187871241,40858800,0.0030649799401123445,248.65830993652344,233.78625610351563,0.010873351190995788,73.08562446915617,5.735169029047427,5.193448644545941,1
2024-12-24,256.56085205078125,256.5707679464462,253.6693071300515,253.86804957710976,23234700,0.011478075481391237,249.69469299316407,234.32589294433595,0.011168410976675126,75.75025571920148,6.035439993589591,5.361846914354672,1
2024-12-26,257.37554931640625,258.44870970386563,255.9943897750778,256.55083207826743,27237100,0.003175454318586901,250.93973236083986,234.8312030029297,0.010693536683981278,76.45279423357603,6.266905175105933,5.542858566504925,0
2024-12-27,253.96739196777344,257.05766400729357,251.45345479939442,256.19316170058187,42355300,-0.013241962407404051,251.69788818359376,235.3094418334961,0.012133424827069137,67.62632837584313,6.104959016857663,5.655278656575472,0
2024-12-30,250.59889221191406,251.8906421270002,249.15810064436016,250.6287005424076,35557500,-0.013263512806741762,252.10230255126953,235.71296630859376,0.01319725611512684,60.22557390202409,5.639793709878234,5.652181667236024,0
2024-12-31,248.83021545410156,251.6720594492945,247.84649497663966,250.83739579916153,39480700,-0.007057799586427715,252.0406951904297,236.024541015625,0.012946988427520791,56.71593895624252,5.069985779742609,5.535742489737341,0
2025-01-02,242.3019256591797,247.51859606258614,240.28481431614935,247.34966196417784,55740700,-0.02623592067791325,251.08381042480468,236.1761703491211,0.014760509880346367,46.04905919478317,4.045002195229586,5.237594430835791,0
2025-01-03,241.8150177001953,242.6298040057451,240.3543488544026,241.8150177001953,40244100,-0.0020095092420736593,250.61778869628907,236.33036895751954,0.013393913086623079,45.36377052679014,3.1570138266439187,4.821478309997417,1
2025-01-06,243.4446258544922,245.7598357483754,241.6560500607284,242.75900387005615,45045600,0.00673906926788681,250.14183044433594,236.61840118408202,0.013373960350860126,48.14516777688565,2.5553163099848746,4.368245909994909,0
2025-01-07,240.67234802246094,243.9911405526811,239.81780708502322,241.4374487975533,40856000,-0.01138771423809637,248.92162628173827,236.8547592163086,0.011461122708719788,44.03795077868741,1.8336300945488517,3.8613227469056977,1
2025-01-08,241.15921020507812,242.16280789951685,238.52603985831155,240.3841632667122,37628900,0.0020229253032912897,247.67260284423827,237.08417907714843,0.011385408955857141,44.926520344108745,1.2861483609026436,3.346287869705087,0
2025-01-10,235.3463592529297,238.63534322792128,231.52079498772144,238.48628640867517,61710900,-0.02410378997014162,245.55115356445313,237.1578384399414,0.011230058743500346,37.30950047662418,0.378849509459684,2.7528001976560064,0
2025-01-13,232.9119110107422,233.18020116738663,228.26162915914,232.04743903723335,49630700,-0.01034410835976085,243.10478973388672,237.17744934082032,0.01045016612106657,34.6591899846035,-0.5305155417252081,2.0961370497797636,0
2025-01-14,231.7990264892578,234.62099318079112,230.99417118008773,233.25969544364762,39435300,-0.004778134860750183,240.88795318603516,237.24567077636718,0.01049103161792093,33.488069249753266,-1.3257123893334892,1.4117671619571133,1
2025-01-15,236.35987854003906,237.4429702030776,232.94171493841435,233.1503884256181,39832000,0.01967588958356825,239.46405181884765,237.48828582763673,0.013698910641247751,42.11973022011933,-1.5697933754105975,0.8154550544835713,0
2025-01-16,226.81089782714844,236.4990004602556,226.58236221549976,235.8432019589194,71759100,-0.04040017608687774,237.26212005615236,237.59947509765624,0.017565223691883017,32.585002547000286,-2.5048775851841185,0.15138852655003332,1
2025-01-17,228.5199737548828,230.8153063545454,227.02949646555186,230.6463874145182,68488300,0.007535246075507596,235.88392486572266,237.76271209716796,0.017142119589219507,35.403519139262286,-3.0726112643021395,-0.4934114316204013,0
2025-01-21,221.2265625,222.99526090225285,217.98726416864307,222.57792910461188,98070400,-0.03191585897303639,233.82507934570313,237.75149475097658,0.018940204349892038,29.697447436303307,-4.064211924806301,-1.2075715302575813,1
2025-01-22,222.40902709960938,222.6971793763667,218.39466636780546,218.39466636780546,64126500,0.005345038978352257,231.72151947021484,237.77841827392578,0.018818720233244074,31.621653221331798,-4.7004635634113185,-1.9061499368883288,0
2025-01-23,222.24009704589844,225.58869773276695,220.88873040600683,223.3132424800993,60234800,-0.0007595467500304265,229.8782943725586,237.70747131347656,0.01895814199931695,31.489053234461792,-5.158860679840444,-2.556692085478752,0
2025-01-24,221.3656768798828,224.19758968028435,220.00437919561992,223.35297985225768,54697900,-0.0039345742628749125,227.89894104003906,237.62440185546876,0.018708089249738314,30.76980050610625,-5.5289675999176495,-3.151147188366532,1
2025-01-27,228.4007568359375,230.67621232324768,222.55808059010397,222.59783514468413,94863400,0.03178035572277116,227.20438079833986,237.7362875366211,0.021607368087795772,42.2072421330696,-5.1947262718607305,-3.559863005065372,1
2025-01-28,236.7473907470703,238.66514594376807,229.3446904229109,229.38444497187513,75707600,0.03654381021656716,227.58792877197266,238.0151058959961,0.024655774814965115,52.28023669532436,-4.207828779510862,-3.6894561599544704,1
2025-01-29,237.84042358398438,238.33724933385383,232.52438199561368,232.6336842670617,45486100,0.004616873847964831,228.19206848144532,238.29809783935548,0.0245514186589882,53.425074278330506,-3.299472526098185,-3.6114594331832137,0
2025-01-30,236.0816650390625,239.26134692510684,235.7040877651042,237.1548105184623,55658300,-0.007394699851351549,228.16424713134765,238.48430877685547,0.02397554538701252,51.292721603391236,-2.6904963992176363,-3.4272668263900985,0
2025-01-31,234.5017547607422,245.62071750771995,231.95800933839706,245.62071750771995,100959800,-0.006692219313426562,228.93333282470704,238.70291198730467,0.019615415341968732,49.38582518604457,-2.308750152220341,-3.203563491556147,0
2025-02-03,226.5624542236328,230.35820991583037,224.26712187534005,228.5298949466701,73063300,-0.03385603892478206,228.73758087158203,238.70271270751954,0.022783466922424233,41.11409126274393,-2.6166851850007333,-3.0861878302450645,1
2025-02-04,231.32205200195312,231.64995878770605,225.21108671424065,225.8072836268673,45067300,0.02100788409372667,229.74712982177735,238.79253845214845,0.020765161255027875,46.86035535031728,-2.4484420382247833,-2.9586386718410083,0
2025-02-05,230.99417114257812,231.19289841511937,226.82083777153602,227.0791817096477,39620300,-0.0014174215408232493,230.60564422607422,238.86149810791017,0.020850518030637682,46.523551109216584,-2.3148808716897804,-2.8298871118107627,1
2025-02-06,231.73939514160156,232.31571480889477,228.9670990724139,229.82163993606684,29925300,0.00322615932400927,231.55557403564453,238.95490112304688,0.02078765134971902,47.448070639767934,-2.1244104550044653,-2.6887917804495034,0
2025-02-07,226.1848907470703,232.51444580894437,225.81722939017394,231.1233398047693,39707200,-0.023968753310749102,232.0374954223633,238.9103857421875,0.022568025411634763,41.666057146881535,-2.3940660579628457,-2.6298466359521724,1
2025-02-10,226.45346069335938,229.378010419489,226.00582893863492,228.36338248973718,33115600,0.0011873911886952637,231.84276580810547,238.8116226196289,0.02007644153128939,42.033873980025106,-2.5566275055002166,-2.6152028098617817,1
2025-02-11,231.39735412597656,233.99363668198936,226.93096309298542,227.00058728303875,53718400,0.021831829893347088,231.3077621459961,238.76821533203125,0.017407704704275738,48.47451019616148,-2.260470445493098,-2.5442563369880453,1
2025-02-12,235.62501525878906,235.71455375787428,229.4675472393098,229.98481838871234,45243300,0.01827013601249261,231.08622131347656,238.8119448852539,0.018498323925423756,53.257327425544474,-1.6654288927788912,-2.3684908481462146,1
2025-02-13,240.26051330566406,241.06625350434595,234.33184765944378,235.66480095549997,53614100,0.01967319998593431,231.5041061401367,238.90068908691407,0.019382222498385282,57.874610512100425,-0.8104656794454854,-2.0568858144060687,1
2025-02-14,243.3143768310547,244.25938055012708,239.7233505557091,239.9819785190441,40896200,0.012710634316781988,232.38536834716797,239.0055972290039,0.019394770458735618,60.633519991747605,0.11222641484343399,-1.6230633685561682,0
2025-02-18,243.18505859375,243.89131830963376,240.56887710589865,242.86673323889264,48822500,-0.0005314862154425226,234.0476287841797,239.0471078491211,0.014417249346970758,60.45296646594608,0.8235384080785764,-1.1337430132292192,1
2025-02-19,243.5829620361328,244.716969605811,241.88195827091008,243.37407429304395,32204200,0.0016362166519758858,235.27371978759766,239.0894223022461,0.013635921457140538,60.83937385536174,1.4031906613380443,-0.6263562783157666,1
2025-02-20,244.53793334960938,245.48293716802547,243.006019001845,243.65261174603793,32316900,0.003920517697518111,236.6280960083008,239.15023986816405,0.013448597465850904,61.803973309737934,1.9175234356353315,-0.11758033552554692,0
2025-02-21,244.25938415527344,247.38287960480025,243.93111682470231,244.6572756706751,53197400,-0.0011390837835277834,237.88009490966797,239.2094613647461,0.013611127426527874,61.32944439669633,2.2764181414695486,0.3612193598734722,1
2025-02-24,245.80123901367188,247.551982922016,243.1353173033831,243.64263125957103,51326400,0.006312366928012514,239.84172973632812,239.22181579589844,0.008922248283232763,63.02189948073551,2.654658333987186,0.8199071546962149,0
2025-02-25,245.74156188964844,248.68601093773057,243.62276739789988,246.69652285022872,48013300,-0.00024278609930084016,241.77053985595703,239.2127066040039,0.009060864705924205,62.90714074341613,2.9159872802371467,1.2391231798044013,0
2025-02-26,239.09664916992188,243.6923612222431,237.8731183985742,243.0457837458091,44433600,-0.027040247765294567,242.54046936035155,239.09613647460938,0.013167339855866121,51.63290926192985,2.55742304931249,1.502783153706019,0
2025-02-27,236.05276489257812,241.18564780716906,235.81402085750776,238.1516754344793,41153600,-0.012730769284769461,242.58324432373047,238.88947509765626,0.01291302241774716,47.43876011002832,2.0045352559587855,1.6031335741565724,1
2025-02-28,240.56887817382812,240.8175641664438,228.9900589647863,235.70458076540925,56833400,0.019131795737724833,242.61408081054688,238.76975769042969,0.01282339423077608,53.476950738042405,1.908777101197785,1.664262279564815,0
2025-03-03,236.77890014648438,242.7473638198223,234.8689935924468,240.51913191748446,47184000,-0.015754232451486216,241.96053314208984,238.51640991210937,0.012897485824296711,48.44699030274558,1.5096660307428351,1.6333430298004192,0
2025-03-04,234.68995666503906,238.80821160759587,233.4465266012979,236.46061504010896,53798100,-0.00882233797079457,241.11102294921875,238.17279357910155,0.013012581041083965,45.88519069259161,1.0131286347925652,1.5093001507988484,0
2025-03-05,234.50094604492188,235.30668622205877,228.02515316620742,234.18262069274581,47227600,-0.0008053630534644585,240.20282135009765,237.93330780029297,0.012928702573481173,45.64997672167077,0.5974802137419033,1.3269361633874595,0
2025-03-06,234.09310913085938,236.60981025581015,231.93451645578955,233.20778757123546,45170400,-0.001739169589466738,239.15833892822266,237.6510858154297,0.012678673800754804,45.11260661584011,0.23248685124147528,1.1080463009582628,1
2025-03-07,237.81346130371094,240.10136041796665,233.5261018066448,233.87426828677374,46273600,0.01589261720118329,238.5137466430664,237.34986724853516,0.014200554654183382,50.801960441147216,0.24065419809977584,0.9345678803865655,0
2025-03-10,226.2843780517578,234.9187645202326,223.04151782981955,234.30201287196223,72071200,-0.04847952335729799,236.562060546875,236.80256591796876,0.01983935268688012,37.74493109829348,-0.6753883302793042,0.6125766382533915,0
2025-03-11,219.6792755126953,224.65299583409444,216.3070937419303,222.63366659789358,76137400,-0.029189388131564797,233.9558319091797,236.06493438720702,0.020666689959513346,32.578768776536066,-1.9122915014385171,0.10760301031500974,0
2025-03-12,215.8395538330078,220.58448707211764,213.7804415985268,218.98294858814833,62547500,-0.017478761575147272,231.63012237548827,235.23421447753907,0.020051780589974613,30.007518461702233,-3.1658852709378493,-0.5470946459355621,0
2025-03-13,208.5779266357422,215.70029772842102,207.3245545879158,214.81497612462363,61368300,-0.0336436351368844,228.88263854980468,234.32642517089843,0.021412869285869225,25.85202054073352,-4.691242271085997,-1.3759241709656491,1
2025-03-14,212.367919921875,212.82549370042787,208.47846691122496,210.13968770979585,60107600,0.01817063457894852,226.0625427246094,233.56180572509766,0.0212587606504732,31.20664082578729,-5.530525444717597,-2.2068444257160387,1
2025-03-17,212.87521362304688,214.0888025037831,208.8663965620962,212.18883784213668,48073400,0.002388749211079011,223.67217407226562,232.84270568847657,0.021690113101172068,31.915376204925025,-6.084589682144951,-2.9823934770018212,0
2025-03-18,211.5720977783203,214.01915944879542,210.37840804794794,213.03437263106773,42432400,-0.006121501054763834,221.36038818359376,232.22810913085937,0.021728315953713894,31.03099097648429,-6.55329780241928,-3.696574342085313,1
2025-03-19,214.10870361328125,217.6101915579757,212.6265295918345,213.0940604852241,54385400,0.01198932118931273,219.3211639404297,231.6739828491211,0.022691820687086386,34.81740255622421,-6.64348748471798,-4.2859569706118466,0
2025-03-20,212.97470092773438,216.3468825511506,211.10457731145533,212.86527847830126,48862900,-0.005296387612504949,217.20932312011718,231.06458435058593,0.02259614829072102,33.920828708242766,-6.728901410326472,-4.774545858554772,1
2025-03-21,217.1227569580078,217.6897530924643,210.16949157971558,210.44801865955165,94127800,0.019476754807985053,215.14025268554687,230.59359252929687,0.0230616061126321,40.00650789742601,-6.388239458911613,-5.097284578626141,1
2025-03-24,219.56985473632812,220.31591279023903,217.43116105321957,219.83843988574125,44299500,0.011270572521302258,214.46880035400392,230.16180541992188,0.01903240120837013,43.32273845779895,-5.853328540770008,-5.248493371054915,1
2025-03-25,222.573974609375,222.92214108802088,218.92326587520165,219.6096416779903,34493600,0.013681841146428786,214.75827026367188,229.9063577270508,0.017176423957550178,47.182570899356506,-5.127889301176481,-5.224372557079229,0
2025-03-26,220.36563110351562,223.83729303324841,219.31120492080973,222.3352199198642,34466100,-0.00992184063628776,215.21087799072265,229.65543212890626,0.01640010239602756,44.768942100208115,-4.677251893971743,-5.114948424457731,1
2025-03-27,222.67344665527344,223.80745418869535,219.40073045135125,220.22636977863218,37094800,0.010472665543175053,216.62042999267578,229.47292053222657,0.010592264958648687,47.77558344574562,-4.086787136118687,-4.909316166789923,0
2025-03-28,216.75473022460938,222.63367141455515,216.53588531144595,220.50491967808455,39818600,-0.02658025247090634,217.05911102294922,229.08081756591798,0.01405363471890883,41.531271237770795,-4.049747543823969,-4.737402442196732,1
2025-03-31,220.9624786376953,224.4341253115235,215.09348022110552,215.86937928840504,65299300,0.019412487140306967,217.86783752441406,228.9638491821289,0.015081167296129917,46.849787928256426,-3.6389161090012863,-4.5177051755576425,1
2025-04-01,222.0169219970703,222.50433685640354,217.749461617725,218.65468232589998,36412700,0.004772047118026368,218.91231994628907,228.83378814697267,0.01466962216955063,48.1232837587032,-3.191455359500594,-4.2524552123462325,1
2025-04-02,222.71324157714844,224.00641185945875,219.8583310514353,220.15675729790527,35905900,0.0031363356171891787,219.77277374267578,228.86352172851562,0.01446177205278155,48.992438536690635,-2.7489639754753057,-3.9517569649720476,0
2025-04-03,202.12203979492188,206.39944211542388,200.19223396809613,204.4596791341039,103419000,-0.09245611817424748,218.68750762939453,228.45778198242186,0.03390732261313945,31.946889505700824,-4.013558458077824,-3.964117263593203,0
2025-04-04,187.38987731933594,198.82943318150367,186.3553350717911,192.87091122900438,125910900,-0.07288746190437001,215.71421966552734,227.76077758789063,0.03882173547376396,25.19327762102651,-6.133814293404811,-4.398056669555524,0
2025-04-07,180.50625610351562,193.12954493623218,173.70219548773406,176.26863687444822,160466300,-0.03673422126260195,211.8078598022461,226.9435891723633,0.03832693392494617,22.770995695834287,-8.274203158317306,-5.173285967307881,0
2025-04-08,171.51376342773438,189.33957458197378,168.32064359895526,185.71870692843436,120859500,-0.049818177330232194,206.70183868408202,225.80584930419923,0.03761765172089403,20.057855002428298,-10.574202930794627,-6.25346936000523,1
2025-04-09,197.80484008789062,199.55558397169528,170.9865365771085,171.04621878540135,184395900,0.15328843665210412,204.44575958251954,225.02699829101562,0.0680287350161977,41.86653812569801,-10.1583994527995,-7.034455378564084,0
2025-04-10,189.41915893554688,193.7562435722064,182.0381599544528,188.0762635840202,121880000,-0.04239371063224606,201.12033081054688,224.05857299804688,0.06842286828620797,38.27951082789297,-10.385805487003978,-7.704725400252064,1
2025-04-11,197.1085205078125,198.49121408156802,185.0820690088969,185.12186726950821,87435900,0.040594423581418404,199.15570983886718,223.27911010742187,0.070324443657747,43.09412364256851,-9.832219485393608,-8.130224217280373,1
2025-04-14,201.45555114746094,211.82078139531484,200.10269875392328,210.32866545443895,101352900,0.022053996592583225,197.20501708984375,222.61818603515624,0.07044082952999742,45.674158490774865,-8.939678498799395,-8.292115073584178,0
2025-04-15,201.07754516601562,202.44033954558066,198.74984792281177,200.7990180691496,51343900,-0.0018763741147476143,195.11107940673827,222.1084878540039,0.07034822394063907,45.4810552144261,-8.168671895300406,-8.267426437927424,0
2025-04-16,193.24891662597656,199.64511311117855,191.35889396287376,197.31741584829123,59732400,-0.03893338032138549,192.1646469116211,221.34702514648438,0.07088345980871917,41.56195182600957,-8.096022594951904,-8.233145669332322,1
2025-04-17,195.94468688964844,197.7849695303218,193.39814444403507,196.16353180406117,52164700,0.013949730279158024,191.54691162109376,220.64603546142578,0.06520935842132052,43.371511999497045,-7.731794061167079,-8.132875347699274,0
2025-04-21,192.14474487304688,192.78138039340035,188.81234657174457,192.25416731460396,46742500,-0.01939293214284299,192.02239837646485,219.8541424560547,0.06072173711038334,41.4243083802351,-7.661447489740766,-8.038589776107573,1
2025-04-22,198.69017028808594,200.53043756485187,194.93998119085117,195.08918671811182,52976400,0.03406507640562184,193.84078979492188,219.304248046875,0.05955118730088539,45.92758058998038,-6.996880513323987,-7.830247923550856,1
2025-04-23,203.52462768554688,206.9067512010516,201.7340854567431,204.9172632087338,52929200,0.024331638502555597,197.04187622070313,218.84567138671875,0.0556011216716328,49.043626374236545,-6.010817129572359,-7.466361764755158,1
2025-04-24,207.27481079101562,207.73239972806866,201.87335793866913,203.81310578126346,47311000,0.018426188260926013,197.98887329101564,218.36322052001952,0.02954317043553417,51.38405899868925,-4.870601101073447,-6.947209632018816,1
2025-04-25,208.18002319335938,208.6475540878433,205.1162098506388,205.28531450927932,38222300,0.0043672089188706575,199.86495971679688,217.81432067871094,0.02445643790125406,51.9576529359381,-3.8495533531899184,-6.327678376253036,1
2025-04-28,209.03550720214844,210.38835967290976,206.3696005213303,208.89624364686077,38743100,0.004109347264288132,201.05765838623046,217.18982055664063,0.0219367855953099,52.527701945354075,-2.937473876475309,-5.649637476297491,1
2025-04-29,210.09988403320312,211.12446912484504,207.27479957627347,207.59312493762445,36827600,0.00509184705173249,201.92209167480468,216.5255307006836,0.021210738663022245,53.27062889927132,-2.1044986546179416,-4.9406097119615815,1
2025-04-30,211.3831024169922,212.4574277707069,205.5837430092506,208.19992461631293,52286500,0.006107658696214546,202.95264739990233,215.88949157714845,0.021097621618263677,54.201200506039584,-1.3255348501297703,-4.217594739595219,1
2025-05-01,212.19879150390625,213.43226431553572,207.8020097882055,207.98107159612528,57365700,0.003858818787250806,204.8476348876953,215.2618081665039,0.014437088090172,54.81714600160646,-0.635060547940725,-3.50108790126432,0
2025-05-02,204.27069091796875,205.9020705063368,201.09745506032002,205.0067917796952,101010600,-0.03736166699984034,205.68023529052735,214.45646331787108,0.020515356890069385,48.052659953333055,-0.7192945682042762,-2.9447292346523115,0
2025-05-05,197.8446502685547,203.0272736250085,197.1682315771274,202.03252954096354,69018500,-0.031458456524213974,206.25022583007814,213.52816864013673,0.02234111519796868,43.37997323384561,-1.2897114214329122,-2.613725672008432,0
2025-05-06,197.46661376953125,199.59536519080132,195.9844550154461,197.1682027308483,51216500,-0.0019107744308995978,206.12787017822265,212.5614761352539,0.019530156543883268,43.11436218009618,-1.75207840412466,-2.4413962184316778,0
2025-05-07,195.218505859375,198.39174158064424,192.23427392267118,198.1231564563361,68536700,-0.011384749387458926,205.29725799560546,211.55101501464844,0.017673450757716813,41.487530740437535,-2.2737012762274844,-2.407857229990839,1
2025-05-08,196.45199584960938,198.99853803284546,193.65675249053749,196.68078271707188,50478900,0.006318509532712513,204.21497650146483,210.69812194824217,0.01632878021157315,42.76366269834322,-2.558070977073129,-2.4378999794072973,1
2025-05-09,197.48654174804688,199.4859718922483,196.5017396407649,197.95407268173315,36453900,0.0052661511223814905,203.1456283569336,209.92679748535156,0.01638982320657468,43.86938426938036,-2.6691880672953516,-2.4841575969849083,1
2025-05-12,209.95704650878906,210.435160708662,205.93301745006437,210.13634313336473,63775800,0.06314609922458425,203.23778228759767,209.3145608520508,0.027174560617941625,55.12351039364618,-1.7310294184097756,-2.3335319612698817,1
2025-05-13,212.08860778808594,212.55675181657614,208.1741443311085,209.5984864444124,51909300,0.010152368376012744,203.43665466308593,208.8207550048828,0.027310818316909565,56.72082129536975,-0.8062389285593383,-2.028073354727773,0
2025-05-14,211.490966796875,213.09460539099953,209.7478820292828,211.5905625216416,49325800,-0.0028178835131403845,203.44744110107422,208.35677520751952,0.027281106839016984,56.1177095951997,-0.1201751317810249,-1.6464937101384234,0
2025-05-15,210.61444091796875,212.11848379882832,208.71198473801002,210.11641669484823,45029500,-0.0041445074093784395,203.28900604248048,207.87904510498046,0.027285132803369028,55.19081342668536,0.3487864637511393,-1.247437675360511,0
2025-05-16,210.42520141601562,211.73003772257164,208.94109887256835,211.52086084946143,54737900,-0.0008985115224213747,203.90445709228516,207.4056869506836,0.024043606614430623,54.97967607819493,0.6971357140692191,-0.858522997474565,0
2025-05-19,207.95501708984375,208.65224804197354,203.45287334417097,207.08845970637495,46140500,-0.01173901371864805,204.91549377441407,206.80851806640624,0.02156354207355254,52.173895031886275,0.7650626082241843,-0.5338058763348152,0
2025-05-20,206.04258728027344,207.64622592622177,204.2198167548668,206.84938410987283,42496600,-0.00919636292662307,205.7730911254883,206.40368225097657,0.02195005278080622,50.04453506245913,0.6570045193117835,-0.2956437972054955,0
2025-05-21,201.2914276123047,206.22186440009241,199.91689108628387,204.3592586621154,59211800,-0.02305911477177236,206.38038330078126,206.03592529296876,0.023163904530066743,45.11797042778259,0.18584650440783435,-0.19934573688282956,0
2025-05-22,200.56431579589844,201.94882252859867,198.91087172706415,199.91689038506837,46742400,-0.003612234385890978,206.79161529541017,205.73042053222656,0.02323301998656098,44.397636880336385,-0.24341552116362664,-0.20815969373898896,0
2025-05-23,194.49838256835938,196.91877297523902,192.6955373289648,192.9046989896,78432900,-0.030244329373685708,206.4927993774414,205.4488296508789,0.025348424659213383,38.8281869466467,-1.0608500662308415,-0.3786977682373595,1
2025-05-27,199.4188690185547,199.94677348688452,196.64984031499387,197.51641281084125,56288500,0.025298341226390075,205.43898162841796,205.1898486328125,0.01562849990692186,44.86960202455872,-1.2966833398009499,-0.5622948825500776,1
2025-05-28,199.62803649902344,201.9289060786693,199.11008702875665,199.79736291846774,45339700,0.0010488851004830657,204.19292449951172,204.92490509033203,0.014894002646303821,45.11773822722883,-1.4499902555258757,-0.7398339571452373,0
2025-05-29,199.15988159179688,203.0046291598645,197.72556941325453,202.77554227533128,51396800,-0.002345136061230768,202.9598159790039,204.67666076660157,0.014905746785795393,44.633520984211835,-1.5909240965646063,-0.9100519850291111,1
2025-05-30,200.05633544921875,201.1619498266407,196.00241099917397,198.5821728136608,70819900,0.0045011768949494435,201.9040054321289,204.3956134033203,0.01526460230335573,45.832346551204964,-1.611700170329783,-1.0503816220892455,1
2025-06-02,200.90298461914062,201.3312933884623,199.3292261245183,199.4885975362889,35423300,0.0042320537763562704,200.9517837524414,204.15417907714843,0.015503052823588772,46.999556088972696,-1.5420718023704865,-1.1487196581454937,1
2025-06-03,202.46678161621094,202.96480586317466,200.16591202699755,200.55437033168948,46381600,0.007783841539412029,200.40296020507813,203.8610595703125,0.01571951713219607,49.17788334429714,-1.345198855600529,-1.188015497636501,0
2025-06-04,202.0185546875,205.42503857555045,201.30139858491114,202.10819540070028,43604000,-0.0022138294743113685,200.00055694580078,203.51003356933595,0.01554606763094257,48.561798347534605,-1.211379762209532,-1.1926883505511072,0
2025-06-05,199.8372039794922,203.94091870107042,199.35908978394463,202.69585814733983,55126100,-0.010797774052893838,199.85513458251953,203.05529815673827,0.014105139447007956,45.5698077100718,-1.2667417282860356,-1.207499026098093,1
2025-06-06,203.11419677734375,204.8871617909174,201.2515910514923,202.19783403313102,46607700,0.01639831188885066,200.11012268066406,202.71026947021485,0.01502523151831763,50.50352659925336,-1.034268153978502,-1.1728528516741747,0
2025-06-09,200.65396118164062,205.18598475848052,199.22961916524454,203.58234611432158,72862600,-0.012112573294913775,200.72568054199218,202.26987976074219,0.011457145304829821,47.055054568799456,-1.03660231673976,-1.1456027446872918,1
2025-06-10,201.86912536621094,203.54249456453348,199.77743286642308,199.80731310224203,54672600,0.006056018916418493,200.9707061767578,201.97216766357423,0.008585475991911019,48.910629515723045,-0.9296817706554634,-1.1024185498809262,0
2025-06-11,197.99452209472656,203.69192080198684,197.62598900862739,202.6958722895077,60989900,-0.0191936397626703,200.80735473632814,201.51280853271484,0.010752394740053548,43.6567256902123,-1.1444026092474076,-1.1108153617542227,1
2025-06-12,198.41285705566406,198.890956077424,196.58013147350607,198.29333609984755,43904600,0.002112861287835832,200.73265228271484,201.0407272338867,0.010772190848172608,44.3517689449689,-1.2662181114398265,-1.1418959116913434,0
2025-06-13,195.67372131347656,199.57822954037988,194.92668495173118,198.94075911963023,51447300,-0.013805233102505254,200.2943908691406,200.49993682861327,0.01139850534616884,40.80256245571016,-1.565734326364037,-1.2266635946258821,1
2025-06-16,197.6359405517578,197.90487790098294,195.78328974313985,196.52037110088898,43020700,0.010028016154186137,199.96768646240236,200.41021484375,0.011895815278076208,44.244676972570794,-1.6260245916826648,-1.3065357940372389,0
2025-06-17,194.86692810058594,197.6060614779548,194.43863454049264,196.4207613301707,38856200,-0.014010672570188287,199.20770111083985,200.559755859375,0.011986927587107357,40.65239357545592,-1.875620241906887,-1.4203526836111684,1
2025-06-18,195.80320739746094,196.7893008408277,194.2991796996429,195.16573699325735,45394700,0.004804711122616601,198.58616638183594,200.8656948852539,0.01228878997086445,42.35660818807124,-1.9751088531078267,-1.5313039175105,1
2025-06-20,200.20574951171875,200.90298042554332,196.08210930882012,197.45666110928434,96813500,0.022484525012509637,198.6230209350586,201.4395346069336,0.014300252540453721,49.6745878671648,-1.6793474669784985,-1.5609126274040999,1
2025-06-23,200.70376586914062,201.50060768152076,198.17380945321412,200.83325703321927,55814300,0.0024875227541492073,198.3819778442383,201.4975131225586,0.013191294947947947,50.44104624027857,-1.3887599197953477,-1.5264820858823496,0
2025-06-24,199.5084991455078,202.63609053842802,199.40888822531906,201.78944331230142,54064000,-0.005955377660487593,198.267431640625,201.69929992675782,0.012757490179921787,48.53065088464193,-1.2406142021519315,-1.469308509136266,1
2025-06-25,200.76351928710938,202.8651820841085,199.82723133036671,200.65395335177794,39525700,0.006290559785556926,198.15687103271483,201.77239990234375,0.012771088915701424,50.64436599911434,-1.0102919995154878,-1.3775052072121106,0
2025-06-26,200.20574951171875,201.8392684520338,198.67184150130464,200.63404307360597,50799100,-0.0027782426676480343,198.37799377441405,201.7474038696289,0.011034790538634261,49.66810854533225,-0.8628212872301901,-1.2745684232157264,1
2025-06-27,200.28543090820312,202.41697405518968,199.20969672208463,201.09222774816857,73188600,0.0003979975434207361,198.56525115966798,201.73156158447264,0.011031763078989213,49.81693394566644,-0.7310924834440584,-1.1658732352613927,1
2025-06-30,204.35926818847656,206.570497066428,198.47261792694385,201.21175129212304,91912800,0.020340157852722696,199.43380584716797,201.95376861572265,0.011224664937146415,56.84305915894037,-0.29457614491806794,-0.9916138171927278,1
2025-07-01,206.99879455566406,209.35942450018746,205.3254252695324,205.85332972802502,78788900,0.012916107943551136,200.3700912475586,202.17485076904296,0.011420750246826252,60.68397914259678,0.26134133643682844,-0.7410227864668166,1
2025-07-02,211.6005401611328,212.49697770796604,207.31752868499885,208.08449026524102,67941800,0.02223078455769123,202.04345245361327,202.56396667480467,0.010540721346873573,66.31294859303375,1.0610017893712609,-0.3806178712992011,1
2025-07-03,212.70616149902344,213.80180573654258,210.97303162710094,211.31168447150716,34955800,0.005225040243511225,203.73374786376954,202.84428649902344,0.010525965434947097,67.51630225668993,1.7636229143296873,0.04823028582657657,0
2025-07-07,209.12037658691406,215.37555986284275,207.97492690746134,211.83958469799765,50229000,-0.016857926854769723,204.62521057128907,202.95620147705077,0.01192164127078267,60.02702954591576,2.007965763808869,0.4401773814230351,1
2025-07-08,209.18014526367188,210.59453234535175,207.62631199643187,209.26980118177752,42848900,0.00028580991356896845,205.47284851074218,202.9943081665039,0.011981674100076289,60.10646376306332,2.181287540164334,0.7883994131712948,1
2025-07-09,210.30564880371094,210.4949004226829,206.4011410808137,208.7020103462271,48749400,0.005380546698733557,206.5525634765625,203.03682067871094,0.011436982532949455,61.65187217311021,2.382006735201884,1.1071208775774126,1
2025-07-10,211.57066345214844,212.63642743345136,209.2000631819418,209.67816220166208,44443600,0.00601512444213137,207.6332778930664,203.08752380371095,0.011434778656873394,63.369454245573245,2.6130328373408247,1.4083032695300952,0
2025-07-11,210.32559204101562,211.29176024279,209.03072603053,209.73792710960444,39765800,-0.005884896283904761,208.6452621459961,203.0920379638672,0.011717805973965467,60.49739498658402,2.664936105794169,1.65962983678291,0
2025-07-14,207.79562377929688,210.07658325197187,206.71988962428105,209.10044482334126,38840100,-0.012028817972971062,209.39628143310546,203.02028839111327,0.012863572960541324,55.038719849381735,2.4734105874846932,1.8223859869232668,1
2025-07-15,208.28370666503906,211.05272033528996,208.09445501444372,208.39327261019983,42296300,0.002348860273691855,209.78872528076172,202.94198669433592,0.01146997770812501,55.86606442017621,2.334103353626375,1.9247294602638887,1
2025-07-16,209.32952880859375,211.5606674273932,207.81553103262843,209.4689749722687,47490500,0.005021142365382314,210.02179870605468,203.04316345214843,0.010889307242638474,57.663731505555596,2.281787448481026,1.9961410579073162,0
2025-07-17,209.1901092529297,210.9630743588066,208.7618004967043,209.7379389650813,48068100,-0.0006660290903895971,209.78075561523437,203.27007263183594,0.007991275750033467,57.32849009590044,2.203674140026692,2.0376476743311915,1
2025-07-18,210.3455047607422,210.95309492429405,208.87135730762196,210.0367321724359,48974600,0.005523184207602894,209.54468994140626,203.52765045166015,0.008018073666954468,59.4333155770424,2.209529461490206,2.0720240317629948,1
2025-07-21,211.64036560058594,214.92732845073886,210.7937335563828,211.2618775331451,51377400,0.006155875978032466,209.79668884277345,203.85608764648438,0.006049306165145156,61.7126621204835,2.292230883348111,2.116065402080018,1
2025-07-22,213.5527801513672,214.1006098348481,211.39135685335447,212.29776458434165,46404100,0.00903615217897702,210.23395233154298,204.19810333251954,0.006514903622935134,64.85363964397258,2.4834604414660646,2.1895444099572274,0
2025-07-23,213.30377197265625,214.29982043425818,211.57065737650467,214.15041924441525,46989300,-0.0011660263965397322,210.5337646484375,204.5144479370117,0.006476328414701539,64.11608716982273,2.5851187255477157,2.2686592730753254,0
2025-07-24,212.91531372070312,214.83769515517375,212.68622683006964,213.05475989741393,46022600,-0.0018211504107996657,210.66822967529296,204.57361328125,0.00633313056464093,62.914039844968066,2.604317364196106,2.3357908912994816,1
2025-07-25,213.0348663330078,214.38949295365802,212.55675209148805,213.85161823157193,40268800,0.0005615031169694529,210.93915710449218,204.59253845214843,0.0059076283386785885,63.143059753120575,2.5992171628173537,2.388476145603056,1
2025-07-28,213.20416259765625,214.00100435562788,212.21806921233596,213.18423737412155,37858000,0.0007946880600464556,211.48001098632812,204.62680236816405,0.0036567277857782235,63.48692250685511,2.5791056852667396,2.426602053535793,0
2025-07-29,210.43516540527344,213.96117031669576,209.9869466315705,213.33365491441555,51411700,-0.012987538135492582,211.69515686035157,204.62321685791017,0.006138069152353569,54.52641468623963,2.313068646935676,2.4038953722157697,0
2025-07-30,208.2239227294922,211.55072076453234,206.89917652304968,211.06265157316113,45512500,-0.010507952278425825,211.5845962524414,204.5791912841797,0.006933288082845547,48.62438918057977,1.9018798861075936,2.3034922749941344,0
2025-07-31,206.74977111816406,209.0107900151974,206.34138763159262,207.6661338109758,80698400,-0.007079645758298558,211.34056243896484,204.5550863647461,0.007239443903501342,45.118192605879315,1.4404534647704281,2.130884512949393,0
2025-08-01,201.58030700683594,212.7360475386617,200.7037794341265,210.03674932642843,104434500,-0.025003481664671923,210.46404266357422,204.46584075927734,0.010016713257396722,35.46152003034865,0.6501427102291188,1.8347361524053385,1
2025-08-04,202.5464630126953,207.0585613783641,200.88304868853191,203.70186769022786,75109300,0.004792908693340925,209.55465240478514,204.49094146728515,0.009868291425492635,38.126929273022824,0.10061661286243861,1.4879122444967585,0
2025-08-05,202.11814880371094,204.52858421879685,201.36115745633876,202.59624780213056,44155100,-0.0021146466969286237,208.41118927001952,204.5220181274414,0.008756513085187304,37.38970918327861,-0.3652379201257645,1.1172822115722538,1
2025-08-06,212.40733337402344,214.52892145014,204.77759854868273,204.81744899810374,108483100,0.05090678215297206,208.32154541015626,204.88019714355468,0.01993598596107114,58.266165509142596,0.09472824248820189,0.9127714177554435,1
2025-08-07,219.16055297851562,219.9773200540019,215.7241886502616,218.01510326859565,90224800,0.03179372151243287,208.9460693359375,205.2750308227539,0.022330966683966284,66.22606110826757,0.992739440991528,0.9287650224026605,1
2025-08-08,228.4437255859375,230.08719950298993,218.38362983130105,219.95738825778145,113854000,0.042357862677650404,210.48695526123046,205.8513446044922,0.02548808877686358,73.66248469490073,2.4255341841033555,1.2281188547427995,0
2025-08-11,226.53909301757812,228.91238364576833,224.12592192869855,227.27701087414155,61806100,-0.00833742561094275,211.82044830322266,206.3989288330078,0.025907030533013856,70.24506971844934,3.368516251639761,1.656198334122192,1
2025-08-12,229.00210571289062,230.14887046423402,226.42939779448272,227.36673308681236,55626200,0.010872351709827699,213.67714233398436,206.97784423828125,0.02500804338343339,72.05083117513597,4.265411861425264,2.1780410395828063,1
2025-08-13,232.6717529296875,234.33703985510917,229.77992501054072,230.4181341091737,69878500,0.016024512985909567,216.1219253540039,207.6132196044922,0.024127704359177892,74.5308669844295,5.21223456033016,2.784879743732277,0
2025-08-14,232.12330627441406,234.4567012802976,230.19875827485632,233.39969406647393,51916300,-0.0023571690519698096,218.6592788696289,208.20635009765624,0.023768901606707145,73.48141797146235,5.850897801383951,3.398083355262612,0
2025-08-15,230.93666076660156,233.61907447658757,228.69300821277216,233.3398655982593,56038700,-0.005112134265439328,221.59491424560548,208.7847122192383,0.0210102680325591,71.14713304715859,6.1899369064138625,3.9564540654928626,0
2025-08-18,230.23863220214844,232.46233685580373,229.46083388892833,231.04634466466607,37476200,-0.0030225974608621975,224.36413116455077,209.3927407836914,0.021525020219559186,69.74361604958621,6.329342053003273,4.431031662994945,0
2025-08-19,229.90957641601562,232.21305735738468,228.70299840660482,230.6275464777077,39402600,-0.0014291944969683223,227.14327392578124,209.92864837646485,0.021472209299621414,69.0520749034374,6.3401838908618515,4.812862108568327,0
2025-08-20,225.3723907470703,229.81981519856654,225.13307755654054,229.33119207499826,42263900,-0.019734652812962383,228.43977966308594,210.42301696777344,0.019174884284827543,60.18992539023908,5.914484663275488,5.03318661950976,0
2025-08-21,224.26551818847656,225.88095827873425,223.14868274098328,225.63166356522294,30621200,-0.004911305040181113,228.95027618408204,210.87094482421875,0.017113500445795925,58.2266558004957,5.425260566751376,5.111601408958083,1
2025-08-22,227.11744689941406,228.44369658121065,224.77408575714253,225.53193619713707,42477800,0.012716750813830835,228.8176483154297,211.4534033203125,0.010851873548937461,61.693646486781574,5.207643287820076,5.130809784730482,0
2025-08-25,226.5191650390625,228.65312729963858,225.59178073979155,225.84107546750252,30983100,-0.002634239986928577,228.81565551757814,212.01552947998047,0.01054133299912411,60.55817030441127,4.930072869166992,5.090662401617784,1
2025-08-26,228.6630859375,228.84258604761433,224.05612439304167,226.22996704217394,54575100,0.00946463359101557,228.78175354003906,212.67531677246095,0.010388917650857182,63.17383285234744,4.8274450302780565,5.038018927349839,1
2025-08-27,229.8397674560547,230.24859923631865,227.6160475796746,227.96506627689797,31259500,0.005145918125483151,228.4985549926758,213.31939331054687,0.008988028226163713,64.56288292600264,4.785891317183911,4.9875934053166535,1
2025-08-28,231.90391540527344,232.7515235304584,228.692998228932,230.16883391080088,38074700,0.00898081290311703,228.47661590576172,214.06013305664064,0.009523252547354012,66.92006233064131,4.863456292136931,4.962765982680709,0
2025-08-29,231.485107421875,232.7216147258446,230.71727541448905,231.85405874294378,39418400,-0.001805954775134011,228.53146057128907,214.7737710571289,0.009384502316133636,65.96136242522417,4.8353933844684605,4.93729146303826,0
2025-09-02,229.07192993164062,230.19874691737337,226.3296880547272,228.60325464814514,44075600,-0.010424763463666054,228.41479034423827,215.35109466552734,0.00994865372308292,60.57633022169483,4.565798390527533,4.8629928485361145,1
2025-09-03,237.79725646972656,238.17618932549604,233.69885053091846,236.5408165177042,66427800,0.03808989840304622,229.20355834960938,216.09296447753906,0.015705673923300818,70.08574823861657,4.998582795571792,4.89011083794325,1
2025-09-04,239.1035614013672,239.2232180033205,236.07214416452067,237.77731160532718,47549400,0.005493355773038333,230.57667541503906,216.88486572265626,0.013420806956989327,71.20558001226652,5.384901651101217,4.989069000574844,0
2025-09-05,239.0137939453125,240.63920029193574,237.81718240373485,239.32291694518142,54870400,-0.000375433370914946,232.05150299072267,217.64987121582033,0.013083026631978169,71.00886105080858,5.619045781860962,5.115064356832067,0
2025-09-08,237.2089080810547,239.47249309970456,235.67324414176576,238.62490021245955,48999500,-0.0075513878695669945,233.0606491088867,218.38993438720703,0.013567891972842779,67.00085778607172,5.594477829246273,5.210947051314909,0
2025-09-09,233.68887329101562,238.1063683630383,232.70166073618753,236.33139119913957,66313900,-0.014839387013392713,233.77761993408203,219.0580032348633,0.014770468564015041,59.89980378732376,5.230674204154809,5.214892481882889,0
2025-09-10,226.15020751953125,231.7643298806428,225.31258085277642,231.53498298240493,83440800,-0.03225941254848019,233.52633209228514,219.49382202148436,0.018284839453017357,48.13389068845438,4.284659003817666,5.028845786269844,1
2025-09-11,229.3810577392578,229.7998710451417,226.010588238333,226.23995033725743,50208600,0.014286302255316352,233.48046112060547,219.94146728515625,0.018843604718832622,52.44513112684321,3.7523826221776346,4.773553153451402,1
2025-09-12,233.40966796875,233.84841389514688,228.3739115767776,228.5733443098202,55824200,0.01756295951024689,233.63103637695312,220.3776498413086,0.01948465775317064,57.22020784070717,3.613965388519688,4.541635600465059,1
2025-09-15,236.03224182128906,237.5180438551372,234.36695488957946,236.33139853346725,42699500,0.011235926409398633,234.08574981689452,220.8441714477539,0.019724536179400152,60.03364406905651,3.673542217753578,4.368016923922763,1
2025-09-16,237.4781494140625,240.53949594661788,235.65332541334,236.51088466190768,63421100,0.006125890181851501,234.9263717651367,221.41132690429689,0.019243295585708035,61.53559225208148,3.793698547571097,4.25315324865243,1
2025-09-17,238.3157958984375,239.42266510979977,237.05934071942244,238.2958480596019,46508000,0.003527257082143187,234.9782257080078,221.9940399169922,0.01504054031605857,62.41676185876703,3.91142589250569,4.1848077774230825,0
2025-09-18,237.2089080810547,240.51953392817583,235.98236714862816,239.2930082114909,44249600,-0.004644626316983702,234.78876037597655,222.53210510253905,0.014994736194036701,60.44616963062623,3.87078901900216,4.122004025738899,1
2025-09-19,244.80740356445312,245.60514967420656,239.53233423145286,240.54944568604057,163741300,0.03203292635537114,235.3681213378906,223.19683990478515,0.018225277446089108,67.93110720956147,4.400987244773319,4.177800669545783,1
2025-09-22,255.35755920410156,255.9160073848096,247.42002368458668,247.5995237986898,105517400,0.043095737653501054,237.1829864501953,224.09747924804688,0.021794726381085754,75.00386058581418,5.607838871605622,4.463808309957751,0
2025-09-23,253.71221923828125,256.6140134777918,252.86462630601793,255.15814081026073,60275200,-0.006443278871197333,239.18532104492186,225.01581115722655,0.02098020628950507,72.3248552067079,6.358218708783653,4.842690389722932,0
2025-09-24,251.59820556640625,255.01853710208397,250.33178410429736,254.49999981420794,42303700,-0.008332328960039437,241.73012084960936,225.88210113525392,0.016761619786278405,68.91870419080557,6.705025539485433,5.215157419675433,1
2025-09-25,256.1453552246094,256.44452717224715,250.99992334214926,252.4956917858775,55202100,0.018073060767529903,244.40655059814452,226.81841766357422,0.016890292668299688,71.97590561383372,7.263065330695497,5.624739001879446,0
2025-09-26,254.73931884765625,256.87328100426123,253.06405044687503,253.38315498635407,46076300,-0.005489212856193304,246.53951568603514,227.72940185546875,0.017491321120832723,69.69316219822667,7.505343572021133,6.000859915907784,0
2025-09-29,253.71221923828125,254.28061851263055,252.29622703166862,253.84185736381545,40127700,-0.004031963397017835,248.30751342773436,228.59673614501952,0.017927442901699495,67.9966454970403,7.527697854112205,6.3062275035486675,1
2025-09-30,253.9116668701172,255.1980209495745,252.39595068950493,254.1410137555297,37704300,0.0007861175643599783,249.95086517333985,229.44216217041014,0.018048438620655898,68.15873663207259,7.475336514653549,6.540049305769644,1
2025-10-01,254.72935485839844,258.05994405161016,254.21081755391603,254.3205078449461,48713900,0.003220363988628794,251.59222106933595,230.26569366455078,0.018054989988804244,68.8551912884889,7.414352324517154,6.714909909519146,1
2025-10-02,256.40460205078125,257.45162766856953,253.43299812845933,255.85613542550084,42630200,0.006576576905767517,253.51179046630858,231.12771026611327,0.017605946354582964,70.28901440608354,7.415716597454889,6.855071247106295,1
2025-10-03,257.2920837402344,258.5086431914624,253.23357360959045,253.9515436206674,49155600,0.0034612549164674267,254.76025848388673,232.01524566650392,0.01544949836008687,71.04939792742024,7.403072141536768,6.964671425992391,0
2025-10-06,255.96585083007812,258.3391414491699,254.33047806472084,257.2621712100349,44664100,-0.005154581092728927,254.8210876464844,232.87386535644532,0.008000323472156392,68.23884114957676,7.203003664533924,7.012337873700698,0
2025-10-07,255.75643920898438,256.67382669789566,254.70938317067183,256.0854948355218,31955800,-0.0008181232786117487,255.0255096435547,233.72491088867187,0.007666931034765244,67.78289063704943,6.947464145375676,6.999363128035694,1
2025-10-08,257.3320007324219,257.7906945345413,255.38748958216482,255.79633660873378,36496900,0.006160398261371158,255.59888916015626,234.66284759521486,0.007090863078464148,69.4374954290089,6.79376755935354,6.958244014299263,0
2025-10-09,253.3233184814453,257.2721535801604,252.42586356688122,257.082687156571,38322000,-0.015577861438013874,255.31668548583986,235.5648355102539,0.006738435622006188,60.87158953033693,6.276147233368221,6.821824658113055,0
2025-10-10,244.57806396484375,255.6567217403356,243.3116425485481,254.2207817432353,61999100,-0.034522106251509976,254.3005599975586,236.3214013671875,0.012573834546746876,47.193707551692604,5.10145405660387,6.477750537811219,1
2025-10-13,246.96131896972656,248.98559082884384,244.86723728717817,248.6764678182016,38142900,0.00974435305541288,253.62546997070314,237.22902160644531,0.013302312373804977,50.46062017181131,4.313091379396184,6.044818706128213,1
2025-10-14,247.07101440429688,248.14796941642882,244.00966795095763,245.90431694508948,35478000,0.0004441806313149055,252.9414047241211,238.11951263427736,0.013293042159538578,50.61207229582503,3.6550269076533652,5.566860346433244,1
2025-10-15,248.63658142089844,251.10959602979932,246.77186176083558,248.78616738422895,33893600,0.006336506208048043,252.3321273803711,239.0498812866211,0.013481049832023279,52.82859121746968,3.2226851387216584,5.098025304890927,0
2025-10-16,246.75192260742188,248.33743345063007,244.43847540742667,247.54966879270205,39777000,-0.007579973963228515,251.36685943603516,239.73677307128906,0.0131812273485535,49.92386882397312,2.6968869228001324,4.617797628472768,1
2025-10-17,251.5782470703125,252.66518358811555,246.57242016484557,247.3203043073955,49147000,0.019559419889786378,250.79547576904298,240.385126953125,0.015015302278470465,56.51741980864746,2.639208939584506,4.222079890695116,1
2025-10-20,261.50018310546875,263.63416054313814,254.90884523128253,255.168106265739,90483000,0.039438767662544505,251.34890899658203,241.04625610351562,0.01986077297052344,66.3319786884797,3.3554366542333582,4.048751243402765,1
2025-10-21,262.0287170410156,264.54162761794373,261.0913663387469,261.1412435480521,46695900,0.0020211608621845123,251.97613677978515,241.75604858398438,0.019831221904323515,66.76235353425344,3.9205073810333886,4.02310247092889,0
2025-10-22,257.72088623046875,262.1084670888602,254.70938662410154,261.9090191460537,45015300,-0.016440300357890014,252.01502532958983,242.33042419433593,0.02065156977245258,60.0271955868084,3.9749038415762925,4.013462745058371,1
2025-10-23,258.8476867675781,259.8847613495841,257.28213901467177,259.206686997747,32754900,0.004372173918809619,252.5674621582031,242.85394287109375,0.019892403310962162,61.1317428517428,4.0621113239753015,4.0231924608417575,1
2025-10-24,262.07855224609375,263.3848541030092,258.44880663072195,260.4531458541269,38253700,0.012481724364091562,254.31751098632813,243.45304779052734,0.015219562645628806,64.18744815584434,4.341877266317965,4.086929421937,1
2025-10-27,268.0516662597656,268.36078929414754,263.90339825112477,264.13276036080543,44888200,0.022791311850895335,256.42654571533205,244.19534790039063,0.016015760102374755,69.034340240223,4.988074751964007,4.267158487942401,1
2025-10-28,268.2411193847656,269.12862319727753,267.39351124836816,268.23113785786586,41534800,0.0007067783895675639,258.5435562133789,244.95539764404296,0.016001579943989413,69.17683241076097,5.4526237463936695,4.504251539632655,1
2025-10-29,268.93914794921875,270.6443152614699,266.35642794866993,268.5203194424725,51086700,0.0026022429598195895,260.5738128662109,245.73598907470702,0.016097560940682095,69.72952795452633,5.810131661741963,4.765427564054517,1
2025-10-30,270.63433837890625,273.36662916750566,267.72259312931254,271.2226702585742,69886500,0.006303249053230431,262.96205444335936,246.64122802734374,0.01517740226241913,71.08551081437977,6.1592469953746445,5.044191450318543,0
2025-10-31,269.6072692871094,276.53767519933945,268.40069127196034,276.2085891024436,86167100,-0.0037950435186790976,264.76495666503905,247.5480630493164,0.015234356502371878,69.06681768996697,6.280648118443537,5.291482783943542,0
2025-11-03,268.29095458984375,270.08589475979994,265.49886601188945,269.65711516237894,50194600,-0.004882341269010326,265.44403381347655,248.371533203125,0.01046435224921136,66.46182660027102,6.1991834598872515,5.473022919132285,1
2025-11-04,269.2781982421875,270.72408938596277,266.86501191822913,267.5730004152706,49274800,0.0036797500454424092,266.1689819335937,249.2267138671875,0.01046701874941481,67.45332657030053,6.143466386733678,5.607111612652564,1
2025-11-05,269.3779296875,270.9335263776032,266.17696342424256,267.8522167164328,43683100,0.00037036583712879434,267.3346862792969,250.0410107421875,0.00812463442120298,67.55766824595456,6.037758181048673,5.693240926331786,0
2025-11-06,269.0089416503906,272.6287059365568,267.1342708755924,267.1342708755924,51204000,-0.0013697782796735503,268.35081176757814,250.82439422607422,0.008332022929750308,66.70559230639236,5.856697057611029,5.725932152587635,0
2025-11-07,267.7126159667969,271.5218466038475,266.0173996929098,269.03885049148494,48227400,-0.004818894404181151,268.9142181396484,251.54056823730468,0.008143564632543364,63.66745322492754,5.5446864698149625,5.689683016033101,1
2025-11-10,268.93035888671875,273.22240319845355,266.96401085683,268.46122924118225,41312400,0.00454869456011342,269.00208740234376,252.28947326660156,0.003994290862457104,65.26776396978396,5.334188305241241,5.61858407387473,1
2025-11-11,274.73956298828125,275.3983427074405,269.2996575494418,269.3096487524697,46208300,0.02160114657791201,269.6519317626953,253.20282592773438,0.007832009399045697,71.67684562545597,5.5718919131188045,5.609245641723545,0
2025-11-12,272.9628601074219,275.2186787593472,271.19615348009904,274.49002155435767,48398000,-0.006466862149501096,270.05430297851564,253.90613800048828,0.008319007886250802,67.57007616167803,5.552898305853205,5.597976174549477,0
2025-11-13,272.44384765625,276.1868935731559,271.5854266195937,273.6016697208788,49602800,-0.0019014031834500011,270.23525390625,254.57294372558593,0.008198232658087584,66.37370711588811,5.43333367948776,5.565047675537134,0
2025-11-14,271.9048156738281,275.44821996704485,269.10002929321837,270.54732197227213,47431300,-0.00197850671637112,270.4650085449219,255.23076416015624,0.008107271463095166,65.08482865566458,5.234739655338899,5.4989860714974865,0
2025-11-17,266.9639892578125,269.98836893107386,265.237217022597,268.3214829895084,45018300,-0.018171161859606544,270.3323120117187,255.8258657836914,0.010019903448142064,54.615849603930094,4.625350894909502,5.32425903617989,0
2025-11-18,266.9440612792969,270.2079864201871,264.8279974843966,269.48932037088264,45677300,-7.464669137968727e-05,270.09889831542966,256.490969543457,0.009917760153421143,54.57771771940795,4.0936093105899545,5.0781290910619035,1
2025-11-19,268.06195068359375,271.7051756343288,265.00762791735707,265.0375710636542,40424500,0.0041877290655560895,269.96730041503906,257.32920440673826,0.010041621486483032,56.41601923923583,3.7195282005901618,4.806408912967555,0
2025-11-20,265.7562561035156,274.91922505965954,265.42688147061517,270.327749378444,45823600,-0.008601349703672212,269.64203186035155,258.05670837402346,0.010370673706000484,51.762803322002696,3.2001268721158453,4.485152504797213,1
2025-11-21,270.98651123046875,272.8230952896135,265.17732758833057,265.4568071090486,59030800,0.019680647235321702,269.96942138671875,258.8082452392578,0.01215295534744201,59.852233555935044,3.17394815626335,4.2229116350904405,1
2025-11-24,275.4083251953125,276.4863089537433,270.397615191446,270.397615191446,65585800,0.016317468883471742,270.6172180175781,259.5957669067383,0.013041738332143683,65.17023758057951,3.4700047133321164,4.0723302507387755,1
2025-11-25,276.4563903808594,279.8600705608694,274.73957871594786,274.75953066216096,46914200,0.003805495657415614,270.7889007568359,260.3753317260742,0.011227526196422997,66.30935656381736,3.7460199826651888,4.007068197124059,1
2025-11-26,277.0352783203125,279.01161742605893,276.1170014953278,276.44637611579356,33431400,0.002093957526739132,271.196142578125,261.1497213745117,0.010944879106771752,66.9522679656119,3.9657606705301873,3.9988066918052847,1
2025-11-28,278.3328857421875,278.4826014787427,275.4781737009374,276.7458380127342,20135600,0.0046839067924580036,271.78504638671876,261.9722009277344,0.01091315559138001,68.40758672382489,4.196241167092182,4.038293586862665,1
2025-12-01,282.57501220703125,282.89442609469603,275.62792768573877,277.4944549964911,46587700,0.01524119743713337,272.85206604003906,262.72755310058596,0.011523060068123864,72.64818887544499,4.667399893308129,4.164114848151757,1
2025-12-02,285.6592712402344,286.86701880065203,282.10587559562896,282.47518456741903,53669500,0.010914832876105063,274.7215942382812,263.3335873413086,0.008638098946268317,75.2494367120075,5.229389360732114,4.377169750667829,0
2025-12-03,283.623046875,288.0847586222564,282.77461708045536,285.6692634925469,43538700,-0.007128157809805358,276.3894927978516,263.93180389404296,0.009508242001937346,70.4835585709264,5.447666465780912,4.591269093690445,0
2025-12-04,280.179443359375,284.20196835267484,278.07334059490756,283.5731318378766,43989100,-0.012141479874668626,277.6012420654297,264.50342864990233,0.011139168688759388,63.194203272285755,5.281896208196258,4.729394516591608,0
2025-12-05,278.26300048828125,280.6186397013617,277.53434330937836,280.01974631085085,47265800,-0.006840055245008081,278.85191650390624,264.94578155517576,0.010921019512016246,59.505883053256106,4.938948042785512,4.771305221830389,0
2025-12-08,277.3746643066406,279.15136205700173,275.6378704438954,277.6142094762677,38211800,-0.003192433705098474,279.49073181152346,265.39848846435547,0.009759714984356571,57.8212511600946,4.54310772727257,4.725665722918825,0
2025-12-09,276.66595458984375,279.5106752769474,276.40645748061854,277.64414811825674,32193300,-0.002555062909471051,279.6164947509766,265.85756317138674,0.008508701613169922,56.44824872897876,4.124667870447865,4.605466152424633,1
2025-12-10,278.26300048828125,279.2312028389952,275.92734368017386,277.23491184461454,33038300,0.005772469911612843,279.7971557617187,266.34458984375,0.008615967789541054,58.82121230526818,3.877225286538078,4.4598179792473225,0
2025-12-11,277.514404296875,279.07150890817053,273.3022288840155,278.5824273392719,33248000,-0.002690246960942222,279.845068359375,266.8002908325195,0.008661739552237355,57.246683256533764,3.5794580355959056,4.283745990517039,1
2025-12-12,277.7639465332031,278.70220580092337,276.30666253778065,277.38464634485007,39532900,0.0008992046267306542,279.7881744384766,267.227477722168,0.008525985360995168,57.65360814324409,3.325279563988204,4.092052705211271,0
2025-12-15,273.6016540527344,279.63046152672615,272.33402020742307,279.63046152672615,50409100,-0.01498499906996098,278.8908386230469,267.553669128418,0.007779813267428708,49.235806131124534,2.7562072352098994,3.824883611210997,1
2025-12-16,274.1007385253906,274.9891026980292,271.2859911871425,272.3140798989353,37648600,0.0018241281266524467,277.7349853515625,267.9163668823242,0.006347151815653915,50.175191943256365,2.3187560838694026,3.5236581057426783,0
2025-12-17,271.33587646484375,275.6478724530811,271.13626563598973,274.50001118897205,50138700,-0.010087028861802017,276.5062683105469,268.2279556274414,0.006568905119390516,45.18657641036463,1.729040332731472,3.1647345511404374,1
2025-12-18,271.68524169921875,273.12257373871984,266.4549687260805,273.1025913325419,51630700,0.001287574790797219,275.65684814453124,268.5150204467773,0.006170958867776138,45.918275348528695,1.275177750590899,2.78682319103053,1
2025-12-19,273.1625061035156,274.09077415448866,269.399477884542,271.6453053723066,144632000,0.005437411303821804,275.1467987060547,268.91180419921875,0.006544614234682666,49.017343912702565,1.0228999221842514,2.4340385372612743,0
2025-12-22,270.4674987792969,273.37210596231955,270.00836035897595,272.3539780142796,36571800,-0.009865948891234266,274.4560821533203,269.4295928955078,0.007021943008845293,44.05730606827542,0.5986030344957385,2.0669514367081674,1
2025-12-23,271.85491943359375,271.99467443806464,269.06012395403746,270.3377490962612,29642000,0.005129713035979311,273.9749786376953,269.92746490478515,0.007423801246547808,47.02901424684526,0.3700324420967718,1.7275676377858884,1
2025-12-24,273.3022155761719,274.9192064044749,271.69521595033444,271.8349404799371,17910600,0.005323781322749355,273.47890014648436,270.4520889282227,0.007374626677870695,50.01207323148717,0.3021898475500393,1.4424920797387186,0
2025-12-26,272.8929748535156,274.859322715931,272.35396775197984,273.65157518449314,21521800,-0.0014973926274014504,273.0167572021484,270.937216796875,0.007367779242533152,49.16889314832561,0.21294707511435718,1.1965830788138463,1
2025-12-29,273.2523498535156,273.8512128461511,271.8449608988494,272.1843267483383,23715200,0.001316908213532919,272.5655975341797,271.46722534179685,0.007385022338813207,49.966628706325025,0.16926886793413587,0.9911202366379043,0
2025-12-30,272.5735778808594,273.5717234473003,271.77507361210075,272.304089543875,22139600,-0.0024840480713893553,272.46278991699216,271.8871319580078,0.005745844986529534,48.420935553514,0.0789720084449641,0.8086905909993163,0
2025-12-31,271.3558349609375,273.17246717497864,271.24605357156486,272.553621806917,27293600,-0.00446757506501283,272.18829956054685,272.08424499511716,0.005823869126817755,45.69018193737957,-0.08981524554678799,0.6289894236900955,0
2026-01-02,270.5074157714844,277.32473598417806,268.5011336129586,271.75509761912826,37838100,-0.003126592761770741,272.10545349121094,272.2538189697266,0.0049691334638150364,43.835313911197844,-0.2887125993081554,0.44544901909044526,0
2026-01-05,266.7643737792969,271.0064921177503,265.6464557026853,270.1381104139889,45647200,-0.013837114156417418,271.6133666992188,272.43468872070315,0.0065000074103030905,36.747438167887566,-0.7398439316967256,0.20839042893301113,0
2026-01-06,261.8734436035156,267.0538212812338,261.6338984265986,266.504853430471,52352100,-0.018334270451824564,270.4844604492188,272.49520385742187,0.00777750800795967,29.93602079082197,-1.4750228080555416,-0.1282922184646994,0
2026-01-07,259.8471984863281,263.1909919246956,259.32817380451803,262.71190159101934,48309800,-0.007737497507594893,269.42243041992185,272.45057678222656,0.007632514724299841,27.64946229120818,-2.1958460646016533,-0.5418029876920902,0
2026-01-08,258.55963134765625,258.80916773471864,255.22581364132833,256.5433578451618,50419300,-0.004955093401707855,268.0929016113281,272.2607360839844,0.006930323173834991,26.27602000324366,-2.838281651993668,-1.0010987205524058,1
2026-01-09,258.8890075683594,259.7274461787287,255.74485516422806,258.5995368285105,39997000,0.0012738888084979916,266.6515808105469,272.0736938476563,0.006355822892908387,27.27128036704015,-3.28299426095424,-1.4574778286327725,1
2026-01-12,259.76739501953125,260.8154357257053,256.32378048041085,258.6794199598783,45263800,0.0033929113461488303,265.3390228271484,271.8902587890625,0.006856577577358678,29.985797856625283,-3.523931986844616,-1.8707686602751412,1
2026-01-13,260.5658874511719,261.3244878277737,257.9108470550362,258.24022168851656,45730800,0.003073874731586601,264.07037658691405,271.6888897705078,0.007053158104746371,32.45386280769499,-3.6088446893703576,-2.2183838660941846,0
2026-01-14,259.4779052734375,261.33447181199796,256.23393227813756,259.0087756526009,40019400,-0.004175458991876879,262.76080932617185,271.4863024902344,0.007013746795736326,30.857726326021876,-3.721035901375103,-2.518914273150368,0
2026-01-15,257.73114013671875,260.5559089501236,256.5732877053955,260.1666175851947,39388600,-0.0067318453757286845,261.39833984375,271.27510620117187,0.0070351360993209525,28.43936627437357,-3.90587311939197,-2.7963060423986885,0
2026-01-16,255.05613708496094,258.41988279267105,254.45724364888233,257.4217372195352,72142800,-0.0103790448074641,259.8532119750977,270.9906649780273,0.00717963491383258,25.184289806852277,-4.219567785848653,-3.0809583910886813,0
2026-01-20,246.2425079345703,254.31750190322293,242.9685916985444,252.26132447540706,80267500,-0.03455564430294322,257.801025390625,270.52795654296875,0.011458102786827636,17.910459284856998,-5.120335245515719,-3.4888337619740892,1
2026-01-21,247.1907501220703,251.09350304772093,244.72532928784554,248.23880604127606,54641700,0.0038508468560267684,256.33275604248047,270.09159271240236,0.011363451508604133,20.56858165792839,-5.692070086474018,-3.9294810268740754,1
2026-01-22,247.8894500732422,250.53452965267718,247.68980878155546,248.737864640942,39708300,0.002826561879143208,255.13698120117186,269.69512939453125,0.01164007875158801,22.55841856211994,-6.019406845120244,-4.347466190523309,0
2026-01-23,247.58001708984375,248.94748685874615,244.22624741136653,246.86136630134166,41689000,-0.0012482700788880585,254.0390197753906,269.26812255859375,0.01168778007596675,22.292078617690578,-6.231954152192571,-4.724363782857162,1
2026-01-26,254.9363555908203,256.08421686766076,249.336758511775,251.01363570547153,55969200,0.0297129735567756,253.6437545776367,268.8720584106445,0.01589028084155224,40.32926603422536,-5.7406299778585606,-4.927617021857442,1
2026-01-27,257.791015625,261.46421404872183,257.73112933459527,258.68937090303496,49648300,0.011197539980376536,253.44611663818358,268.5686215209961,0.016338461313581104,45.60563115530992,-5.062546932814968,-4.9546030040489475,0
2026-01-28,255.96446228027344,258.3799575946877,254.03803333601454,257.17220993748055,41288000,-0.007085403423770176,252.98597412109376,268.23903381347657,0.016397422864726577,42.986437759872715,-4.619300404422063,-4.88754248412357,1
2026-01-29,257.801025390625,259.16847988830324,253.93820707645818,257.52154586161765,67253000,0.007175070687510443,252.8182861328125,267.9569580078125,0.016595511295209472,46.32442000366053,-4.072879424320718,-4.724609872163,1
2026-01-30,258.9988098144531,261.41430490835,251.7123292610244,254.69678984095313,92443400,0.0046461584937966816,252.94505310058594,267.7976544189453,0.016512419286703585,48.44443476926855,-3.50280748388667,-4.480249394507734,1
2026-02-02,269.5093078613281,269.98839826257677,258.7293169184304,259.5478036352127,73913400,0.04058126002356821,254.39037017822267,267.8489593505859,0.020195630575815745,62.457065411437675,-2.177807601073539,-4.019761035820895,0
2026-02-03,268.98028564453125,271.3758289780004,267.11372779647115,268.70080609664296,64394700,-0.0019629088916998105,256.6641479492188,267.86732604980466,0.014914895982853565,61.55026985783043,-1.1570851620205644,-3.4472258610608284,1
2026-02-04,275.97723388671875,278.432693698261,271.7850411492978,271.7850411492978,90545700,0.02601286642781786,259.5427963256836,268.0717456054688,0.015695903597316915,68.13906189146303,0.21397341965717942,-2.714986004917227,0
2026-02-05,275.3983459472656,278.98168486317746,272.72332314901723,277.6142303156022,52977400,-0.002097593092373451,262.29368591308594,268.1599822998047,0.016060293787204152,67.11435780935476,1.2395470777143487,-1.9240793883909122,1
2026-02-06,277.6042175292969,280.3890519626743,276.4164219647768,276.6060720438839,50453400,0.008009748840153375,265.2961059570313,268.2039001464844,0.015554309895799335,69.02584831240151,2.2049002741580352,-1.098283455881123,0
2026-02-09,274.3672180175781,277.9439398399519,271.4499228389202,277.6541982366954,44623400,-0.01166048390953256,267.239192199707,268.16211669921876,0.015708429522718045,63.218754471959734,2.6778818741502732,-0.3430503898748437,0
2026-02-10,273.4280700683594,275.11651686144285,272.68876099546605,274.6369782150198,34376900,-0.003422959769044165,268.80289764404296,268.0899725341797,0.016001801569410626,61.599553631743824,2.9430165462959508,0.31416299735931513,1
2026-02-11,275.24639892578125,279.92208361183503,274.1973776592452,274.44714753122867,51931300,0.006650117732854843,270.73109130859376,268.0282427978516,0.015327207243294597,63.54634309560629,3.2622563658477475,0.9037816710570017,0
2026-02-12,261.4891052246094,275.46621856633783,259.94051360693726,275.3363333447182,81077200,-0.04998173910671744,271.0998992919922,267.6065246582031,0.023756746955874552,44.97028333438182,2.3777483922880833,1.1985750153032182,0
2026-02-13,255.5445556640625,261.9886306947134,255.21485759663088,261.7688319830923,56290700,-0.022733450234726726,270.7544738769531,267.00423034667966,0.024925581624740005,39.585482927319674,1.183451885184411,1.1955503892794568,1
2026-02-17,263.6371154785156,266.0449008431299,255.30478047881587,257.8124646511843,58469100,0.03166790148756515,270.16725463867186,266.60451171875,0.02338263508321382,48.60735395825016,0.8798231894876949,1.1324049493211044,1
2026-02-18,264.106689453125,266.57441720150126,262.20844437502524,263.35737977838915,34203300,0.0017811375828364895,269.6798950195313,266.283056640625,0.023412394383443367,49.082497882749756,0.6693698767085152,1.0397979347985866,0
2026-02-19,260.3401184082031,264.2365527856389,259.81060750150084,262.35827847824623,30845300,-0.014261551090285374,268.1161834716797,265.92459899902343,0.021527037924756846,45.452481163548256,0.1963894499879757,0.8711162378364645,1
2026-02-20,264.3364562988281,264.5063132392292,257.9223826043077,258.73163460792017,42070500,0.015350449692731916,267.00999450683594,265.66383483886716,0.02252677879871153,49.702845018138675,0.14237886819137202,0.725368763907446,1
2026-02-23,265.9349670410156,269.1819753311392,263.13755670993424,263.24744081710827,37308200,0.006047257970275721,265.8430694580078,265.44921508789065,0.022420177489738024,51.3362530821418,0.22595686054012276,0.6254863832339814,1
2026-02-24,271.8895263671875,274.6369951599546,267.46358073991865,267.61343657617186,47014600,0.02239103564464129,265.5953002929688,265.3217456054688,0.02368700711897831,56.94531737554864,0.763870768194181,0.6531632602260213,1
2026-02-25,273.97760009765625,274.6869380517792,270.8005039088116,271.5298429675081,33714300,0.007679860855135612,265.65025329589844,265.2510095214844,0.023802579161256422,58.741217450303644,1.343178192653454,0.7911662467115079,0
2026-02-26,272.6987609863281,275.8558253670768,270.55071567552415,274.6969199809464,32345100,-0.0046676776162442035,265.39548950195314,265.1497058105469,0.023744498586299533,57.16842023566459,1.679729001310136,0.9688787976312336,0
2026-02-27,263.93682861328125,272.5588900215503,262.6480379442022,272.5588900215503,72366500,-0.03213044438249635,265.6402618408203,264.9564093017578,0.02000153212391795,47.73742641707785,1.2253086307404146,1.0201647642530698,1
2026-03-02,264.476318359375,266.2846497598317,259.960490133898,262.16844722421786,41827900,0.0020440108677830526,266.53343811035154,264.7639208984375,0.018170183380879966,48.30292976651149,0.8983538628230576,0.9958025839670673,0
2026-03-03,263.5072326660156,265.31556422164516,259.8905695547566,263.23749216234586,38568900,-0.003664168116717992,266.52044982910155,264.60734802246094,0.015314600747041785,47.31258873766021,0.5546490877728161,0.9075718847282171,0
2026-03-04,262.2783508300781,265.9050144519466,261.179387723623,264.4063951364299,39803100,-0.0046635601744375865,266.3376159667969,264.4192102050781,0.015369488082341514,46.0239597227345,0.18101347268407153,0.7622602023193881,0
2026-03-05,260.0504150390625,261.3192350446657,257.01320478174756,260.54995479568396,49658600,-0.008494547048829904,266.3086456298828,264.15696838378904,0.014900432935715776,43.70009519837057,-0.29151088682755244,0.55150598449,0
2026-03-06,257.2229919433594,258.53178361058343,254.13584003818684,258.39192833924307,41120000,-0.010872595974432131,265.59729919433596,263.8920782470703,0.014187056166394964,40.87910839601633,-0.8839496389588248,0.26441485980023505,1
2026-03-09,259.6407775878906,260.9095975388004,253.44647267699952,255.45463216869055,38218500,0.009399570490431275,264.96788024902344,263.6477954101563,0.014452088251244367,44.196464280224724,-1.145165764979879,-0.01750126515578776,1
2026-03-10,260.58990478515625,262.2384104290217,256.71350175461305,257.4128391437035,30590800,0.0036555398041986376,263.8379180908203,263.39354919433595,0.011881664356064643,45.489535017375665,-1.261058101368576,-0.2662126323983454,0
2026-03-11,260.5699157714844,261.888707997661,259.3110658747261,260.8496568052655,26218900,-7.670678451010549e-05,262.4971496582031,263.1470880126953,0.011258888872680064,45.46564065136253,-1.3390804731185426,-0.48078620054238486,0
2026-03-12,255.52456665039062,258.71164792954545,253.94601921584928,258.4219063383753,40794000,-0.01936274610273292,260.77973022460935,262.7925323486328,0.012142682832104273,39.785107578571534,-1.7874269281880402,-0.742114346071516,0
2026-03-13,249.8897705078125,256.0940459350445,249.29033192864068,255.24483747003174,36930000,-0.022051876328148423,259.3750244140625,262.3388562011719,0.010000579572541652,34.58757146269586,-2.5678253880841453,-1.107256554474042,1
2026-03-16,252.58729553222656,253.6563027081548,249.6499992581203,251.87794235419486,32074200,0.010794859745288043,258.18612213134764,261.96348541259766,0.011052697903527187,38.715209819746256,-2.9347985340542095,-1.4727649503900757,1
2026-03-17,253.99598693847656,254.89516767044782,251.94787083452104,252.72716690012706,32361600,0.005577047742174601,257.23499755859376,261.6332568359375,0.011510328132366283,40.81552388308613,-3.0764938663349994,-1.7935107335790605,0
2026-03-18,249.70994567871094,254.70534343896443,248.7708084606242,252.3974721128864,35757900,-0.01687444479508171,255.97815704345703,261.29216827392577,0.01225799510045296,36.69490481447378,-3.4943553939284584,-2.1336796656489403,0
2026-03-19,248.73085021972656,251.5982036354298,247.0723745163624,249.17043241392184,34864100,-0.003920930967820313,254.84620056152343,261.02931640625,0.012191240462605052,35.80561842777847,-3.8600225488117985,-2.478948242281512,0
2026-03-20,247.76173400878906,248.97061168291066,245.77356028907465,247.7517334570195,88331100,-0.0038962445152316283,253.90007476806642,260.78760711669923,0.011975697065245917,34.90395182376788,-4.179833464207604,-2.819125286666731,1
2026-03-23,251.25851440429688,254.3656523266213,250.0496214753341,253.73622734962268,40546100,0.014113480475494988,253.06184844970704,260.641584777832,0.012622840952815515,40.706017128264115,-4.103818697264018,-3.0760639687861886,1
2026-03-24,251.4083709716797,254.5954370944537,249.32029842391177,250.1195650925759,45152300,0.0005964238375686381,252.14369506835936,260.4919720458984,0.012474319854590384,40.94892851633951,-3.985541433488379,-3.257959461726627,1
2026-03-25,252.38746643066406,254.76528059453105,251.3684162845015,253.86611511385965,28476700,0.0038944425565474727,251.32545013427733,260.3443734741211,0.012657628664442271,42.603392861648096,-3.7693503049304695,-3.3602376303673958,1
2026-03-26,252.6572265625,256.76344411909713,250.53918279672283,251.88793104116345,41796700,0.0010688333127273353,251.0387161254883,260.18620025634766,0.011321702663349588,43.07660711828171,-3.535494905316341,-3.395289085357185,0
2026-03-27,248.57098388671875,255.2548282141602,247.8416601166152,253.666280215245,47900000,-0.016173068672430957,250.9068374633789,259.96806182861326,0.01020911467047164,37.96988781852865,-3.637952399352571,-3.443821748156262,0
2026-03-30,246.40298461914062,250.63907198816298,245.28400520065438,249.83982057534305,39446200,-0.008721851736991693,250.2884063720703,259.7414987182617,0.009664788011445729,35.56111663823518,-3.849713028283446,-3.525000004181699,1
2026-03-31,253.55638122558594,255.24482803058763,246.87255213324852,247.6818040942864,49598100,0.029031290418426448,250.24444580078125,259.71150360107424,0.013790227275229912,47.41489570672539,-3.4011096546720125,-3.500221934279762,1
2026-04-01,255.3946990966797,255.94418062939917,253.096813183035,253.8461228128272,40059400,0.007250134515282447,250.81292114257812,259.8945474243164,0.012584855357544725,49.96230710675992,-2.8642342508188676,-3.3730243975875833,1
2026-04-02,255.68443298339844,255.89424639361263,250.4192795609811,253.96601496217014,31289400,0.0011344553655323608,251.5082794189453,260.06442108154295,0.012406382241324166,50.37038271926702,-2.3878518522689944,-3.1759898885238655,1
2026-04-06,258.6217041015625,261.9186847371787,256.2239194053331,256.27389167390277,29329900,0.011487876222620041,252.59427642822266,260.27906616210936,0.012433470491565669,54.42799825838851,-1.7530935664602225,-2.891410624111137,0
2026-04-07,253.26666259765625,255.96418954301222,245.47383916108728,255.92421782448065,62148000,-0.0207060792616357,252.7950912475586,260.39279907226563,0.014157171816482942,46.89959982634784,-1.6629803449391432,-2.645724568276738,1
2026-04-08,258.66168212890625,259.51090582044134,256.29386854025813,258.2121146377317,41032800,0.021301735790709264,253.52042236328126,260.46730560302734,0.015555159454980424,53.828566261219095,-1.1430555467253214,-2.345190763966455,1
2026-04-09,260.2502136230469,260.879638597066,255.8342992320816,258.7615948993736,28121600,0.006141348347641795,254.30669708251952,260.5164895629883,0.015586405369590894,55.66309097977831,-0.5959603229884749,-1.995344675770859,0
2026-04-10,260.240234375,261.94865175168746,258.78155637925676,259.7406946341393,31291500,-3.834482173115106e-05,255.06499786376952,260.6020050048828,0.015606998696411507,55.648132499503895,-0.16132895867428942,-1.6285415323515453,0
2026-04-13,258.96142578125,259.9405042051452,256.4237552437805,259.49093671136296,36234700,-0.004913954203973225,256.10404205322266,260.6252130126953,0.014425902096516688,53.658154401239926,0.07901947550260502,-1.2870293307807152,0
2026-04-14,258.59173583984375,261.68888841493145,256.9532612999924,259.01136264890187,48370700,-0.00142758690909639,257.32291717529296,260.6170715332031,0.01387397012804961,53.067352485138954,0.23693521093639447,-0.9822364224372935,1
2026-04-15,266.18475341796875,266.3146386359468,257.57269269729437,257.92237663273806,49913500,0.02936295529114541,258.58575439453125,260.55058044433594,0.01393824524082321,62.25878998681601,0.9636690530675764,-0.5930553273363195,0
2026-04-16,263.15753173828125,266.91408037974617,261.0294875448873,266.55439590858066,43323100,-0.011372633634406881,259.3620376586914,260.43412536621094,0.014814684140350429,57.42976013532436,1.2805776665791768,-0.21832872855322027,1
2026-04-17,269.98126220703125,272.0493335842862,266.47448343207725,266.7142527536172,61436200,0.02593021154924191,260.7917205810547,260.3142059326172,0.016436057722456168,64.17513512339073,2.0586175844549075,0.2370605340484053,1
2026-04-20,272.79864501953125,274.0275237795767,270.04120633500696,270.08114756253855,36590200,0.010435475371396441,262.20941467285155,260.2622119140625,0.01639732556233224,66.53303322709728,2.8694814757027416,0.7635447223792725,0
2026-04-21,265.9250183105469,272.5488901425708,265.1557075406741,271.250098918132,50209800,-0.025196703995697067,263.4752502441406,260.0286279296875,0.017234027703369754,56.72388676757377,2.9237495564399865,1.1955856891914154,1
2026-04-22,272.9185791015625,273.48803128351057,266.62435952726383,267.5734973129919,43249200,0.026298995241013978,264.90093994140625,259.99965515136716,0.01782098128418261,62.742598610317735,3.4908390895608363,1.6546363692652997,1
2026-04-23,273.1783142089844,275.5161566987003,271.39995382845746,274.79681820267325,33399600,0.0009516944880663125,266.19375,259.9946600341797,0.017876418259123426,62.94869755425258,3.9160779734862103,2.106924690109482,0
2026-04-24,270.81048583984375,272.80864483253174,269.4017800912603,272.50893317942314,38157100,-0.008667702544387201,267.2507751464844,259.90594177246095,0.01834885259505055,59.706148818651,4.015728078470886,2.4886853677817626,0
2026-04-27,267.3636474609375,268.1129570778125,264.8260075108844,265.84505761361925,41466800,-0.012727861582674027,268.09099731445315,260.0234326171875,0.018934300591177056,55.24498655873703,3.77307677347801,2.7455636489210122,1
2026-04-28,270.4608154296875,272.97851539952296,268.4127145556596,272.0893199684016,40018900,0.011584102768505522,269.2779052734375,260.3217578125,0.019015748909338888,58.26272486162271,3.7870348565493828,2.9538578904466863,0
2026-04-29,269.92132568359375,270.7905199823619,266.7942019267937,267.3037117460274,30047900,-0.001994705758897597,269.6515625,260.44744201660154,0.016964335061069022,57.53498691528595,3.7117773651755783,3.105441785392465,1
2026-04-30,271.1002502441406,275.7459641951834,267.893213328058,270.25102650288807,91848200,0.004367659937802859,270.4458343505859,260.5873132324219,0.016354010008919524,58.747596482063805,3.704560750095311,3.2252655783330346,1
2026-05-01,279.88214111328125,286.95561044034525,278.1137509144006,278.6032901046287,79915400,0.03239351812191993,271.43592224121096,260.97815368652346,0.01744776760123416,66.43620130182268,4.357239189378731,3.451660300542174,0
2026-05-04,276.5751647949219,280.3716851917065,274.60697695873915,279.4025768563376,46668400,-0.011815603186417278,271.81357421875,261.2229278564453,0.017912303682566254,61.767600451018716,4.55513741482423,3.6723557233985855,1
2026-05-05,283.9184265136719,284.30808218316156,276.2455026895375,276.6750995896243,49311700,0.026550690927708454,273.6129150390625,261.5825970458984,0.016775305629543987,67.26803104074932,5.244062743779239,3.9866971274747165,1
2026-05-06,287.245361328125,287.76487170009636,280.8112868075762,281.66051049385584,58336100,0.011717924952267644,275.04559326171875,261.8897137451172,0.015464379975755102,69.41494373701245,5.9894541662641245,4.387248535232598,0
2026-05-07,287.1754150390625,291.8611003514943,285.5169394038565,289.00371711581823,45224300,-0.00024350711440246364,276.44530334472654,262.15367004394534,0.015505734561915441,69.31201045514965,6.499614646106124,4.809721757407304,1
2026-05-08,293.0500183105469,294.4886952888782,289.7330669166447,289.7430674686918,52692800,0.020456497888878378,278.66925659179685,262.56069519042967,0.015363529850789827,72.94120201315435,7.29387266597422,5.306551939120687,0
2026-05-11,292.67999267578125,293.8800048828125,290.2300109863281,291.9800109863281,42247300,-0.0012626705737772692,281.2008911132813,263.1355584716797,0.01401066326512758,72.36072859273668,7.803515819895495,5.805944715275649,1
2026-05-12,294.79998779296875,295.2699890136719,292.55999755859375,292.55999755859375,45748100,0.007243389265544797,283.6348083496094,263.7420318603516,0.013994978160190909,73.65434681550849,8.28299635359923,6.301355042940366,1
2026-05-13,298.8699951171875,300.9200134277344,293.5,293.5,52684300,0.013805995565634221,286.52967529296876,264.449287109375,0.013532500853286885,75.97879240237668,8.88893756850598,6.818871548053489,0
2026-05-14,298.2099914550781,300.45001220703125,295.3800048828125,299.82000732421875,35324900,-0.00220833028705536,289.2406494140625,265.167919921875,0.014005474455960806,74.82587536293337,9.209729537982582,7.297043146039309,1
2026-05-15,300.2300109863281,303.20001220703125,296.5199890136719,297.8999938964844,54862800,0.0067738157309671365,291.2754364013672,265.9715118408203,0.01150581667794822,76.02498387478566,9.517249254019987,7.741084367635445,0
2026-05-18,297.8399963378906,300.6600036621094,294.9100036621094,300.239990234375,34483000,-0.007960612067346995,293.40191955566405,266.78385192871093,0.01084730493160006,71.67486930682743,9.459068384327509,8.084681170973857,1
2026-05-19,298.9700012207031,300.510009765625,296.3500061035156,296.9700012207031,42243600,0.003793999787491842,294.9070770263672,267.5704364013672,0.008546721245381477,72.47674776964386,9.395832270413052,8.346911390861697,1
2026-05-20,302.25,302.79998779296875,298.0799865722656,298.17999267578125,38229800,0.0109709963070026,296.4075408935547,268.40363830566406,0.008486595068930503,74.71437796551199,9.500865619165666,8.57770223652249,1
2026-05-21,304.989990234375,305.5400085449219,300.3999938964844,301.05999755859375,42965100,0.009065310949131433,298.1889984130859,269.2920397949219,0.008340116010929358,76.43769933581461,9.693459451054025,8.800853679428798,1
2026-05-22,308.82000732421875,311.3999938964844,305.8399963378906,306.1199951171875,43670200,0.012557845216167651,299.7659973144531,270.35794860839843,0.007109192987464723,78.63015300494743,10.039413708833877,9.048565685309814,0
2026-05-26,308.3299865722656,311.82000732421875,307.6700134277344,309.55999755859375,48000500,-0.001586751960143129,301.33099670410155,271.5267529296875,0.007142980646007615,77.63482153836398,10.156961244444744,9.270244797136801,1
2026-05-27,310.8500061035156,313.260009765625,308.29998779296875,308.3299865722656,50430900,0.008173125031610828,302.9359985351563,272.69200714111327,0.00717783947751259,79.10002677088752,10.334335244986676,9.483062886706776,1
2026-05-28,312.510009765625,312.79998779296875,309.57000732421875,310.67999267578125,48220400,0.005340207912225559,304.3,273.86228759765623,0.006539008159203679,80.02820834472023,10.487955221363109,9.684041353638044,0
2026-05-29,312.05999755859375,315.0,309.5299987792969,311.7799987792969,70026800,-0.001439992937726231,305.68500061035155,275.1092886352539,0.0064555126299092195,79.0038884408718,10.45289348581099,9.837811780072634,0
2026-06-01,306.30999755859375,310.94000244140625,305.0199890136719,309.6300048828125,48849900,-0.018425943872925732,306.2929992675781,276.26087158203126,0.009634751166946967,67.17304316245108,9.847612713104184,9.839771966678946,1
2026-06-02,315.20001220703125,315.45001220703125,306.69000244140625,307.4599914550781,44534700,0.029022933365852488,308.0290008544922,277.6096371459961,0.012138514390003444,73.7244967138581,9.970341336492993,9.865885840641756,0
2026-06-03,310.260009765625,316.94000244140625,308.8500061035156,314.17999267578125,50836700,-0.015672595971098935,309.1580017089844,278.7896670532227,0.013917169913924736,65.85891278481412,9.558799848534477,9.8044686422203,1
2026-06-04,311.2300109863281,313.5400085449219,309.6499938964844,313.2300109863281,44869100,0.0031264139436979477,310.0560028076172,279.9860998535156,0.013687274720590645,66.61215956332697,9.204813881574296,9.6845376900911,0
2026-06-05,307.3399963378906,315.1700134277344,307.1499938964844,312.8599853515625,65310500,-0.012498841728371679,310.29100341796874,281.0851504516602,0.014312739723787906,60.81720503236683,8.512261726028385,9.450082497278556,0
2026-06-08,301.5400085449219,317.3999938964844,301.1700134277344,308.739990234375,77949100,-0.01887156849768501,309.56300354003906,282.0628060913086,0.014897361579143273,53.36306102168121,7.4099809628308435,9.042062190389014,0
2026-06-09,290.54998779296875,300.75,287.7799987792969,300.2799987792969,70108800,-0.03644631040831148,307.7850036621094,282.9023861694336,0.01838625560047931,42.68676354492346,5.585229638656074,8.350695680042428,1
2026-06-10,291.5799865722656,294.75,287.3800048828125,290.739990234375,52793300,0.003544996808021894,305.8580017089844,283.8059262084961,0.018051509331562438,43.821187447586894,4.1740969694754995,7.515375937929043,1
2026-06-11,295.6300048828125,297.0,289.5899963378906,293.7200012207031,42572500,0.013889904990249002,304.1700012207031,284.64739868164065,0.018845510618110156,48.16571455343922,3.3440190230161306,6.681104554946461,0
2026-06-12,291.1300048828125,297.1400146484375,289.6199951171875,296.0299987792969,38742100,-0.015221729613622226,302.077001953125,285.36210479736326,0.01902863840481203,44.08616263343392,2.2965902156988136,5.804201687096931,1
2026-06-15,296.4200134277344,297.7799987792969,291.70001220703125,294.1199951171875,45732600,0.018170605764429082,301.08800354003904,286.17681640625,0.02002766399337961,49.50100406761572,1.8717781256211765,5.017716974801781,1
2026-06-16,299.239990234375,300.4800109863281,293.9700012207031,295.25,39874400,0.009513449426140408,299.49200134277345,286.98918212890624,0.017318234206138195,52.16066007332453,1.7425727504419797,4.362688129929821,0
2026-06-17,295.95001220703125,302.07000732421875,294.3599853515625,300.8500061035156,42745100,-0.010994446379867018,298.0610015869141,287.84284912109376,0.017060569868615403,48.923302739465434,1.3590366993261114,3.7619578438090793,1
2026-06-18,298.010009765625,300.57000732421875,295.6199951171875,298.1099853515625,85962200,0.006960626705947437,296.73900146484374,288.62981567382815,0.0172944594933153,50.97504659404194,1.2073881830481241,3.2510439116568883,0
2026-06-22,297.010009765625,302.4200134277344,296.760009765625,297.30999755859375,44879900,-0.0033555919842641613,295.7060028076172,289.36501159667966,0.017046609103888354,49.92659056466267,0.9950437536788286,2.7998438800612764,0
2026-06-23,294.29998779296875,301.6400146484375,294.17999267578125,297.5400085449219,52010900,-0.00912434558954689,294.98200073242185,290.04620666503905,0.016319245920780094,47.099336268735044,0.6011534165687635,2.3601057873627735,0
2026-06-24,293.0799865722656,299.70001220703125,292.94000244140625,295.3599853515625,53081900,-0.004145434153267291,295.23500061035156,290.72857788085935,0.01120697450529972,45.840823826607476,0.1883770902119295,1.925760047932605,0
2026-06-25,275.1499938964844,288.79998779296875,273.75,287.3999938964844,107013700,-0.06117781321571136,293.5920013427734,291.0597430419922,0.022512224928995236,32.21626505812657,-1.5674827189927782,1.2271114945475283,1
2026-06-26,283.7799987792969,285.95001220703125,274.2099914550781,275.0,261775500,0.03136472859984596,292.40700073242186,291.4116479492188,0.024755245376092597,41.264905242307684,-2.236859869809166,0.5343172216761896,0
2026-06-29,281.739990234375,288.3699951171875,279.8500061035156,286.7300109863281,66427000,-0.007188697419469814,291.46799926757814,291.7832971191406,0.02447218364530686,39.90868304269852,-2.898545101299476,-0.15225524291894355,1
2026-06-30,289.3599853515625,289.94000244140625,280.70001220703125,281.1700134277344,65100200,0.02704619642688466,290.7619964599609,292.1708715820312,0.025465992004186155,46.92554495972414,-2.7760647450982674,-0.6770171433548083,1
2026-07-01,294.3800048828125,296.5899963378906,289.20001220703125,293.44000244140625,50164200,0.017348699838890536,290.2759979248047,292.60249877929687,0.02597873088842729,50.986104006730706,-2.248010888087663,-0.9912158923013792,1
2026-07-02,308.6300048828125,309.4200134277344,293.67999267578125,294.1199951171875,75352800,0.0484068203126522,291.5439971923828,293.4565985107422,0.03000212184694119,60.27663364492214,-0.671922984297737,-0.9273573107006507,1
2026-07-06,312.6600036621094,314.20001220703125,307.0,307.3599853515625,53590000,0.01305770247720095,293.0089965820313,294.2514270019531,0.030116853393939772,62.4446747380336,0.8920423470405581,-0.563477379152409,0
2026-07-07,310.6600036621094,315.4800109863281,310.1499938964844,315.2900085449219,42426500,-0.006396724801939757,294.3739959716797,295.0010607910156,0.030228253924908875,60.67481167600213,1.9476614260430551,-0.061249618113316195,1
2026-07-08,314.1401062011719,314.489990234375,307.051513671875,311.6600036621094,20830063,0.011202287059931981,296.3580078125,295.8676531982422,0.029860171086246945,62.65810668732867,3.0301328565708445,0.5570268768235159,0
