Date,Close,High,Low,Open,Volume,Return,SMA_20,SMA_50,Volatility,Target,Prediction,Strategy_Return,Equity_Curve,Peak,Drawdown
2023-09-14,173.54437255859375,173.89987544974738,171.41135521167203,171.82610607332606,60895800,0.00878265200274786,177.79655914306642,182.61218139648437,0.016805452528217205,0,1,,1.0,1.0,0.0
2023-09-15,172.823486328125,174.29487626046748,171.64836639188815,174.27512191376346,109259500,-0.004153901505652979,177.84642944335937,182.28548828125,0.016492605216509797,1,1,-0.004153901505652979,0.995846098494347,1.0,-0.004153901505652979
2023-09-18,175.7465057373047,177.13889330258442,173.96899129951683,174.27511585610648,67257600,0.016913322785480744,178.01825637817382,182.03954315185547,0.016896702622091107,1,1,0.016913322785480744,1.0126891650028436,1.0126891650028436,0.0
2023-09-19,176.832763671875,177.38576479928514,174.91699900323943,175.30212586469654,51826900,0.0061808223726165235,178.17773895263673,181.85615081787108,0.016868211331823837,0,0,0.0061808223726165235,1.0189484168503995,1.0189484168503995,0.0
2023-09-20,173.2974853515625,177.45487842056565,173.20859833310675,177.0203732393163,58436200,-0.01999221324659295,178.09182586669922,181.61250579833984,0.01741579706225186,0,0,-0.0,1.0189484168503995,1.0189484168503995,0.0
2023-09-21,171.75694274902344,174.09734264324985,171.6878251518227,172.36920682730067,63149100,-0.008889584285737384,177.73681564331054,181.30471740722658,0.016687759480570243,1,1,-0.0,1.0189484168503995,1.0189484168503995,0.0
2023-09-22,172.60623168945312,174.8676297137013,171.87548661966315,172.48773574692532,56725400,0.004944713889503127,177.65830917358397,180.99872833251953,0.015727788752874918,1,1,0.004944713889503127,1.023986825239887,1.023986825239887,0.0
2023-09-25,173.88011169433594,174.75899170155245,171.97421669351675,172.02359502231215,46172700,0.007380266589532614,177.53338928222655,180.71525817871094,0.015542164057530316,0,1,0.007380266589532614,1.0315441209943264,1.0315441209943264,0.0
2023-09-26,169.8115997314453,173.01111068359924,169.51534481079926,172.63586851438868,64588900,-0.023398374450337767,177.12703170776368,180.28532958984374,0.01617070830763737,0,0,-0.023398374450337767,1.0074076653892565,1.0315441209943264,-0.02339837445033782
2023-09-27,168.30067443847656,170.87806622328196,166.93792612877573,170.46331542744704,66921800,-0.008897656552074529,176.45108337402343,179.83031158447267,0.015198640469855673,1,0,-0.0,1.0074076653892565,1.0315441209943264,-0.02339837445033782
2023-09-28,168.55746459960938,169.8807195182162,165.5258128129139,167.2243249736919,56294400,0.001525782127668629,175.61367797851562,179.35340667724608,0.01428281437502553,1,1,0.0,1.0074076653892565,1.0315441209943264,-0.02339837445033782
2023-09-29,169.07093811035156,170.9077001905232,168.211797495528,169.87081569769032,51861100,0.003046281646214233,174.79108428955078,178.92562744140625,0.014328935482906821,1,1,0.003046281646214233,1.0104765128705873,1.0315441209943264,-0.020423370842762977
2023-10-02,171.5792236328125,172.12235512412923,168.79444856905252,169.0808338409062,52164500,0.014835698852181167,174.01539764404296,178.57148529052733,0.014699208671252942,0,1,0.014835698852181167,1.0254676381127374,1.0315441209943264,-0.005890666969951476
2023-10-03,170.24607849121094,171.46072207785286,168.6858318118607,170.1078282132375,49594600,-0.007769851811747053,173.16120529174805,178.17470336914062,0.014660679300067097,1,0,-0.007769851811747053,1.0174999065268593,1.0315441209943264,-0.013614749172269588
2023-10-04,171.4903564453125,172.03348795172127,168.8339619515459,168.9524578917983,53020300,0.007308702585861804,172.70448455810546,177.7856475830078,0.012907442661441124,1,1,0.0,1.0174999065268593,1.0315441209943264,-0.013614749172269588
2023-10-05,172.72474670410156,173.25799352598938,170.52259660006877,171.6187292983148,48527900,0.007198015587440265,172.573641204834,177.40392303466797,0.011421114016531526,1,0,0.007198015587440265,1.0248238867142587,1.0315441209943264,-0.006514732761590321
2023-10-06,175.2725067138672,175.76625988669193,171.0163417068709,171.6286058875163,57266700,0.014750405245232523,172.53957290649413,177.0983999633789,0.011905241403673604,1,1,0.0,1.0248238867142587,1.0315441209943264,-0.006514732761590321
2023-10-09,176.75376892089844,176.81301689163445,173.60362121945622,174.6009972191987,42390800,0.008451195425928537,172.52130432128905,176.7710238647461,0.01196666408816113,0,0,0.008451195425928537,1.0334848736580406,1.0334848736580406,0.0
2023-10-10,176.16127014160156,177.47465549196244,175.72676490471198,175.87489990900735,43698000,-0.003352113977054927,172.62449951171874,176.4195690917969,0.011314992227322783,1,0,-0.0,1.0334848736580406,1.0334848736580406,0.0
2023-10-11,177.5536346435547,177.60301297187604,175.3811238107674,175.9736185461729,47551100,0.007903919521208724,172.90050811767577,176.11252960205078,0.01102451895676193,1,0,0.0,1.0334848736580406,1.0334848736580406,0.0
2023-10-12,178.45228576660156,180.0619109305439,176.80313684087554,177.8202822818536,56743100,0.005061293872417494,173.14590377807616,175.88322479248046,0.010928581112728326,0,0,0.0,1.0334848736580406,1.0334848736580406,0.0
2023-10-13,176.61550903320312,179.6570151987734,175.91437292525092,179.1533924067404,51427100,-0.01029281707156593,173.33550491333008,175.6449951171875,0.01117769919825979,0,0,-0.0,1.0334848736580406,1.0334848736580406,0.0
2023-10-16,176.4871368408203,176.84263973108403,174.3047411678942,174.54174811745375,52517000,-0.0007268455249798134,173.37253646850587,175.58525970458984,0.010546131814343638,0,0,-0.0,1.0334848736580406,1.0334848736580406,0.0
2023-10-17,174.9367218017578,176.19085892709333,172.6160912129652,174.44296868905948,57549400,-0.008784861417185708,173.277734375,175.55644744873047,0.010634732208203723,0,0,-0.0,1.0334848736580406,1.0334848736580406,0.0
2023-10-18,173.6431121826172,175.36137864838344,172.9222367694585,173.3863659573123,54764400,-0.0073947288243263465,173.29501571655274,175.48302551269532,0.009755238110930237,0,0,-0.0,1.0334848736580406,1.0334848736580406,0.0
2023-10-19,173.2678680419922,175.61812287122567,173.00123711265553,173.84060845589931,59302900,-0.002161007919682767,173.37056198120118,175.4338537597656,0.009540935046229784,0,0,-0.0,1.0334848736580406,1.0334848736580406,0.0
2023-10-20,170.7200927734375,173.22835212793277,170.4830858385587,173.11972583296543,64244000,-0.014704257040533464,173.2762550354004,175.33806579589844,0.010054949895138002,1,0,-0.0,1.0334848736580406,1.0334848736580406,0.0
2023-10-23,170.83860778808594,171.8359838309846,167.80695589693704,168.77472302133776,55980100,0.000694206597027236,173.1241798400879,175.24346313476562,0.009888900420625213,1,0,0.0,1.0334848736580406,1.0334848736580406,0.0
2023-10-24,171.27308654785156,171.50020876645127,169.3079436842464,170.8879597127696,43816600,0.0025432117797667964,173.1972541809082,175.12456756591797,0.00835619223801684,0,0,0.0,1.0334848736580406,1.0334848736580406,0.0
2023-10-25,168.96234130859375,170.89784530264086,168.51795139973865,169.73259505065448,57157000,-0.013491584030116854,173.23033752441407,174.9991549682617,0.00868372543326566,0,1,-0.0,1.0334848736580406,1.0334848736580406,0.0
2023-10-26,164.804931640625,169.2388405091802,163.600172706508,168.2414494672427,70625300,-0.024605540120775427,173.04271087646484,174.80797332763672,0.010295179185172679,1,1,,1.0334848736580406,1.0334848736580406,0.0
2023-10-27,166.11830139160156,166.8490614359056,164.745668316651,164.82467062426355,58499100,0.007969238164792891,172.89507904052735,174.69381774902342,0.010456477446802255,1,1,0.007969238164792891,1.0417209607559326,1.0417209607559326,0.0
2023-10-30,168.1624298095703,169.0314401165317,166.7601727667049,166.90830774256386,51131000,0.012305257162183336,172.72423934936523,174.61086700439452,0.010270625879010129,1,1,0.012305257162183336,1.054539605069271,1.054539605069271,0.0
2023-10-31,168.63644409179688,168.764809656098,165.8022909489589,167.23418704526227,44846000,0.0028187882558745603,172.64375762939454,174.51073364257812,0.01017328990992782,1,1,0.0028187882558745603,1.0575121289233949,1.0575121289233949,0.0
2023-11-01,171.79647827148438,172.05322449399938,167.99457285522465,168.86358325166134,56934900,0.01873873821703298,172.65906372070313,174.44634826660158,0.010923991049748798,1,1,0.01873873821703298,1.0773285718686276,1.0773285718686276,0.0
2023-11-02,175.35150146484375,175.5588693503195,173.26786256268767,173.32711052996643,77334800,0.020693225083121325,172.79040145874023,174.3762353515625,0.011766788310921506,0,1,0.020693225083121325,1.0996219744947828,1.0996219744947828,0.0
2023-11-03,174.4429931640625,174.61088250590672,171.18423421755685,172.06311427874405,79829200,-0.0051810694131033674,172.74892578125,174.38156799316405,0.011362018062687806,1,1,-0.0051810694131033674,1.0939247567167516,1.0996219744947828,-0.005181069413103347
2023-11-06,176.99075317382812,177.18825142381783,174.00849494223715,174.17636920813592,63841300,0.014605115192958706,172.7607749938965,174.39381286621094,0.011686632825234022,1,1,0.014605115192958706,1.1099016538010291,1.1099016538010291,0.0
2023-11-07,179.54843139648438,180.1606805785339,176.7340319643902,176.94139988237026,70530000,0.014450914394065872,172.9301330566406,174.42600646972656,0.012078729625422923,1,1,0.014450914394065872,1.12594074758594,1.12594074758594,0.0
2023-11-08,180.6050262451172,181.15802736111343,179.32126504404005,180.07177947416378,49340300,0.005884734499849831,173.08270263671875,174.40171417236328,0.01202650632802237,0,0,0.005884734499849831,1.1325666099480456,1.1325666099480456,0.0
2023-11-09,180.1310272216797,181.81965455110011,179.53851741631973,180.67415869856794,53763500,-0.002624506268137816,173.16663970947266,174.29822326660155,0.012010032617799659,1,1,-0.0,1.1325666099480456,1.1325666099480456,0.0
2023-11-10,184.3136749267578,184.48178544542026,181.475802800193,181.9108804268445,66133400,0.0232200291620539,173.5515480041504,174.27404052734374,0.012735505306400488,0,0,0.0232200291620539,1.1588648396590078,1.1588648396590078,0.0
2023-11-13,182.73159790039062,183.94782669363863,182.1482051958573,183.74018560328048,43627500,-0.008583611753147813,173.8637710571289,174.1868133544922,0.012950305647122622,1,0,-0.0,1.1588648396590078,1.1588648396590078,0.0
2023-11-14,185.34202575683594,186.0045247766197,184.214786141562,185.5991101996175,60108400,0.014285585451227156,174.3840362548828,174.14705535888672,0.012983453342205265,1,1,0.0,1.1588648396590078,1.1588648396590078,0.0
2023-11-15,185.90565490722656,187.3789832148446,185.67823345303117,185.7474572062222,53790500,0.0030410218518388543,174.99716339111328,174.25267303466796,0.012752497952536749,1,1,0.0030410218518388543,1.1623889729597385,1.1623889729597385,0.0
2023-11-16,187.58665466308594,188.82266388785246,186.5385061665612,187.4482222334322,54412900,0.009042219596269163,175.71310272216797,174.49757385253906,0.012737026781441445,0,0,0.009042219596269163,1.1728995493095222,1.1728995493095222,0.0
2023-11-17,187.5668487548828,188.24912816814668,186.4593894684262,188.12057839811112,50922700,-0.00010558271449900847,176.55544052124023,174.72983337402343,0.012002515802782842,1,0,-0.0,1.1728995493095222,1.1728995493095222,0.0
2023-11-20,189.30715942382812,189.7620174322178,187.75473976876387,187.76462241033667,46505100,0.009278348921986757,177.47886810302734,174.97359375,0.01200201344838314,0,0,0.0,1.1728995493095222,1.1728995493095222,0.0
2023-11-21,188.5062255859375,189.37638084971888,187.61630503925363,189.2676114417462,38134500,-0.00423086924091165,178.34052505493165,175.2617709350586,0.012175686119323561,1,1,-0.0,1.1728995493095222,1.1728995493095222,0.0
2023-11-22,189.16871643066406,190.77057938008178,188.6940931656517,189.3467095850447,39617700,0.0035144242195042086,179.35084381103516,175.6044760131836,0.011394230034164964,0,0,0.0035144242195042086,1.1770216158926612,1.1770216158926612,0.0
2023-11-24,187.84371948242188,188.76330300712377,187.13177703645835,188.73363999587542,24048300,-0.00700431325666806,180.502783203125,175.89046295166017,0.009440438502263202,0,0,-0.0,1.1770216158926612,1.1770216158926612,0.0
2023-11-27,187.66574096679688,188.5358962659671,186.7857030257735,187.79429075090235,40552600,-0.0009474818541466146,181.58015518188478,176.1873080444336,0.009582151489671776,1,0,-0.0,1.1770216158926612,1.1770216158926612,0.0
2023-11-28,188.2688751220703,188.9412718291061,187.28006797313506,187.65581951789036,38415400,0.0032138745844940697,182.58547744750976,176.4377554321289,0.009490489986139142,0,0,0.0,1.1770216158926612,1.1770216158926612,0.0
2023-11-29,187.2504119873047,189.9399687403027,186.85489514809922,188.76328577486603,43014200,-0.005409620332119558,183.51617584228515,176.6461083984375,0.009795664244250277,1,0,-0.0,1.1770216158926612,1.1770216158926612,0.0
2023-11-30,187.82394409179688,188.18981305356235,186.08364867108205,187.71517468500207,48794400,0.0030629150473167055,184.3175491333008,176.9366375732422,0.009276676323155023,1,1,0.0,1.1770216158926612,1.1770216158926612,0.0
2023-12-01,189.09951782226562,189.4159283197641,187.11200544734405,188.19969953750024,45704800,0.006791326508644335,185.00494995117188,177.28348907470703,0.008487544210447735,0,0,0.006791326508644335,1.1850151539939204,1.1850151539939204,0.0
2023-12-04,187.30975341796875,187.92282418358675,185.35191925319242,187.85360043262926,43389500,-0.009464669317555185,185.64828796386718,177.57755950927734,0.008775666411834806,1,1,-0.0,1.1850151539939204,1.1850151539939204,0.0
2023-12-05,191.25509643554688,192.2241233156588,188.05135551468544,188.081033613139,66628400,0.021063201171240387,186.36150512695312,177.92505920410156,0.009304743462468401,0,1,0.021063201171240387,1.2099753665734627,1.2099753665734627,0.0
2023-12-06,190.1674346923828,192.58011192579394,189.95977851245675,192.27358406476233,41089700,-0.005686968679188165,186.89245529174804,178.33217590332032,0.009194565602203685,1,1,-0.005686968679188165,1.2030942745611701,1.2099753665734627,-0.0056869686791882375
2023-12-07,192.09561157226562,192.817436726138,191.42321471638212,191.4627754603769,47477700,0.010139364202929046,187.46698455810548,178.8080746459961,0.009315269507834165,1,1,0.010139364202929046,1.2152928855814045,1.2152928855814045,0.0
2023-12-08,193.51950073242188,193.79636559429088,191.50232520965804,192.0263919187675,53406400,0.007412398172462087,188.13640823364258,179.30731536865235,0.009259145196288752,0,1,,1.2152928855814045,1.2152928855814045,0.0
2023-12-11,191.01779174804688,191.3243346926335,189.27749628821252,190.9485830810774,60943700,-0.012927425788650138,188.47161407470702,179.74625244140626,0.008748127627835755,1,1,-0.012927425788650138,1.1995822769915765,1.2152928855814045,-0.012927425788650047
2023-12-12,192.53065490722656,192.54053754746204,189.5741159727842,190.91889435682484,52696900,0.007920011771338942,188.96156692504883,180.16528106689452,0.008489258455313533,1,0,0.007920011771338942,1.2090829827460394,1.2152928855814045,-0.00510979938173026
2023-12-13,195.74429321289062,195.7838388648497,192.66910200901862,192.90640609677627,70404200,0.016691566894698306,189.48168029785157,180.67524536132814,0.008677784500413354,1,0,0.0,1.2090829827460394,1.2152928855814045,-0.00510979938173026
2023-12-14,195.89260864257812,197.38570218691584,193.96443748585023,195.80361960949875,66831600,0.0007576998912872668,189.98102798461915,181.16329040527344,0.008689039450405413,0,0,0.0,1.2090829827460394,1.2152928855814045,-0.00510979938173026
2023-12-15,195.35867309570312,196.1793699091571,194.79504567055722,195.3191123528845,128538400,-0.002725654380606124,190.36962890625,181.61596893310548,0.008632044678273854,0,0,-0.0,1.2090829827460394,1.2152928855814045,-0.00510979938173026
2023-12-18,193.6974639892578,194.4291868327445,192.21425301938103,193.8952224343076,55751900,-0.008503380372733793,190.67615966796876,181.98446807861328,0.008941978247079268,1,1,-0.0,1.2090829827460394,1.2152928855814045,-0.00510979938173026
2023-12-19,194.7357177734375,194.7456004150459,193.69746706046115,193.96444926391277,40714100,0.005360182641509725,190.9475875854492,182.34410705566407,0.008807906204603928,0,1,0.005360182641509725,1.2155638883622994,1.2155638883622994,0.0
2023-12-20,192.6493377685547,195.46742966263125,192.6493377685547,194.69616113684165,52242800,-0.010713905126075396,191.15474319458008,182.67386840820313,0.00914102689288462,0,1,-0.010713905126075396,1.2025404521877026,1.2155638883622994,-0.010713905126075323
2023-12-21,192.50099182128906,194.87413831888384,191.33420648650613,193.90511142023345,46482500,-0.0007700309224205615,191.32135696411132,182.9728155517578,0.009132336139301762,0,1,-0.0007700309224205615,1.2016144588540565,1.2155638883622994,-0.011475686010248872
2023-12-22,191.43309020996094,193.22282892375426,190.81013681243016,192.9953923922105,37149600,-0.0055475122555187495,191.50082550048828,183.232431640625,0.009071470873158264,0,1,-0.0055475122555187495,1.194948487917155,1.2155638883622994,-0.01695953675698533
2023-12-26,190.88926696777344,191.71986154255086,190.67172813799795,191.44299668429173,28919300,-0.0028408006243384465,191.6620018005371,183.5179067993164,0.00910253328702342,1,1,-0.0028408006243384465,1.1915538775066277,1.2155638883622994,-0.019752158718716054
2023-12-27,190.98809814453125,191.33418668795235,188.95115779593849,190.33549688162287,48087700,0.0005177408784040605,191.79796295166017,183.80792602539063,0.009086273468992753,1,1,0.0005177408784040605,1.1921707936578336,1.2155638883622994,-0.01924464434031747
2023-12-28,191.41331481933594,192.48122849088116,191.00790021395272,191.96704448132198,34049900,0.0022264040478736646,192.00610809326173,184.13745788574218,0.00897327552397419,0,1,0.0022264040478736646,1.1948250475385902,1.2155638883622994,-0.017061086646502965
2023-12-29,190.3750762939453,192.2241411947973,189.5840274029703,191.72973752393827,42672100,-0.00542406637892745,192.13366470336913,184.47209716796874,0.009077531151952183,0,1,-0.00542406637892745,1.1883442371695356,1.2155638883622994,-0.02239261255896324
2024-01-02,183.56219482421875,186.33085840634024,181.83178197139316,185.05528848269014,82488700,-0.03578662502652008,191.8567985534668,184.67798370361328,0.012075046608107038,0,0,-0.03578662502652008,1.1458174075515235,1.2155638883622994,-0.057377881556471486
2024-01-03,182.18775939941406,183.79952025374087,181.37693010719954,182.15809638511382,58414500,-0.0074875734958435025,191.60069885253907,184.90733703613282,0.012013615689361679,0,0,-0.0,1.1458174075515235,1.2155638883622994,-0.057377881556471486
2024-01-04,179.8739471435547,181.04073256447913,178.85547678867908,180.1112512492328,71983600,-0.012700152103999218,191.03164138793946,185.08804382324217,0.011035746241948583,0,0,-0.0,1.1458174075515235,1.2155638883622994,-0.057377881556471486
2024-01-05,179.152099609375,180.7144169560074,178.15340966673114,179.95304619735901,62379700,-0.004013074409289441,190.48087463378906,185.24562408447267,0.011020668338925413,1,0,-0.0,1.1458174075515235,1.2155638883622994,-0.057377881556471486
2024-01-08,183.48309326171875,183.52265400582175,179.46853775144191,180.05193047893468,59144500,0.024174953359670903,190.0502487182617,185.53603912353515,0.01227193614083479,0,0,0.0,1.1458174075515235,1.2155638883622994,-0.057377881556471486
2024-01-09,183.06777954101562,183.07766218215258,180.68475037086026,181.86143345023166,42841800,-0.0022634985780991546,189.5276626586914,185.90129608154297,0.012061172259002878,1,1,-0.0,1.1458174075515235,1.2155638883622994,-0.057377881556471486
2024-01-10,184.10601806640625,184.31365913260458,181.8614214601624,182.28661640904596,46792900,0.00567133401625175,189.18207397460938,186.26105041503905,0.011947806458271235,0,0,0.00567133401625175,1.152315720791384,1.2155638883622994,-0.05203195667167139
2024-01-11,183.51271057128906,184.95637561143621,181.56475932944636,184.4520743217413,49128400,-0.0032226404185395907,188.7311767578125,186.56805603027342,0.011729841796441372,1,1,-0.0,1.152315720791384,1.2155638883622994,-0.05203195667167139
2024-01-12,183.8390655517578,184.64989484239166,183.11724039185432,183.97749798089004,40477800,0.0017783780723024112,188.13591537475585,186.87210845947266,0.010901797604280427,0,1,0.0017783780723024112,1.1543649738016086,1.2155638883622994,-0.05034611109017287
2024-01-16,181.57469177246094,182.1976301200088,178.90489995610474,180.12114381484557,65603000,-0.012317152355517003,187.42001953125,187.0676727294922,0.011050836724004934,0,0,-0.012317152355517003,1.140146484545422,1.2155638883622994,-0.06204314272488437
2024-01-17,180.6353302001953,180.88253205239923,178.28197882705663,179.2411232206481,47317400,-0.005173416862757407,186.6838523864746,187.1733493041992,0.011052690034286883,1,0,-0.0,1.140146484545422,1.2155638883622994,-0.06204314272488437
2024-01-18,186.51873779296875,187.0230241166397,183.7500741577492,184.00715864056133,78005800,0.032570636022603905,186.32491607666014,187.41486419677733,0.013652983684382926,1,0,0.0,1.140146484545422,1.2155638883622994,-0.06204314272488437
2024-01-19,189.41592407226562,189.80155831594578,186.70660172518024,187.21088801676132,68903000,0.015532950273943413,186.05892639160157,187.6633676147461,0.01411535956720063,1,0,0.0,1.140146484545422,1.2155638883622994,-0.06204314272488437
2024-01-22,191.7198486328125,193.14373357255337,190.10808789018887,190.14764863184953,60133900,0.012163309773616904,186.01245193481446,187.90679595947265,0.01423784802730095,1,0,0.0,1.140146484545422,1.2155638883622994,-0.06204314272488437
2024-01-23,192.9954071044922,193.55903452389106,191.66052626402544,192.83720939883855,42355600,0.0066532415958802105,186.03717269897462,188.15460357666015,0.014317248032963624,0,0,0.0,1.140146484545422,1.2155638883622994,-0.06204314272488437
2024-01-24,192.32302856445312,194.18199120084623,192.16481576816378,193.23272951111284,53631300,-0.003483909540267005,186.08166961669923,188.39844360351563,0.01428084262724841,0,1,,1.140146484545422,1.2155638883622994,-0.06204314272488437
2024-01-25,191.9967041015625,194.07320538533628,190.9485708187439,193.0349547434494,54822100,-0.0016967518935532278,186.13704147338868,188.5521041870117,0.014269765428577044,0,1,-0.0016967518935532278,1.1382119388388414,1.2155638883622994,-0.06363462279853714
2024-01-26,190.2662811279297,192.5800863732271,189.7916578927919,192.09558049769083,44594000,-0.009012774368863385,186.1009506225586,188.7027978515625,0.014423438624196427,0,0,-0.009012774368863385,1.1279534914501403,1.2155638883622994,-0.07207387267006964
2024-01-29,189.58401489257812,190.04875551955823,187.4580852833725,189.86087972294905,47145600,-0.003585849428006771,186.0094856262207,188.78763763427733,0.014432850163475364,0,1,-0.0,1.1279534914501403,1.2155638883622994,-0.07207387267006964
2024-01-30,185.935302734375,189.65322753238257,185.37169046557113,188.80285272092348,55859400,-0.01924588505138769,185.7874969482422,188.78823059082032,0.015006545312758829,0,0,-0.01924588505138769,1.1062450282103795,1.2155638883622994,-0.08993263225284083
2024-01-31,182.3360595703125,185.00585134318092,182.28663127585358,184.94651023142666,55467800,-0.019357502911667823,185.72619018554687,188.68321868896484,0.013366292363478286,1,0,-0.0,1.1062450282103795,1.2155638883622994,-0.08993263225284083
2024-02-01,184.76853942871094,184.85752846784007,181.76257176566293,181.93066720224104,64885400,0.013340640705578277,185.85522918701173,188.6272525024414,0.01358242286922975,0,1,0.0,1.1062450282103795,1.2155638883622994,-0.08993263225284083
2024-02-02,183.76986694335938,185.23329771545795,177.2437318686429,177.84690500460306,102551700,-0.005404992042689627,186.05002517700194,188.51650665283202,0.013295993459812002,1,1,-0.005404992042689627,1.1002657826356375,1.2155638883622994,-0.09485153913382571
2024-02-05,185.57933044433594,187.13176501057416,183.75992879401906,186.04407104136263,69668800,0.00984635583119986,186.37138671875,188.45796875,0.01337338440885881,1,0,0.00984635583119986,1.1110993910403615,1.2155638883622994,-0.08593912530807453
2024-02-06,187.18125915527344,187.19114179840088,184.67957743559268,184.7685664877541,43490800,0.008632042733972334,186.55629501342773,188.41821960449218,0.012425702625111577,1,0,0.0,1.1110993910403615,1.2155638883622994,-0.08593912530807453
2024-02-07,187.29000854492188,188.91165203661865,186.49895962721544,188.50623739169367,53439000,0.0005809843898860745,186.76740646362305,188.40714538574218,0.01240178048495268,0,1,0.0,1.1110993910403615,1.2155638883622994,-0.08593912530807453
2024-02-08,186.21218872070312,187.41851968576853,185.25304448034683,187.27020463334281,40962000,-0.005754817529202261,186.8727149963379,188.37807434082032,0.012448705700161334,1,1,-0.005754817529202261,1.1047052167881164,1.2155638883622994,-0.09119937885250962
2024-02-09,186.97454833984375,188.10322646586073,186.13298359451971,186.77652244170517,45155200,0.004094037153948404,187.04580688476562,188.3521878051758,0.012436655376097396,0,0,0.004094037153948404,1.1092279209898075,1.2155638883622994,-0.08747871534400047
2024-02-12,185.29139709472656,186.79630612181433,184.93497167008087,186.5487888854563,41781900,-0.009002034020469507,187.11842346191406,188.31300750732422,0.012633567366909177,0,0,-0.0,1.1092279209898075,1.2155638883622994,-0.08747871534400047
2024-02-13,183.20237731933594,184.36077144619387,181.68757282391297,183.92513863049606,56529500,-0.011274240510597777,187.1998077392578,188.220576171875,0.012580053507556607,0,0,-0.0,1.1092279209898075,1.2155638883622994,-0.08747871534400047
2024-02-14,182.3212127685547,183.6875129162611,180.62820312290157,183.4796068721132,54630500,-0.004809787753164985,187.2841018676758,188.0850100708008,0.012571650246638933,0,1,-0.0,1.1092279209898075,1.2155638883622994,-0.08747871534400047
2024-02-15,182.03408813476562,182.65783644316613,179.5490203671251,181.72716915991907,65434500,-0.0015748284548411373,187.05986938476562,187.97949676513673,0.010060468859240822,0,1,-0.0015748284548411373,1.1074810772969286,1.2155638883622994,-0.08891577982872484
2024-02-16,180.4994659423828,183.01424950876478,179.8658224253954,181.59844306951368,49752500,-0.008430411073593436,186.6140464782715,187.76438415527343,0.0093700441853659,0,1,-0.008430411073593436,1.0981445565590893,1.2155638883622994,-0.09659659432743307
2024-02-20,179.7569122314453,180.61826736487214,178.21240712023044,179.984623854957,53665600,-0.004113883146748654,186.01589965820312,187.5561737060547,0.008726422584794526,1,1,-0.004113883146748654,1.093626918175167,1.2155638883622994,-0.10031309037274483
2024-02-21,180.50938415527344,181.0737156195715,178.8658660184515,180.13315310757224,41371400,0.0041860527892205734,185.3915985107422,187.32444915771484,0.008596572829025564,1,0,0.0041860527892205734,1.0982048981863608,1.2155638883622994,-0.09654695347527446
2024-02-22,182.5390167236328,183.12316891523534,180.6479964148563,181.65785591778803,52292200,0.011243917194983633,184.90239791870118,187.10483947753906,0.009190572907140204,0,1,0.0,1.0982048981863608,1.2155638883622994,-0.09654695347527446
2024-02-23,180.70741271972656,183.20237592421455,180.42028422645075,183.17267506039363,45119700,-0.010034041142444217,184.3379333496094,186.89863189697266,0.009336938685190435,0,0,-0.010034041142444217,1.0871854650551251,1.2155638883622994,-0.10561223851437009
2024-02-26,179.3609161376953,180.9450175834942,178.85597124394113,180.43019254491847,40867400,-0.007451252617509563,183.79266510009765,186.63523712158204,0.009290283261216474,1,1,-0.0,1.0871854650551251,1.2155638883622994,-0.10561223851437009
2024-02-27,180.81631469726562,182.09349711935678,177.77679547469845,179.30151026553332,54318900,0.008114357302083652,183.35428009033203,186.33667755126953,0.009608148858525812,0,1,0.008114357302083652,1.0960072763722144,1.2155638883622994,-0.09835485665106493
2024-02-28,179.61831665039062,181.30143093346823,178.34113428414614,180.69748823755316,48953900,-0.006625497532569247,183.0384307861328,186.0111917114258,0.008820195948056789,0,1,-0.006625497532569247,1.0887456828669324,1.2155638883622994,-0.1043287043235763
2024-02-29,178.95497131347656,180.75690414056305,177.74708592784262,179.46981142225187,136682600,-0.0036930829176247126,182.869376373291,185.68311767578126,0.007805923075573809,0,0,-0.0036930829176247126,1.0847248547838988,1.2155638883622994,-0.10763649268544576
2024-03-01,177.8758087158203,178.73716395290236,175.61845249589473,177.76690051629518,73563100,-0.006030358305977868,182.52473983764648,185.3666845703125,0.007116424518581979,0,0,-0.0,1.0847248547838988,1.2155638883622994,-0.10763649268544576
2024-03-04,173.36109924316406,175.14321147352493,172.06409607852763,174.4006596751229,81510100,-0.02538124495540084,182.00430145263672,184.93919219970704,0.008832814652176911,0,1,-0.0,1.0847248547838988,1.2155638883622994,-0.10763649268544576
2024-03-05,168.4305419921875,170.33147275577412,167.93550746706842,169.0641855800497,95132400,-0.028440966701882453,181.1468620300293,184.45481628417969,0.010002443756249653,0,1,-0.028440966701882453,1.0538742313082856,1.2155638883622994,-0.13301617348295408
2024-03-06,167.4404754638672,169.53943215491887,167.00484265804033,169.36121186741923,68587700,-0.005878188816647256,180.159822845459,183.95360595703124,0.009490951451027154,0,1,-0.005878188816647256,1.0476793595876566,1.2155638883622994,-0.13811246811620057
2024-03-07,167.3216552734375,169.0344703547855,166.81672553933012,167.47015957545335,71765100,-0.0007096264514330208,179.16140518188476,183.47137725830078,0.00945163735312178,1,0,,1.0476793595876566,1.2155638883622994,-0.13811246811620057
2024-03-08,169.0345001220703,171.97500667784078,167.2622830078253,167.3216847390924,76267000,0.010236839014254873,178.30252075195312,183.0342819213867,0.010090736163653507,1,0,0.0,1.0476793595876566,1.2155638883622994,-0.13811246811620057
2024-03-11,171.034423828125,172.64824117092596,170.34137853305091,171.22253935977105,60139500,0.01183145277804476,177.5055145263672,182.6352084350586,0.010585030858605578,1,0,0.0,1.0476793595876566,1.2155638883622994,-0.13811246811620057
2024-03-12,171.5096893310547,172.30174774042325,169.3117344210043,171.43048197939208,59825400,0.0027787710350477557,176.8164291381836,182.23713592529296,0.010642613258496325,0,1,0.0,1.0476793595876566,1.2155638883622994,-0.13811246811620057
2024-03-13,169.43051147460938,171.4700511814422,169.0641756745517,171.05422401757613,52488700,-0.012122801134762717,176.12783584594726,181.81824462890626,0.010675607004882329,1,0,-0.012122801134762717,1.0349785510583798,1.2155638883622994,-0.1485609592657594
2024-03-14,171.2819366455078,172.57892461566286,170.34137411890524,171.1928340614332,72913500,0.01092734215806157,175.57587203979492,181.57263946533203,0.011169315902985068,0,0,0.0,1.0349785510583798,1.2155638883622994,-0.1485609592657594
2024-03-15,170.9057159423828,170.9057159423828,168.59885322457814,169.47011882986195,121752700,-0.0021964995871318616,175.0194534301758,181.3469985961914,0.011165834485151318,1,1,-0.0,1.0349785510583798,1.2155638883622994,-0.1485609592657594
2024-03-18,171.99481201171875,175.94519331439105,171.79680120539754,173.82644596151624,75604200,0.006372496457070609,174.59422073364257,181.1894158935547,0.011283168130137735,1,0,0.006372496457070609,1.0415739482081434,1.2155638883622994,-0.14313516699526882
2024-03-19,174.3313446044922,174.85607994565953,171.31163124958826,172.6086191723699,55215200,0.01358490157606762,174.32294235229492,181.09300079345704,0.011818831616803747,1,1,0.0,1.0415739482081434,1.2155638883622994,-0.14313516699526882
2024-03-20,176.8956298828125,176.8956298828125,173.3511809805003,173.97492929704185,53423100,0.014709261172383803,174.1422546386719,180.9612515258789,0.012307749031512407,0,1,0.014709261172383803,1.056894731442688,1.2155638883622994,-0.1305313183771712
2024-03-21,169.66810607910156,175.7273381457555,169.1433707597941,175.29170540355622,106181300,-0.04085755995497986,173.49870910644532,180.69325805664062,0.014845795095110708,1,0,-0.04085755995497986,1.013712591586666,1.2155638883622994,-0.1660556871655532
2024-03-22,170.569091796875,171.33144918231721,168.37113733503185,170.05425166968308,71160100,0.005310283344315714,172.99179306030274,180.42251953125,0.01488913123271289,0,1,0.0,1.013712591586666,1.2155638883622994,-0.1660556871655532
2024-03-25,169.15330505371094,170.2324767040703,167.76719930445816,168.87608692531137,54288300,-0.008300371000685591,172.4814125061035,180.13533142089844,0.014904366844313576,0,1,-0.008300371000685591,1.0052984009884303,1.2155638883622994,-0.17297773435599087
2024-03-26,168.02462768554688,169.71763732680742,167.8959138727621,168.31174106723407,57388400,-0.006672511470028231,171.8418281555176,179.8190426635742,0.014698828457614778,1,1,-0.006672511470028231,0.998590535877034,1.2155638883622994,-0.17849604990946924
2024-03-27,171.58888244628906,171.87601096065072,168.42066417893392,168.7176879462108,60273300,0.02121269250727087,171.4403564453125,179.61932647705078,0.01567847616414537,0,0,0.02121269250727087,1.0197733298552643,1.2155638883622994,-0.16106973922269047
2024-03-28,169.77703857421875,170.51959037094832,168.81667037520143,170.0443614510728,65672700,-0.010559214829302555,170.9814598083496,179.40216064453125,0.01578846203528624,0,1,-0.0,1.0197733298552643,1.2155638883622994,-0.16106973922269047
2024-04-01,168.34144592285156,169.54933141950085,167.79690490268092,169.48992969134684,46240500,-0.008455752694376373,170.50474166870117,179.0386148071289,0.015826200171532707,0,1,-0.008455752694376373,1.0111503787736875,1.2155638883622994,-0.16816352603565202
2024-04-02,167.16326904296875,167.65830361021796,166.55932626663449,167.40089107386055,49329500,-0.00699873327940137,170.1948501586914,178.59356170654297,0.01494462434065091,1,1,-0.00699873327940137,1.0040736069672849,1.2155638883622994,-0.17398532764900612
2024-04-03,167.9652099609375,168.98497988400436,166.90584392266877,167.11374996517486,47691700,0.004797351251623505,170.1715835571289,178.11846893310548,0.01360369449155968,0,1,0.004797351251623505,1.0088905007423914,1.2155638883622994,-0.1700226451267438
2024-04-04,167.14346313476562,170.21266810452119,167.14346313476562,168.59885072968464,53704400,-0.0048923632838192566,170.15673294067383,177.60143005371094,0.013583234012288439,1,1,-0.0048923632838192566,1.0039546418991654,1.2155638883622994,-0.17408319586412707
2024-04-05,167.8959197998047,168.69787335368648,167.2721714324497,167.90581505219322,42104800,0.004501861161225085,170.1854461669922,177.11288787841798,0.013618849145991506,0,1,0.004501861161225085,1.0084743063091628,1.2155638883622994,-0.1703650330811847
2024-04-08,166.77713012695312,167.51968192191484,166.5692240844266,167.3513719945941,37425500,-0.006663590599375935,170.07257766723632,176.60849639892578,0.013490968003821322,1,1,-0.006663590599375935,1.001754246401929,1.2155638883622994,-0.1758933808476585
2024-04-09,167.9850311279297,168.3909631058002,166.6781477036779,167.02466284236104,42373800,0.007242605746106134,169.92010803222655,176.16287139892577,0.013306451920522308,0,1,0.007242605746106134,1.0090095574631057,1.2155638883622994,-0.16992470151238165
2024-04-10,166.11376953125,167.41075745661644,165.4504251384005,167.12364410431726,49709300,-0.011139454415165284,169.65031204223632,175.6934664916992,0.013471588422183222,1,1,-0.011139454415165284,0.9977697414932793,1.2155638883622994,-0.1791712874610392
2024-04-11,173.3016815185547,173.7175238179071,166.49001666248702,166.66822184170525,91070300,0.04327101845673598,169.8438705444336,175.44079406738283,0.016523467866577983,1,0,0.04327101845673598,1.0409442543930076,1.2155638883622994,-0.14365319309094704
2024-04-12,174.79672241210938,176.58874526879183,172.47996408161129,172.5294554564089,101670900,0.008626811237227416,170.01960983276368,175.29000732421875,0.016460512818625504,0,0,0.0,1.0409442543930076,1.2155638883622994,-0.14365319309094704
2024-04-15,170.9750213623047,174.8758957155582,170.78690583147454,173.6185038309996,73531800,-0.021863688272108717,170.02307510375977,175.01413696289063,0.017239645332487678,0,0,-0.0,1.0409442543930076,1.2155638883622994,-0.14365319309094704
2024-04-16,167.69789123535156,172.03438316124112,166.59891404642835,170.0443499195711,73711200,-0.01916730350925777,169.8082290649414,174.69269744873046,0.01769523284864444,0,0,-0.0,1.0409442543930076,1.2155638883622994,-0.14365319309094704
2024-04-17,166.33160400390625,168.95528100035153,166.33160400390625,167.9256158132339,50901200,-0.00814731313184991,169.40824203491212,174.30774291992188,0.017409957847716557,0,1,-0.0,1.0409442543930076,1.2155638883622994,-0.14365319309094704
2024-04-18,165.381103515625,166.96521980912772,164.8959794200199,166.36127717179573,43122900,-0.005714491205525363,168.83251571655273,173.8717398071289,0.016958935191439324,0,1,-0.005714491205525363,1.0349957876058367,1.2155638883622994,-0.14854677938790856
2024-04-19,163.3614044189453,164.7474951408098,162.4505426435407,164.55939469854349,68149400,-0.012212393397706856,168.5171806335449,173.39316772460938,0.014668178662835568,1,1,,1.0349957876058367,1.2155638883622994,-0.14854677938790856
2024-04-22,164.19305419921875,165.59895049362888,163.1336881290828,163.87623994630854,48116400,0.0050908584143942726,168.1983787536621,172.9527850341797,0.01466266846387106,1,0,0.0050908584143942726,1.0402648046200325,1.2155638883622994,-0.14421215159529238
2024-04-23,165.2425079345703,165.391027347015,163.28217556978177,163.7079130900853,49537800,0.006391584226688618,168.0028388977051,172.5181442260742,0.014687986952002356,1,0,0.0,1.0402648046200325,1.2155638883622994,-0.14421215159529238
2024-04-24,167.34149169921875,167.6187098522012,164.5593998092657,164.8861093338651,48251800,0.012702444370304322,167.96868209838868,172.15914611816407,0.014935707742299726,1,1,0.0,1.0402648046200325,1.2155638883622994,-0.14421215159529238
2024-04-25,168.20285034179688,168.91570135131437,166.48012455092012,167.84642483703811,50558300,0.005147310651002934,167.79938049316405,171.85915557861327,0.014140027856505089,0,0,0.005147310651002934,1.0456193707287167,1.2155638883622994,-0.1398071456881999
2024-04-26,167.6186981201172,169.63843239437367,167.49987955768663,168.19293999888993,44838400,-0.0034729032266258564,167.69146347045898,171.56510528564453,0.013973105861188918,1,1,-0.0,1.0456193707287167,1.2155638883622994,-0.1398071456881999
2024-04-29,171.77699279785156,174.28186646983917,171.38097119165224,171.64827897757164,68169400,0.02480805974733502,167.86324081420898,171.35996337890626,0.01492924783637217,0,0,0.02480805974733502,1.0715591585507256,1.2155638883622994,-0.11846742996420208
2024-04-30,168.6384735107422,173.2521991943247,168.31174889120035,171.60868084411632,65934800,-0.018270894349645572,167.93700103759767,171.12274353027342,0.01545520211567763,0,1,-0.0,1.0715591585507256,1.2155638883622994,-0.11846742996420208
2024-05-01,167.6186981201172,170.99483730573115,167.43058257791944,167.8959162536964,50383100,-0.006047109947067031,167.91967544555663,170.87997924804688,0.015488607757247431,1,0,-0.006047109947067031,1.0650793225041828,1.2155638883622994,-0.12379815433712904
2024-05-02,171.3116455078125,171.69777183075684,169.19289835753364,170.79680537480178,94214900,0.022031834330612066,168.128084564209,170.69602447509766,0.016194133012149847,1,0,0.0,1.0650793225041828,1.2155638883622994,-0.12379815433712904
2024-05-03,181.5588836669922,185.14292911827533,180.84603267784937,184.7963988764884,163224100,0.05981635474228386,168.81123275756835,170.67642181396485,0.02082193580837209,0,0,0.0,1.0650793225041828,1.2155638883622994,-0.12379815433712904
2024-05-06,179.90545654296875,182.3707188474722,178.62825898838415,180.53910014061182,78569700,-0.009106836804835594,169.46764907836913,170.66038269042969,0.020895579215885057,1,0,-0.0,1.0650793225041828,1.2155638883622994,-0.12379815433712904
2024-05-07,180.5885772705078,183.0637497391675,179.5193160584302,181.62815272879564,77305800,0.0037971095522379983,170.09782638549805,170.68493591308595,0.020881631100946027,1,0,0.0,1.0650793225041828,1.2155638883622994,-0.12379815433712904
2024-05-08,180.9252166748047,181.25194126160505,179.64801918938014,181.0341248704048,45057100,0.0018641234644238835,170.8383987426758,170.6871139526367,0.020591528673176148,1,1,0.0,1.0650793225041828,1.2155638883622994,-0.12379815433712904
2024-05-09,182.73704528808594,182.82614787366472,180.3014688648197,180.74699689996783,48983000,0.010014240394902174,171.31016693115234,170.74948852539063,0.018533908787350176,0,0,0.010014240394902174,1.0757452828793792,1.2155638883622994,-0.11502365842020411
2024-05-10,181.47796630859375,183.50044009541958,180.56586910059414,183.31206939842306,50759500,-0.006890113482502902,171.64422912597655,170.79994842529297,0.01860243917109781,1,0,-0.0,1.0757452828793792,1.2155638883622994,-0.11502365842020411
2024-05-13,184.6802215576172,185.49318663872077,183.0344740478803,183.84743912898392,72044800,0.01764542172341832,172.3294891357422,170.9360366821289,0.018019249333906546,1,0,0.0,1.0757452828793792,1.2155638883622994,-0.11502365842020411
2024-05-14,185.82034301757812,186.6828817403559,184.6901339480471,185.89965779253163,52393600,0.006173489777871133,173.23561172485353,171.18522155761718,0.017174577911417244,1,0,0.0,1.0757452828793792,1.2155638883622994,-0.11502365842020411
2024-05-15,188.0906982421875,189.01270420161362,185.76087383759318,186.2962448244031,70400000,0.012218012235585052,174.32356643676758,171.5784246826172,0.016938619908288467,1,1,0.0,1.0757452828793792,1.2155638883622994,-0.11502365842020411
2024-05-16,188.2096405029297,189.458829238671,188.03119361367854,188.83423487080034,52845200,0.0006323665223946229,175.46499328613282,171.99380798339843,0.01676021103539649,1,1,0.0006323665223946229,1.0764255481828962,1.2155638883622994,-0.11446402900867769
2024-05-17,188.2393798828125,189.1713095252472,187.55530322495105,187.8824709799172,41282900,0.00015801199026443946,176.70889205932616,172.41216247558594,0.01624924069327394,1,1,0.00015801199026443946,1.076595636326136,1.2155638883622994,-0.11432410370745064
2024-05-20,189.39930725097656,190.27175449259957,187.38674246856843,187.70400151197455,44361300,0.006161980393720956,177.96920471191407,172.81945861816405,0.016243565432942725,1,0,0.006161980393720956,1.083229597529143,1.2155638883622994,-0.10886658619930481
2024-05-21,190.69808959960938,191.07481584379752,189.28036268210627,189.44890089382775,42309400,0.006857376447062524,179.24198379516602,173.21273193359374,0.016242545324963626,0,0,0.0,1.083229597529143,1.2155638883622994,-0.10886658619930481
2024-05-22,189.26051330566406,191.16403734183464,188.63593413629764,190.6187578068766,34648500,-0.007538493421531678,180.3379348754883,173.56774841308595,0.016517265837253946,0,1,-0.0,1.083229597529143,1.2155638883622994,-0.10886658619930481
2024-05-23,185.2750701904297,189.35968258649532,185.02721720275102,189.3398501117122,51005900,-0.021057974775740562,181.19154586791993,173.88463958740235,0.017616340886419914,1,0,-0.021057974775740562,1.0604189759880387,1.2155638883622994,-0.12763205114893947
2024-05-24,188.3484344482422,188.94328765804346,186.42509288132968,187.19840810516956,36327000,0.016588115468819664,182.22803268432617,174.22596954345704,0.01768013918705588,1,0,0.0,1.0604189759880387,1.2155638883622994,-0.12763205114893947
2024-05-28,188.3583526611328,191.34249703943843,187.47599667367734,189.86528785982966,52280100,5.2658854954978906e-05,183.05710067749024,174.57502227783203,0.01715223877250219,1,1,0.0,1.0604189759880387,1.2155638883622994,-0.12763205114893947
2024-05-29,188.65577697753906,190.59895109353056,187.8824768517226,187.98162409974876,53068000,0.0015790343895252246,184.05796585083007,174.90824157714843,0.016303020733238957,1,1,0.0015790343895252246,1.0620934140184288,1.2155638883622994,-0.12625455215738415
2024-05-30,189.64715576171875,190.52951165486797,188.99283547357805,189.12170872016605,49889100,0.005254961178833728,185.15938873291014,175.21455780029297,0.01606684162396982,1,0,0.005254961178833728,1.0676746736773906,1.2155638883622994,-0.1216630537487886
2024-05-31,190.59893798828125,190.9161970579539,188.2790377703441,189.79589676882185,75158300,0.0050187002422454885,186.1237533569336,175.48862396240236,0.015635370750038857,1,0,0.0,1.0676746736773906,1.2155638883622994,-0.1216630537487886
2024-06-03,192.3636474609375,193.31540952983562,190.86662095571478,191.24334718637152,50080500,0.00925875816141608,186.66399154663085,175.94253479003908,0.009110549491821609,1,1,,1.0676746736773906,1.2155638883622994,-0.1216630537487886
2024-06-04,192.680908203125,193.64257895328527,191.37223723797064,192.96841099700254,47471400,0.0016492759748274466,187.30276412963866,176.38477111816405,0.00866913211830178,1,1,0.0016492759748274466,1.0694355638656183,1.2155638883622994,-0.12021443372553323
2024-06-05,194.1878662109375,195.20901937445223,193.19645419760306,193.72190135445058,54156800,0.00782100324243773,187.98272857666015,176.8854623413086,0.008723600518033682,0,1,0.00782100324243773,1.0777996228781896,1.2155638883622994,-0.11333362795905064
2024-06-06,192.80978393554688,194.81244022862765,192.50244866402238,194.0093990023229,41181800,-0.0070966446167840536,188.57695693969725,177.3811654663086,0.00904556363135659,1,1,-0.0070966446167840536,1.0701508619865192,1.2155638883622994,-0.11962598409507852
2024-06-07,195.19908142089844,195.2486550396786,192.4726987931798,192.9783133981505,53103900,0.012391992961053644,189.2000587463379,177.85336944580078,0.009154462395460321,0,1,0.012391992961053644,1.0834121639355216,1.2155638883622994,-0.1087163954868902
2024-06-10,191.4614715576172,195.60558138834554,190.49980075281104,195.20900753042525,97010200,-0.019147681618552403,189.69923400878906,178.28705810546876,0.010223562012806092,1,0,-0.019147681618552403,1.0626673327588174,1.2155638883622994,-0.12578241017794298
2024-06-11,205.37098693847656,205.38091074009856,191.96710777388114,191.98692512163242,172373300,0.07264916156603096,190.73377227783203,179.02764892578125,0.018497140529507333,1,0,0.0,1.0626673327588174,1.2155638883622994,-0.12578241017794298
2024-06-12,211.2401580810547,218.3089152196564,205.1231328450552,205.58909768640683,198134300,0.02857838504879151,192.00476303100587,179.90918670654298,0.01920614133941334,1,1,0.0,1.0626673327588174,1.2155638883622994,-0.12578241017794298
2024-06-13,212.4001007080078,214.888539245905,209.7827737762817,212.8958066808934,97862700,0.005491108497031272,193.22023315429686,180.79788452148438,0.019161455228795553,0,0,0.005491108497031272,1.068502554379247,1.2155638883622994,-0.1209819865422168
2024-06-14,210.66513061523438,213.32210737882852,209.4853479747781,212.01345147179217,70122700,-0.008168405226693154,194.3430076599121,181.66831787109376,0.01939722139038054,1,0,-0.0,1.068502554379247,1.2155638883622994,-0.1209819865422168
2024-06-17,214.80921936035156,217.06963733267014,210.8931452933454,211.5375569916551,93728300,0.019671450766506338,195.67149963378907,182.6065838623047,0.019586998778333777,0,1,0.0,1.068502554379247,1.2155638883622994,-0.1209819865422168
2024-06-18,212.4496612548828,216.75240063817128,211.1707464886947,215.72132373307375,79943300,-0.010984435921767788,196.8240173339844,183.5200344848633,0.01998758078656626,0,0,-0.010984435921767788,1.056765656538423,1.2155638883622994,-0.1306375035851235
2024-06-20,207.87924194335938,212.4000929584359,207.05638337080816,212.0927425591543,86172500,-0.02151295174832102,197.68307495117188,184.31791870117186,0.020904969738578767,0,0,-0.0,1.056765656538423,1.2155638883622994,-0.1306375035851235
2024-06-21,205.70806884765625,210.07027533194446,205.33132746963062,208.58315742215362,241805100,-0.010444395868514422,198.50545272827148,185.1098046875,0.021003094490900005,1,0,-0.0,1.056765656538423,1.2155638883622994,-0.1306375035851235
2024-06-24,206.3524932861328,210.87332959032133,204.8158016590104,205.93610206103614,80727000,0.003132713471506232,199.55932388305663,185.77082092285156,0.020139898015374424,1,0,0.0,1.056765656538423,1.2155638883622994,-0.1306375035851235
2024-06-25,207.2744903564453,209.56464939365068,206.8184342324815,207.35378999494392,55549700,0.0044680684765656675,200.5056266784668,186.42037628173827,0.0199731779594695,1,0,0.0,1.056765656538423,1.2155638883622994,-0.1306375035851235
2024-06-26,211.4185791015625,213.01475280094434,208.83099354238436,209.68360834691896,66213200,0.019993240547790947,201.65863800048828,187.22924743652345,0.020210394845644332,1,0,0.0,1.056765656538423,1.2155638883622994,-0.1306375035851235
2024-06-27,212.2613067626953,213.88722177256454,210.5263358320774,212.8462361886446,49772700,0.00398606245824773,202.8389144897461,188.1205157470703,0.020189963546403518,0,0,0.0,1.056765656538423,1.2155638883622994,-0.1306375035851235
2024-06-28,208.81117248535156,214.21437951883613,208.4939285392998,213.91695291908772,82542700,-0.016254183722711812,203.79711532592773,188.9701071166992,0.020800991253558734,1,0,-0.0,1.056765656538423,1.2155638883622994,-0.1306375035851235
2024-07-01,214.88853454589844,215.64200216221636,210.10001313722785,210.26855134899324,60402900,0.029104582806617874,205.0115951538086,189.9602557373047,0.021486544555814526,1,0,0.0,1.056765656538423,1.2155638883622994,-0.1306375035851235
2024-07-02,218.37831115722656,218.4873670751859,213.25271326862932,214.2936836981781,58046200,0.01623993862074924,206.31232833862305,191.0605938720703,0.021594782502463578,1,0,0.0,1.056765656538423,1.2155638883622994,-0.1306375035851235
2024-07-03,219.64732360839844,219.64732360839844,217.1489612238199,218.11063203893852,37369800,0.005811073656752486,207.66064910888673,192.1696792602539,0.021564815855073007,1,0,0.0,1.056765656538423,1.2155638883622994,-0.1306375035851235
2024-07-05,224.3961639404297,224.5052198536283,219.7464397478406,219.7464397478406,60412400,0.021620296819540474,209.17106399536132,193.3527523803711,0.02181891328916605,1,0,0.0,1.056765656538423,1.2155638883622994,-0.1306375035851235
2024-07-08,225.8634796142578,225.89322076278884,221.3327197032473,225.13973799267995,59085900,0.00653895168287133,210.82374877929686,194.52319213867187,0.02155096944127792,1,0,0.0,1.056765656538423,1.2155638883622994,-0.1306375035851235
2024-07-09,226.71607971191406,227.42989753320916,224.4259205051531,225.97252074204383,48076100,0.0037748470851168836,212.39959869384765,195.69345672607423,0.02154801035117183,1,0,0.0,1.056765656538423,1.2155638883622994,-0.1306375035851235
2024-07-10,230.97914123535156,231.07828847688273,227.28117906796422,227.3307526887298,62627700,0.01880352522350659,214.37548217773437,196.9606655883789,0.020711571568317936,0,0,0.0,1.056765656538423,1.2155638883622994,-0.1306375035851235
2024-07-11,225.61563110351562,230.39422897123262,223.83108651749725,229.40281699319425,64710600,-0.023220755359770306,215.38771438598633,198.0374383544922,0.015890500532856434,1,0,-0.0,1.056765656538423,1.2155638883622994,-0.1306375035851235
2024-07-12,228.5601043701172,230.64207551688347,226.71607753741577,226.9540218514806,53046500,0.013050838952069821,216.25371170043945,199.23587097167967,0.015024959085352233,1,0,0.0,1.056765656538423,1.2155638883622994,-0.1306375035851235
2024-07-15,232.3869171142578,235.19261429032915,231.08817009209173,234.44905544914306,62631300,0.016743135267140552,217.25305252075196,200.5312353515625,0.01528988780120658,1,0,0.0,1.056765656538423,1.2155638883622994,-0.1306375035851235
2024-07-16,232.80337524414062,234.2409196318231,230.3347538954296,232.98182214446476,43234300,0.0017920893957987793,218.35996475219727,201.76106994628907,0.015011175006926865,0,0,0.0,1.056765656538423,1.2155638883622994,-0.1306375035851235
2024-07-17,226.91436767578125,229.47221227385296,224.69359950369105,227.47946461019197,57345900,-0.02529605750854591,218.96522216796876,202.66817962646485,0.016048075499449276,0,1,,1.056765656538423,1.2155638883622994,-0.1306375035851235
2024-07-18,222.25474548339844,228.46099458072425,220.36115997030524,228.30236502251043,66034600,-0.020534716422366706,219.45547637939453,203.51516540527345,0.016614036182578867,1,1,-0.020534716422366706,1.0350652734565102,1.2155638883622994,-0.14848961591724377
2024-07-19,222.3836212158203,224.85224251867803,221.36246807560826,222.88925101284036,49151500,0.0005798559312719664,220.1806953430176,204.3510662841797,0.015647476414697426,0,1,0.0005798559312719664,1.0356654621945776,1.2155638883622994,-0.14799586257049377
2024-07-22,222.03662109375,225.82380677595344,221.174082433242,225.06041535891617,48201800,-0.0015603672616408826,220.99712295532225,205.1732943725586,0.015354307129204204,1,0,-0.0015603672616408826,1.034049443713357,1.2155638883622994,-0.14932530193332136
2024-07-23,223.07757568359375,224.9910084270489,220.76758424988336,222.44307270253879,39960300,0.004688211272158682,221.8333770751953,205.98010498046875,0.015353949447150387,0,1,0.0,1.034049443713357,1.2155638883622994,-0.14932530193332136
2024-07-24,216.6631622314453,222.86941075843336,215.26528287042115,222.07627816799848,61777600,-0.02875418307955091,222.3028106689453,206.68380889892578,0.017010298489356708,0,1,-0.02875418307955091,1.0043161966955152,1.2155638883622994,-0.17378575794267243
2024-07-25,215.62217712402344,218.95332167523742,212.77681471652627,217.0497975364767,51391200,-0.004804624361154031,222.51299057006835,207.3026480102539,0.016554656940974834,1,1,-0.004804624361154031,0.9994908346305703,1.2155638883622994,-0.17775540701759351
2024-07-26,216.08816528320312,217.60502442671483,214.15489978899527,216.82180047841348,41601300,0.002161132799024079,222.70433349609374,207.9080044555664,0.01654302698248409,1,1,0.002161132799024079,1.0016508670556143,1.2155638883622994,-0.17597842725887905
2024-07-29,216.3657684326172,217.41666277155184,213.89714701413598,215.09676223529075,36311800,0.0012846753964994573,223.08206329345703,208.473505859375,0.01603599328724895,1,0,0.0012846753964994573,1.002937663280403,1.2155638883622994,-0.17491982701819378
2024-07-30,216.9209442138672,218.43780333279796,214.26395224147618,217.3075942808937,41643800,0.0025659132000028784,223.18368377685547,209.04773193359375,0.014709658804395686,1,0,0.0,1.002937663280403,1.2155638883622994,-0.17491982701819378
2024-07-31,220.1727752685547,221.89783756706774,218.73523091700034,219.53827220377053,50036300,0.014990857920484935,223.27340698242188,209.6863998413086,0.01464214142073204,0,1,0.0,1.002937663280403,1.2155638883622994,-0.17491982701819378
2024-08-01,216.48471069335938,222.55214689360594,215.15622233135366,222.44309097566543,62501000,-0.016750774798095835,223.11527633666992,210.22810791015624,0.015075098337341022,1,1,-0.016750774798095835,0.9861376803462645,1.2155638883622994,-0.188740559186186
2024-08-02,217.97183227539062,223.66254232334134,215.84030263063204,217.2679231335739,105568600,0.006869406976909742,222.79405975341797,210.77358276367187,0.01426921907616267,0,0,0.006869406976909742,0.9929118614078287,1.2155638883622994,-0.18316768792337568
2024-08-05,207.4727783203125,211.66644653820467,194.31673780556494,197.38019703112641,119548600,-0.04816702160769737,221.8745246887207,211.13782806396483,0.017544133091833624,0,1,-0.0,0.9929118614078287,1.2155638883622994,-0.18316768792337568
2024-08-06,205.45028686523438,208.18659343179937,199.34320096724198,203.53686913101606,69660500,-0.009748225629656604,220.8112350463867,211.54133239746093,0.01748559280307862,1,1,-0.009748225629656604,0.9832327325524629,1.2155638883622994,-0.19113035360309266
2024-08-07,208.01808166503906,211.8052677945223,204.61753049861642,205.12314519344287,63516400,0.012498375344148549,219.6631820678711,211.93472534179688,0.01709067103601331,1,1,0.012498375344148549,0.9955215442945564,1.2155638883622994,-0.1810207971579354
2024-08-08,211.4781036376953,212.36045976406422,207.03658185433542,211.27982425167653,47161100,0.016633275073787868,218.95630569458007,212.39712036132812,0.017187419773285213,1,1,0.016633275073787868,1.0120803279826898,1.2155638883622994,-0.16739849079735192
2024-08-09,214.38290405273438,214.9182597959333,210.1495712142523,210.2784595957283,42201600,0.013735702964386087,218.24744567871093,212.91166290283203,0.017221913602512903,1,1,0.013735702964386087,1.0259819627439584,1.2155638883622994,-0.15596212377924482
2024-08-12,215.91146850585938,217.8767320905019,213.9958359256548,214.4623401059105,38028100,0.007130066923382028,217.423673248291,213.43694915771485,0.016768495456822376,1,1,0.007130066923382028,1.0332972828005056,1.2155638883622994,-0.14994407723592165
2024-08-13,219.62364196777344,220.23902400333975,217.38044783379533,217.38044783379533,44155300,0.01719303512501158,216.76468658447266,214.0174432373047,0.017368846167005278,1,1,0.01719303512501158,1.0510627992782737,1.2155638883622994,-0.1353290358976147
2024-08-14,220.0703125,221.37056313371255,218.06533789669703,218.92887503482297,41960600,0.00203379985972596,216.4224838256836,214.57157653808594,0.016559070762588494,1,1,0.00203379985972596,1.053200450652009,1.2155638883622994,-0.13357046821211424
2024-08-15,223.04798889160156,223.67330627029455,221.10256546081067,222.92888658909135,46414000,0.013530568288721678,216.46214599609374,215.17891815185547,0.016235867938576697,1,1,0.013530568288721678,1.0674508512712684,1.2155638883622994,-0.12184718426489312
2024-08-16,224.3680877685547,225.1422830006272,221.98593577772976,222.25393109506462,44340200,0.005918452273491193,216.56136932373047,215.78252258300782,0.01628442886999426,0,1,0.005918452273491193,1.0737685081888149,1.2155638883622994,-0.11664987873613304
2024-08-19,224.20925903320312,224.30852103873067,221.38045847347976,224.0405257400108,40687800,-0.0007078936088067422,216.6700012207031,216.41051208496094,0.016279667566106562,1,1,-0.0007078936088067422,1.07300839432453,1.2155638883622994,-0.11727519664131435
2024-08-20,224.82464599609375,225.47973889834265,223.7725353535306,224.0901616619868,30299000,0.0027446991508923713,216.75735473632812,217.00302337646485,0.01625986307552463,0,1,0.0027446991508923713,1.075953479553333,1.2155638883622994,-0.11485238262306416
2024-08-21,224.71546936035156,226.28371522001356,223.37552309496598,224.8345868015738,34765500,-0.0004856079512923772,217.15997009277345,217.66810333251954,0.014738918253407557,0,0,-0.0004856079512923772,1.0754309879884412,1.2155638883622994,-0.11528221734412993
2024-08-22,222.85939025878906,226.64103964823346,222.23407290784718,226.09512887719345,43695300,-0.008259685489591773,217.5218307495117,218.0178713989258,0.014841912711392954,1,0,-0.0,1.0754309879884412,1.2155638883622994,-0.11528221734412993
2024-08-23,225.15219116210938,226.52192810531062,222.66087229355688,223.98097823318813,38677300,0.010288105431222272,217.97503204345702,218.29611206054688,0.014964262947774715,1,0,0.0,1.0754309879884412,1.2155638883622994,-0.11528221734412993
2024-08-26,225.4896697998047,225.58893181224732,222.22415556593285,225.07279660900764,30602200,0.0014988911986750786,218.4312271118164,218.5579034423828,0.014963676422867524,1,0,0.0,1.0754309879884412,1.2155638883622994,-0.11528221734412993
2024-08-27,226.33334350585938,227.14724957253156,223.21670725505913,224.31844891527626,35934600,0.003741518211471506,218.901847076416,218.87126770019532,0.014967598847174485,0,0,0.0,1.0754309879884412,1.2155638883622994,-0.11528221734412993
2024-08-28,224.80479431152344,228.14971479709,224.0008084384826,226.22414704916858,38052200,-0.006753530746548497,219.13344802856446,219.07117919921876,0.014780793120787089,1,1,,1.0754309879884412,1.2155638883622994,-0.11528221734412993
2024-08-29,228.08021545410156,231.18693118978345,227.17699792003083,228.3879215868667,51906300,0.0145700680121581,219.71322326660157,219.38379028320313,0.014439991661992573,0,0,0.0145700680121581,1.091100090625815,1.2155638883622994,-0.10239181907926827
2024-08-30,227.296142578125,228.6857199244299,225.787447784096,228.47729089511273,52990800,-0.0034377066612967244,220.17943878173827,219.77212829589843,0.014467752874123873,0,0,-0.0,1.091100090625815,1.2155638883622994,-0.10239181907926827
2024-09-03,221.1125030517578,227.29614502733148,219.52440165721936,226.84949624301046,50190600,-0.027205211035386534,220.86142501831054,220.08021697998046,0.010961539608053766,0,0,-0.0,1.091100090625815,1.2155638883622994,-0.10239181907926827
2024-09-04,219.20677185058594,220.12984491677884,215.86183603349318,220.01074262314262,43840200,-0.008618830572081126,221.54924926757812,220.33730255126954,0.010893774988061622,1,1,-0.0,1.091100090625815,1.2155638883622994,-0.10239181907926827
2024-09-05,220.7253875732422,223.80231295165626,219.87178579311316,219.9809679444758,36615400,0.006927777412329972,222.1846145629883,220.60632049560547,0.010716043575281338,0,0,0.006927777412329972,1.0986589891882437,1.2155638883622994,-0.09617338939836308
2024-09-06,219.17697143554688,223.5640821152314,218.13478104858405,222.28367202274,48423000,-0.007015124787951743,222.56955795288087,220.76148834228516,0.01043637767188143,1,1,-0.0,1.0986589891882437,1.2155638883622994,-0.09617338939836308
2024-09-09,219.26632690429688,219.6236489368284,215.09757995493325,219.17700018247805,67180000,0.000407686392255302,222.813729095459,220.90158874511718,0.010055483834544344,0,0,0.000407686392255302,1.0991068975078646,1.2155638883622994,-0.09580491158826263
2024-09-10,218.4722900390625,219.83209181891954,215.11743380788891,217.29114171411052,51591000,-0.003621335188329855,222.94177017211913,221.0948110961914,0.010007644138835398,1,1,-0.0,1.0991068975078646,1.2155638883622994,-0.09580491158826263
2024-09-11,221.0032958984375,221.43008920211523,216.26878297144034,219.81222755985956,44587100,0.011585020044978966,223.01075286865233,221.21710632324218,0.009589181571741122,1,0,0.011585020044978966,1.1118400729470679,1.2155638883622994,-0.0853297933644411
2024-09-12,221.1125030517578,221.88669831664953,218.18445530425632,220.84450772306226,37455600,0.0004941426455942199,223.06286239624023,221.2717901611328,0.009581189190663917,0,1,0.0,1.1118400729470679,1.2155638883622994,-0.0853297933644411
2024-09-13,220.84449768066406,222.37303270856336,220.25889118684435,221.9164638014437,36766600,-0.0012120769626086103,222.95268783569335,221.2957336425781,0.00906110527433376,0,1,-0.0012120769626086103,1.1104924372085436,1.2155638883622994,-0.08643844405028855
2024-09-16,214.71046447753906,215.6037619118882,212.32831274384958,214.9288136198369,59357400,-0.02777534992968067,222.46980667114258,221.10201965332033,0.010782171002418225,1,0,-0.02777534992968067,1.0796481211708124,1.2155638883622994,-0.11181293594909529
2024-09-17,215.1769561767578,215.2861383219032,212.90400170360138,214.14470101422842,45519300,0.002172654697356613,222.0181915283203,220.8882891845703,0.010821499372627353,1,0,0.0,1.0796481211708124,1.2155638883622994,-0.11181293594909529
2024-09-18,219.0479736328125,221.05294820219595,215.92140190435074,215.93133719300198,59894900,0.017989925709678722,221.72935791015624,220.73492706298828,0.011676305182472903,1,0,0.0,1.0796481211708124,1.2155638883622994,-0.11181293594909529
2024-09-19,227.16708374023438,228.11002736409566,222.95864123060412,223.31596324984213,66781300,0.037065442664317105,221.8519386291504,220.65868591308595,0.014484613899322365,0,0,0.0,1.0796481211708124,1.2155638883622994,-0.11181293594909529
2024-09-20,226.5020751953125,231.3556905514529,225.92638886705737,228.2589097535001,318679900,-0.0029273983447457574,222.03407287597656,220.67641479492187,0.014360681743222073,0,1,-0.0,1.0796481211708124,1.2155638883622994,-0.11181293594909529
2024-09-23,224.7849578857422,227.74278104335218,224.12986496132828,225.64847983003366,54146000,-0.0075810224170778095,222.0157112121582,220.60091186523437,0.014302175893428429,1,1,-0.0075810224170778095,1.0714632845616605,1.2155638883622994,-0.11854630199222378
2024-09-24,225.67823791503906,227.64351653597865,224.05044101841318,226.94871280288095,43556100,0.003973931519701379,222.02513961791993,220.46673828125,0.014326376141571744,0,0,0.003973931519701379,1.075721206280383,1.2155638883622994,-0.11504346535855328
2024-09-25,224.6856689453125,225.59882178569194,222.35316341740713,223.25638097071698,42308700,-0.004398159870869889,221.94275588989257,220.30438415527342,0.014334264158878524,1,1,-0.0,1.075721206280383,1.2155638883622994,-0.11504346535855328
2024-09-26,225.8271484375,226.79985253593196,223.73284722402752,225.608784129346,36636700,0.005080339558573899,221.9938735961914,220.2826397705078,0.014296652138653318,1,0,0.005080339558573899,1.0811862352786459,1.2155638883622994,-0.11054758566799595
2024-09-27,226.09512329101562,227.81226214161182,225.6087788258606,226.7601514881057,34026000,0.0011866370158315487,221.8946189880371,220.35944732666016,0.013902521291556016,1,0,0.0,1.0811862352786459,1.2155638883622994,-0.11054758566799595
2024-09-30,231.26634216308594,231.26634216308594,227.94126208675945,228.32835965023514,54541900,0.022871872673760674,222.09312896728517,220.53710174560547,0.014809657748844421,0,0,0.0,1.0811862352786459,1.2155638883622994,-0.11054758566799595
2024-10-01,224.52687072753906,227.94126237482303,222.07524777401002,227.81223995033787,63285000,-0.029141600859472594,222.26384735107422,220.58690673828124,0.015008544895385995,1,0,-0.0,1.0811862352786459,1.2155638883622994,-0.11054758566799595
2024-10-02,225.0926513671875,225.67825786117984,221.36063294746157,224.2092739820147,32880600,0.0025198794149454695,222.5581413269043,220.62720825195314,0.014843536164469323,0,1,0.0,1.0811862352786459,1.2155638883622994,-0.11054758566799595
2024-10-03,223.9908905029297,225.12240767637772,221.65838486968212,223.46483520314058,34044200,-0.004894699394075497,222.72141647338867,220.77376281738282,0.014848484419620243,1,1,-0.004894699394075497,1.0758941536679447,1.2155638883622994,-0.1149011878614858
2024-10-04,225.1124725341797,226.3035407723517,222.46234078203926,226.20427877531475,37245100,0.005007266271997546,223.0181915283203,220.96356872558593,0.01475685684621405,0,0,0.005007266271997546,1.0812814421758457,1.2155638883622994,-0.11046926243207945
2024-10-07,220.04051208496094,224.01074997862722,219.68319006872073,222.8296017820206,39505400,-0.022530783799412313,223.05690078735353,221.04261566162108,0.01570243532572083,1,1,-0.0,1.0812814421758457,1.2155638883622994,-0.11046926243207945
2024-10-08,224.0901641845703,224.298593199742,221.58890998571715,222.63110049734397,31855700,0.01840412050143625,223.3377944946289,221.19710357666017,0.016178587764511723,1,0,0.01840412050143625,1.1011814761336167,1.2155638883622994,-0.09409823154814796
2024-10-09,227.8321075439453,228.04055170887608,223.1571606453159,223.554178398676,33591100,0.01669838287187364,223.6792350769043,221.4153268432617,0.016387161333856478,0,1,0.0,1.1011814761336167,1.2155638883622994,-0.09409823154814796
2024-10-10,227.3358154296875,227.7923994519787,225.47973405841245,226.0851959438118,28183500,-0.0021783238526293935,223.9904006958008,221.55858764648437,0.01640796655818547,0,0,,1.1011814761336167,1.2155638883622994,-0.09409823154814796
2024-10-11,225.85690307617188,227.7030642360917,225.64845893034402,227.59388209213523,31759200,-0.006505408532836432,224.24102096557618,221.74603149414062,0.01649674837241938,1,1,-0.0,1.1011814761336167,1.2155638883622994,-0.09409823154814796
2024-10-14,229.57901000976562,230.0058033150611,226.89910245149323,226.99834931201846,39882100,0.016479934342934044,224.9844482421875,221.97817504882812,0.015324727204777712,1,0,0.016479934342934044,1.119328874559954,1.2155638883622994,-0.07916902988291362
2024-10-15,232.1100311279297,235.72294688412148,230.64103225198252,231.87181141001133,64751400,0.011024619010494119,225.8311019897461,222.47092010498048,0.015413022584787285,0,0,0.0,1.119328874559954,1.2155638883622994,-0.07916902988291362
2024-10-16,230.05543518066406,230.3929017691756,228.12986736523644,229.87678174389526,34082200,-0.008851818843336523,226.38147506713867,222.96302307128906,0.015290368548594158,1,1,-0.0,1.119328874559954,1.2155638883622994,-0.07916902988291362
2024-10-17,230.4226837158203,232.11004699556463,228.8048220166126,231.69315867439417,32993800,0.0015963480057223922,226.54425506591798,223.41111511230469,0.012957173040602444,1,0,0.0015963480057223922,1.1211157129766052,1.2155638883622994,-0.07769906320015979
2024-10-18,233.25146484375,234.42267769537074,232.2688255608399,234.42267769537074,46431500,0.012276487203049857,226.88172454833983,223.84658233642577,0.013171717894258448,1,0,0.0,1.1211157129766052,1.2155638883622994,-0.07769906320015979
2024-10-21,234.72047424316406,235.08773156933626,232.7055796017645,232.7055796017645,36254500,0.006297964303881631,227.37850036621094,224.25333374023438,0.013030071359771274,0,0,0.0,1.1211157129766052,1.2155638883622994,-0.07769906320015979
2024-10-22,234.10507202148438,234.46239402859047,230.8693336731526,232.14972869721714,38846600,-0.0026218514753091338,227.7998420715332,224.61720581054686,0.013067447419576876,0,0,-0.0,1.1211157129766052,1.2155638883622994,-0.07769906320015979
2024-10-23,229.04302978515625,233.39044533687328,226.0653512199268,232.33833466706656,52287000,-0.021622949868696395,228.0177101135254,224.80559356689454,0.014037143228879567,0,1,-0.0,1.1211157129766052,1.2155638883622994,-0.07769906320015979
2024-10-24,228.85446166992188,229.10260155629064,226.710529416834,228.26884002769643,31109500,-0.000823286853178895,228.1690757751465,224.98127655029296,0.014010083317152531,1,0,-0.000823286853178895,1.1201927131492193,1.2155638883622994,-0.07845838143610162
2024-10-25,229.68820190429688,231.484732210271,227.86189602437614,228.03062932515897,38802300,0.003643102381711616,228.34872970581054,225.11408081054688,0.014024783659429467,1,0,0.0,1.1201927131492193,1.2155638883622994,-0.07845838143610162
2024-10-28,231.6633758544922,232.98348177622344,230.81970938626554,231.5839844241638,36087100,0.008599370511064741,228.36858139038085,225.25998657226563,0.013184975252444274,1,0,0.0,1.1201927131492193,1.2155638883622994,-0.07845838143610162
2024-10-29,231.93136596679688,232.5864588417728,230.59141979007921,231.36561495313973,35417200,0.001156808284072497,228.73880615234376,225.4144287109375,0.011236693841577487,0,0,0.0,1.1201927131492193,1.2155638883622994,-0.07845838143610162
2024-10-30,228.38795471191406,231.73287549326048,227.8420439394486,230.8792736886572,47070900,-0.01527784411613431,228.90357131958007,225.4856948852539,0.011854737852191682,0,1,-0.0,1.1201927131492193,1.2155638883622994,-0.07845838143610162
2024-10-31,224.22911071777344,228.11994197442104,223.693120129287,227.63358238786932,64370100,-0.018209559253624108,228.91548233032228,225.47596771240234,0.012544799000998825,0,1,-0.018209559253624108,1.0997944975636507,1.2155638883622994,-0.09523924814402158
2024-11-01,221.25143432617188,223.67328184782377,218.6310779402587,219.32586653780092,65276700,-0.013279615577432402,228.72243041992186,225.44380859375,0.012833567793637356,0,1,-0.013279615577432402,1.08518964942183,1.2155638883622994,-0.10725412311821762
2024-11-04,220.35812377929688,221.13231895883285,218.0752491010658,219.34572401852256,44944500,-0.0040375356191276746,228.73831100463866,225.34792724609375,0.011809794318015912,1,1,-0.0040375356191276746,1.0808081575587807,1.2155638883622994,-0.11085861639495723
2024-11-05,221.7873992919922,222.28367900181775,219.49458945583885,220.14968230766976,28111300,0.006486148494016186,228.62317276000977,225.2738818359375,0.011120181231676315,0,0,0.006486148494016186,1.087818439762251,1.2155638883622994,-0.10509151334871988
2024-11-06,221.06285095214844,224.387931303672,219.54423614319148,220.95366880237512,54561100,-0.0032668598042842056,228.28470993041992,225.1684719848633,0.010369869716936332,1,0,-0.0,1.087818439762251,1.2155638883622994,-0.10509151334871988
2024-11-07,225.78741455078125,226.18444740932767,222.8990781242877,222.95862926675593,42137700,0.021372037763393914,228.2072898864746,225.18812438964844,0.011553087646882239,0,0,0.0,1.087818439762251,1.2155638883622994,-0.10509151334871988
2024-11-08,225.51914978027344,227.20835428792034,224.9726384261151,225.72780810336752,38328800,-0.0011881298656151174,228.19040222167968,225.13690307617188,0.011463073379878206,0,0,-0.0,1.087818439762251,1.2155638883622994,-0.10509151334871988
2024-11-11,222.80648803710938,224.26715706282306,220.093823487321,223.5716039938927,42005600,-0.012028520619233651,227.85177612304688,225.04710998535157,0.011070102790974526,0,1,-0.0,1.087818439762251,1.2155638883622994,-0.10509151334871988
2024-11-12,222.80648803710938,224.1578547832826,221.94201602014732,223.12446381828886,40398300,0.0,227.38659896850587,225.0809896850586,0.01068465603712202,1,0,0.0,1.087818439762251,1.2155638883622994,-0.10509151334871988
2024-11-13,223.6908416748047,225.2111273985325,221.34582330978657,222.58788780053936,48566200,0.003969155680726866,227.0683692932129,225.17067108154296,0.010635733481173346,1,0,0.0,1.087818439762251,1.2155638883622994,-0.10509151334871988
2024-11-14,226.77114868164062,227.41701609796436,223.57158960851197,223.59146688403666,44923900,0.013770376041206012,226.88579254150392,225.29158630371094,0.011149089937838889,0,0,0.0,1.087818439762251,1.2155638883622994,-0.10509151334871988
2024-11-15,223.57156372070312,225.47937257835642,222.8462024481905,224.96266960797624,47923700,-0.014109312315692013,226.40179748535155,225.37947814941407,0.011088831124015878,1,1,-0.0,1.087818439762251,1.2155638883622994,-0.10509151334871988
2024-11-18,226.57241821289062,228.28149999782985,223.74050538640262,223.8199993254601,44633700,0.013422344247394191,225.9943946838379,225.52559997558595,0.011478973682556078,1,0,0.013422344247394191,1.1024195133394032,1.2155638883622994,-0.09307974357097178
2024-11-19,226.8307647705078,228.6988344551977,225.22105418122663,225.53901477922054,36211800,0.0011402383381653447,225.63067932128905,225.69276947021484,0.011493926836825569,1,0,0.0,1.1024195133394032,1.2155638883622994,-0.09307974357097178
2024-11-20,227.5461883544922,228.47027695087482,224.45593165289552,226.61215353970658,35169600,0.00315399714279585,225.55583724975585,225.82362731933594,0.010505217240816963,0,0,0.0,1.1024195133394032,1.2155638883622994,-0.09307974357097178
2024-11-21,227.06924438476562,228.69883223369175,224.2770861035494,227.42695953023323,42108300,-0.0020960314614610898,225.46657638549806,225.94276214599608,0.010512563505457907,1,0,,1.1024195133394032,1.2155638883622994,-0.09307974357097178
2024-11-22,228.41065979003906,229.25526960886552,226.6121530455377,226.6121530455377,38168300,0.0059075169290669916,225.40269927978517,226.0940853881836,0.010569746436290153,1,0,0.0,1.1024195133394032,1.2155638883622994,-0.09307974357097178
2024-11-25,231.39161682128906,231.7692092379923,228.28149797848934,229.99057974831032,90152800,0.013050866513805381,225.389111328125,226.4277084350586,0.010809514431947245,1,1,0.0,1.1024195133394032,1.2155638883622994,-0.09307974357097178
2024-11-26,233.5677032470703,234.07447518116308,231.8486905145537,231.8486905145537,45986200,0.009404344270008247,225.47092819213867,226.79552337646484,0.011011528775917562,0,0,0.009404344270008247,1.112787045972822,1.2155638883622994,-0.08455075325406902
2024-11-27,233.4385528564453,234.19373774290258,232.32566796514345,232.98148163119754,33498400,-0.0005529462713789179,225.72345809936525,227.0833349609375,0.010381723210246389,1,0,-0.0,1.112787045972822,1.2155638883622994,-0.08455075325406902
2024-11-29,235.8233184814453,236.3002669685808,232.48464874765904,233.31931239062584,28481400,0.010215817378145475,226.30316848754882,227.25645965576172,0.009500913580664098,1,1,0.0,1.112787045972822,1.2155638883622994,-0.08455075325406902
2024-12-02,238.06895446777344,239.26133321145704,235.654388648958,235.76369091824088,48137100,0.009522535772919394,227.1440444946289,227.48779724121093,0.008844745972455438,1,0,0.009522535772919394,1.1233836004257394,1.2155638883622994,-0.07583335505363886
2024-12-03,241.10951232910156,241.2188145923816,237.38331948353385,238.28754591958514,38861000,0.01277175290715915,228.18161392211914,227.8142883300781,0.008868726993990739,1,0,0.0,1.1233836004257394,1.2155638883622994,-0.07583335505363886
2024-12-04,241.46726989746094,242.56029272240895,239.7184485394643,241.32815927991484,44383900,0.0014837969887768754,229.16560745239258,228.13006896972655,0.008881697496555464,1,0,0.0,1.1233836004257394,1.2155638883622994,-0.07583335505363886
2024-12-05,241.4970703125,242.98754766386446,240.59285890906452,242.44105143123323,40033900,0.00012341388980674495,230.18731842041015,228.46629699707032,0.008761271224459325,0,0,0.0,1.1233836004257394,1.2155638883622994,-0.07583335505363886
2024-12-06,241.29833984375,243.0769846168902,240.5431701206591,241.36790273028285,36870600,-0.0008229104746191318,230.9628646850586,228.77572082519532,0.007867303043497857,1,0,-0.0,1.1233836004257394,1.2155638883622994,-0.07583335505363886
2024-12-09,245.1835174560547,245.67041216886827,240.21525975684386,240.29475369946152,44649200,0.016101136936211402,231.94608306884766,229.1574887084961,0.008280625771498346,1,0,0.0,1.1233836004257394,1.2155638883622994,-0.07583335505363886
2024-12-10,246.197021484375,246.63423054379348,243.78244060146582,245.32260336553807,36914800,0.004133654818383015,233.11560974121093,229.45610229492186,0.007347373950634844,0,0,0.0,1.1233836004257394,1.2155638883622994,-0.07583335505363886
2024-12-11,244.92515563964844,249.2077910379196,244.69660488558225,246.38582450957213,45205800,-0.00516604887036487,234.2215431213379,229.86406799316407,0.007619272614752764,1,0,-0.0,1.1233836004257394,1.2155638883622994,-0.07583335505363886
2024-12-12,246.38583374023438,247.1608807008323,244.12029436088807,245.32261935264157,32777500,0.005963773287277263,235.35629272460938,230.289931640625,0.007621275896468099,1,0,0.0,1.1233836004257394,1.2155638883622994,-0.07583335505363886
2024-12-13,246.55477905273438,247.70740339826426,244.6767781146993,246.24674947927724,33155300,0.0006856940999218075,236.34547424316406,230.7412094116211,0.007374737542587199,1,0,0.0,1.1233836004257394,1.2155638883622994,-0.07583335505363886
2024-12-16,249.44625854492188,249.78411156803347,246.07778066556844,246.41563368868003,51694800,0.01172753374846991,237.639208984375,231.22788513183593,0.00615818682045184,1,0,0.0,1.1233836004257394,1.2155638883622994,-0.07583335505363886
2024-12-17,251.8707733154297,252.21855739876366,248.19426586582333,248.49236434269267,51356400,0.009719587636433547,238.90412673950195,231.86449035644532,0.005960223499795188,0,0,0.0,1.1233836004257394,1.2155638883622994,-0.07583335505363886
2024-12-18,246.4752655029297,252.6657103008961,246.1672359539693,250.55917390522964,56774100,-0.021421730443265674,239.88635177612304,232.3121923828125,0.008420874547335288,1,0,-0.0,1.1233836004257394,1.2155638883622994,-0.07583335505363886
2024-12-19,248.20420837402344,250.4001849209636,245.52135228225407,245.92875304737495,60882300,0.0070146708943221725,240.91925277709962,232.71963439941408,0.008439976396419436,1,0,0.0,1.1233836004257394,1.2155638883622994,-0.07583335505363886
2024-12-20,252.8743896484375,253.3811464831127,244.13025293349912,246.4653249902114,147495300,0.01881588271612422,242.2095100402832,233.23040588378908,0.008878338851535241,1,0,0.0,1.1233836004257394,1.2155638883622994,-0.07583335505363886
2024-12-23,253.6494140625,254.02699130961165,251.84096111600803,253.15258832932108,40858800,0.003064859257357,243.47144775390626,233.78625610351563,0.008893099684082124,1,0,0.0,1.1233836004257394,1.2155638883622994,-0.07583335505363886
2024-12-24,256.560791015625,256.57070690893096,253.66924678278625,253.86798918256417,23234700,0.011477956548354706,244.72990646362305,234.32589172363282,0.008827585011823956,1,0,0.0,1.1233836004257394,1.2155638883622994,-0.07583335505363886
2024-12-26,257.3755798339844,258.44874034869076,255.99442012888886,256.55086249805703,27237100,0.003175811920184346,245.92030029296876,234.8312026977539,0.008781690437536207,0,0,0.0,1.1233836004257394,1.2155638883622994,-0.07583335505363886
2024-12-27,253.96737670898438,257.05764856283577,251.45343969164696,256.19314630806485,42355300,-0.01324213869551416,246.9467414855957,235.30944152832032,0.00961533560280125,0,0,-0.0,1.1233836004257394,1.2155638883622994,-0.07583335505363886
2024-12-30,250.59890747070312,251.890657464443,249.15811581542044,250.6287158030117,35557500,-0.013263393440257065,247.6855209350586,235.71296600341796,0.010262382387345757,0,0,-0.0,1.1233836004257394,1.2155638883622994,-0.07583335505363886
2024-12-31,248.83023071289062,251.67207488235135,247.84651017510492,250.83741118103507,39480700,-0.007057799156683364,248.22358474731445,236.02454132080078,0.010384648216543654,0,1,-0.0,1.1233836004257394,1.2155638883622994,-0.07583335505363886
2025-01-02,242.3019256591797,247.51859606258614,240.28481431614935,247.34966196417784,55740700,-0.02623598039115893,248.28320541381837,236.1761703491211,0.01186493013132477,0,0,-0.02623598039115893,1.0939105303132202,1.2155638883622994,-0.10007977302861472
2025-01-03,241.81503295898438,242.62981931594805,240.3543640210219,241.81503295898438,40244100,-0.0020094462677947567,248.30059356689452,236.3303695678711,0.011872511007842224,1,0,-0.0,1.0939105303132202,1.2155638883622994,-0.10007977302861472
2025-01-06,243.44461059570312,245.75982034447205,241.65603491404494,242.75898865424097,45045600,0.006738942640489798,248.3979705810547,236.61840118408202,0.011963852526791708,0,0,0.0,1.0939105303132202,1.2155638883622994,-0.10007977302861472
2025-01-07,240.67233276367188,243.99112508347835,239.81779188041267,241.43743349025635,40856000,-0.011387714951863415,248.36667022705078,236.85475860595704,0.012253666841196324,1,0,,1.0939105303132202,1.2155638883622994,-0.10007977302861472
2025-01-08,241.15921020507812,242.16280789951685,238.52603985831155,240.3841632667122,37628900,0.0020229888322240708,248.16545486450195,237.08417877197266,0.01166684704947081,0,0,0.0,1.0939105303132202,1.2155638883622994,-0.10007977302861472
2025-01-10,235.3463592529297,238.63534322792128,231.52079498772144,238.48628640867517,61710900,-0.02410378997014162,247.6229217529297,237.1578384399414,0.012705545749149907,0,0,-0.0,1.0939105303132202,1.2155638883622994,-0.10007977302861472
2025-01-13,232.91189575195312,233.180185891021,228.26161420500546,232.04742383507855,49630700,-0.010344173195219075,247.02225875854492,237.17744903564454,0.012821949748159383,0,0,-0.0,1.0939105303132202,1.2155638883622994,-0.10007977302861472
2025-01-14,231.79901123046875,234.62097773623856,230.9941559742804,233.2596800887061,39435300,-0.004778135173780784,246.29291763305665,237.24567016601563,0.012675860996347176,1,0,-0.0,1.0939105303132202,1.2155638883622994,-0.10007977302861472
2025-01-15,236.35987854003906,237.4429702030776,232.94171493841435,233.1503884256181,39832000,0.019675956706457276,245.78317260742188,237.48828552246093,0.013638791521480386,0,0,0.0,1.0939105303132202,1.2155638883622994,-0.10007977302861472
2025-01-16,226.81088256835938,236.49898454969573,226.58234697208553,235.84318609247865,71759100,-0.04040024064431946,244.65140380859376,237.5994744873047,0.015698552210284718,1,0,-0.0,1.0939105303132202,1.2155638883622994,-0.10007977302861472
2025-01-17,228.51995849609375,230.81529094249188,227.0294813062853,230.64637201374376,68488300,0.007535246582444088,243.48386306762694,237.7627111816406,0.015600782450453545,0,0,0.0,1.0939105303132202,1.2155638883622994,-0.10007977302861472
2025-01-21,221.2265625,222.99526090225285,217.98726416864307,222.57792910461188,98070400,-0.03191579433189162,242.22142791748047,237.75149444580077,0.01634999253612055,1,0,-0.0,1.0939105303132202,1.2155638883622994,-0.10007977302861472
2025-01-22,222.4090118408203,222.6971640978084,218.39465138442915,218.39465138442915,64126500,0.005344970004767413,240.93166809082032,237.77841766357423,0.016288159391531738,0,0,0.0,1.0939105303132202,1.2155638883622994,-0.10007977302861472
2025-01-23,222.24009704589844,225.58869773276695,220.88873040600683,223.3132424800993,60234800,-0.000759478195257568,239.39995346069335,237.70747131347656,0.01531927755764807,0,1,-0.0,1.0939105303132202,1.2155638883622994,-0.10007977302861472
2025-01-24,221.3656768798828,224.19758968028435,220.00437919561992,223.35297985225768,54697900,-0.0039345742628749125,237.7857666015625,237.62440185546876,0.015172771941165926,1,1,-0.0039345742628749125,1.089606458094762,1.2155638883622994,-0.10362057599229683
2025-01-27,228.4007568359375,230.67621232324768,222.55808059010397,222.59783514468413,94863400,0.03178035572277116,236.3777648925781,237.73628723144532,0.017018013252122963,1,1,0.03178035572277116,1.1242345389308424,1.2155638883622994,-0.07513331903475923
2025-01-28,236.74740600585938,238.66516132615985,229.3447052045828,229.3844597561093,75707600,0.03654387702365347,235.3463562011719,238.01510559082033,0.01939876304258755,1,0,0.03654387702365347,1.1653184276672748,1.2155638883622994,-0.04133510478229095
2025-01-29,237.84042358398438,238.33724933385383,232.52438199561368,232.6336842670617,45486100,0.004616809098630492,234.54000854492188,238.2980972290039,0.01936143596551432,0,0,0.0,1.1653184276672748,1.2155638883622994,-0.04133510478229095
2025-01-30,236.0816650390625,239.26134692510684,235.7040877651042,237.1548105184623,55658300,-0.007394699851351549,233.81414642333985,238.48430755615234,0.019243353435996337,0,1,-0.0,1.1653184276672748,1.2155638883622994,-0.04133510478229095
2025-01-31,234.5017547607422,245.62071750771995,231.95800933839706,245.62071750771995,100959800,-0.006692219313426562,233.09772262573242,238.70291137695312,0.019239272478218095,0,1,-0.006692219313426562,1.157519861179348,1.2155638883622994,-0.047750700509170914
2025-02-03,226.56248474121094,230.35824094469035,224.2671520837408,228.52992572925916,73063300,-0.03385590878682998,232.31075057983398,238.70271270751954,0.01979552639553916,1,0,-0.03385590878682998,1.1183309743403158,1.2155638883622994,-0.07998996593505525
2025-02-04,231.32208251953125,231.64998934854387,225.21111642561868,225.80731341689966,45067300,0.02100788126400066,231.78610305786134,238.7925390625,0.020522050593608544,0,0,0.0,1.1183309743403158,1.2155638883622994,-0.07998996593505525
2025-02-05,230.99415588378906,231.19288314320298,226.82082278842498,227.07916670947125,39620300,-0.0014176192440015223,231.16358032226563,238.86149841308594,0.02041972185456078,1,1,-0.0,1.1183309743403158,1.2155638883622994,-0.07998996593505525
2025-02-06,231.73941040039062,232.31573010563136,228.96711414866223,229.8216550685821,29925300,0.0032262916511900386,230.71693420410156,238.95490173339843,0.02034336854651078,0,1,0.0032262916511900386,1.1219390362260973,1.2155638883622994,-0.07702174524314041
2025-02-07,226.18490600585938,232.5144614947352,225.81724462416,231.12335539671392,39707200,-0.023968751732536098,229.9682189941406,238.91038665771484,0.020915705966496796,1,0,-0.023968751732536098,1.095047558007753,1.2155638883622994,-0.09914438188593712
2025-02-10,226.45346069335938,229.378010419489,226.00582893863492,228.36338248973718,33115600,0.0011873236470210102,229.5235740661621,238.81162353515626,0.020328396306280715,1,1,0.0,1.095047558007753,1.2155638883622994,-0.09914438188593712
2025-02-11,231.3973388671875,233.99362125199642,226.93094812871882,227.000572314181,53718400,0.021831762511779873,229.44784622192384,238.7682162475586,0.020876371159529804,1,0,0.021831762511779873,1.1189543762332828,1.2155638883622994,-0.07947711597386824
2025-02-12,235.62501525878906,235.71455375787428,229.4675472393098,229.98481838871234,45243300,0.018270203159199028,229.63914642333984,238.81194549560547,0.02123861733039901,1,1,0.0,1.1189543762332828,1.2155638883622994,-0.07947711597386824
2025-02-13,240.26052856445312,241.06626881430705,234.33186254170715,235.66481592241834,53614100,0.019673264744716645,229.83417892456055,238.90068969726562,0.021238492979079423,1,0,0.019673264744716645,1.1409678619141794,1.2155638883622994,-0.061367425572852026
2025-02-14,243.31439208984375,244.25939586817944,239.72336558929686,239.981993568851,40896200,0.012710633509537939,230.65935440063475,239.00559844970704,0.018986025651255532,0,1,0.0,1.1409678619141794,1.2155638883622994,-0.061367425572852026
2025-02-18,243.18507385253906,243.8913336127375,240.56889220053384,242.86674847770814,48822500,-0.0005314861821118511,231.39261016845703,239.0471096801758,0.018985711018918907,1,1,-0.0005314861821118511,1.1403614532613384,1.2155638883622994,-0.06186629581624006
2025-02-19,243.5829620361328,244.716969605811,241.88195827091008,243.37407429304395,32204200,0.0016361538037281687,232.51043014526368,239.08942352294923,0.017100241167684438,1,1,0.0016361538037281687,1.1422272599907168,1.2155638883622994,-0.06033136478773429
2025-02-20,244.53790283203125,245.4829065325138,243.00598867544505,243.6525813389452,32316900,0.003920392411341123,233.61687469482422,239.15024017333985,0.017101536522298597,0,1,0.003920392411341123,1.1467052390728114,1.2155638883622994,-0.056647495001072856
2025-02-21,244.25938415527344,247.38287960480025,243.93111682470231,244.6572756706751,53197400,-0.0011389591287577217,234.71783905029298,239.20946105957032,0.017108346572523976,1,1,,1.1467052390728114,1.2155638883622994,-0.056647495001072856
2025-02-24,245.80125427246094,247.55199828948733,243.1353323966777,243.64264638435856,51326400,0.006312429397624886,235.9396179199219,239.22181579589844,0.01698366470554683,0,0,0.006312429397624886,1.153943734934345,1.2155638883622994,-0.05069264891619455
2025-02-25,245.74156188964844,248.68601093773057,243.62276739789988,246.69652285022872,48013300,-0.00024284816198016923,236.80665817260743,239.2127066040039,0.01583499264726139,0,0,-0.0,1.153943734934345,1.2155638883622994,-0.05069264891619455
2025-02-26,239.09666442871094,243.6923767743236,237.87313357927937,243.04579925662603,44433600,-0.027040185672464467,236.92412109375,239.09613677978516,0.015285113957986015,0,1,-0.0,1.153943734934345,1.2155638883622994,-0.05069264891619455
2025-02-27,236.05276489257812,241.18564780716906,235.81402085750776,238.1516754344793,41153600,-0.012730832290805072,236.8347381591797,238.88947540283203,0.015535664234631886,1,1,-0.012730832290805072,1.1392530707718707,1.2155638883622994,-0.06277812159527095
2025-02-28,240.56887817382812,240.8175641664438,228.9900589647863,235.70458076540925,56833400,0.019131795737724833,237.05909881591796,238.7697573852539,0.016019452094680364,0,0,0.019131795737724833,1.161049027815454,1.2155638883622994,-0.044847384056704825
2025-03-03,236.77891540527344,242.74737946323825,234.8690087281554,240.51914741730602,47184000,-0.01575416902354332,237.17295684814454,238.51641052246094,0.01637460876903192,0,1,-0.0,1.161049027815454,1.2155638883622994,-0.044847384056704825
2025-03-04,234.68994140625,238.80819608105105,233.44651142335266,236.46059966619734,53798100,-0.008822466288638586,237.57932968139647,238.17279388427735,0.014444264575624888,0,0,-0.008822466288638586,1.1508057119080954,1.2155638883622994,-0.05327418581136955
2025-03-05,234.50096130371094,235.30670153327668,228.0251680036218,234.18263593082168,47227600,-0.0008052330722259082,237.73827362060547,237.93330780029297,0.013728385826414766,0,0,-0.0,1.1508057119080954,1.2155638883622994,-0.05327418581136955
2025-03-06,234.09310913085938,236.60981025581015,231.93451645578955,233.20778757123546,45170400,-0.0017392345454965152,237.893221282959,237.6510858154297,0.01373127416348783,1,1,-0.0,1.1508057119080954,1.2155638883622994,-0.05327418581136955
2025-03-07,237.81346130371094,240.10136041796665,233.5261018066448,233.87426828677374,46273600,0.01589261720118329,238.196923828125,237.34986724853516,0.01413728786506822,0,1,0.01589261720118329,1.169095026560386,1.2155638883622994,-0.03822823485199099
2025-03-10,226.28436279296875,234.91874867921032,223.04150278970278,234.3019970725287,72071200,-0.04847958752014636,238.20189666748047,236.80256622314454,0.01718513290792933,0,1,-0.04847958752014636,1.112417781900884,1.2155638883622994,-0.08485453331488955
2025-03-11,219.6792755126953,224.65299583409444,216.3070937419303,222.63366659789358,76137400,-0.029189322667941164,237.86318740844726,236.06493591308595,0.01839005048288964,0,1,-0.029189322667941164,1.0799470603234238,1.2155638883622994,-0.11156700963006477
2025-03-12,215.83953857421875,220.58447147788527,213.7804264853068,218.9829331071368,62547500,-0.017478831034539954,237.08529739379884,235.23421508789062,0.01787499044337264,0,1,-0.017478831034539954,1.0610708481297826,1.2155638883622994,-0.1270957797542519
2025-03-13,208.57791137695312,215.70028194858565,207.3245394208188,214.81496040955514,61368300,-0.03364363751532318,235.73294219970703,234.32642578125,0.01833804608236626,1,1,-0.03364363751532318,1.0253725651372276,1.2155638883622994,-0.1564634529257957
2025-03-14,212.36788940429688,212.82546311709572,208.47843695256688,210.13965751241793,60107600,0.018170562751941066,234.33831024169922,233.56180541992188,0.018230445835431604,1,1,0.018170562751941066,1.0440041616761724,1.2155638883622994,-0.1411359191636282
2025-03-17,212.87522888183594,214.08881784956162,208.86641153353526,212.18885305172668,48073400,0.0023889651065525097,232.81635208129882,232.84270538330077,0.017814508501454912,0,1,0.0023889651065525097,1.0464982511895125,1.2155638883622994,-0.13908412284323873
2025-03-18,211.57211303710938,214.019174884069,210.3784232206469,213.0343879953175,42432400,-0.006121500615977715,231.23570404052734,232.22810913085937,0.017759585720128236,1,1,-0.006121500615977715,1.0400921115002362,1.2155638883622994,-0.1443542199155589
2025-03-19,214.1086883544922,217.61017604964766,212.62651443867486,213.0940452987452,54385400,0.011989176082662256,229.76199035644532,231.67398223876953,0.01816428610488535,0,1,0.011989176082662256,1.0525619589672004,1.2155638883622994,-0.13409573199373973
2025-03-20,212.97471618652344,216.34689805154306,211.1045924362575,212.86529372925065,48862900,-0.005296245456846038,228.18383102416993,231.06458435058593,0.01800841750042882,1,1,-0.005296245456846038,1.0469873324739714,1.2155638883622994,-0.1386817735392315
2025-03-21,217.12278747558594,217.68978368973626,210.16952111998106,210.44804823896536,94127800,0.019476825058565295,226.82700119018554,230.59359344482422,0.018912598405031872,1,1,0.019476825058565295,1.0673793215871008,1.2155638883622994,-0.12190602912270142
2025-03-24,219.56985473632812,220.31591279023903,217.43116105321957,219.83843988574125,44299500,0.011270430382703811,225.51543121337892,230.16180633544923,0.01910979369583696,1,0,0.011270430382703811,1.0794091459229858,1.2155638883622994,-0.11200953215445694
2025-03-25,222.573974609375,222.92214108802088,218.92326587520165,219.6096416779903,34493600,0.013681841146428786,224.35705184936523,229.9063586425781,0.019557945195504238,0,1,0.0,1.0794091459229858,1.2155638883622994,-0.11200953215445694
2025-03-26,220.36563110351562,223.83729303324841,219.31120492080973,222.3352199198642,34466100,-0.00992184063628776,223.42050018310547,229.65543334960938,0.018894672576028032,1,1,-0.00992184063628776,1.0686994203957865,1.2155638883622994,-0.12082003206296299
2025-03-27,222.67344665527344,223.80745418869535,219.40073045135125,220.22636977863218,37094800,0.010472665543175053,222.75153427124025,229.47292205810547,0.019035685838059393,0,1,0.010472665543175053,1.0798915519917767,1.2155638883622994,-0.11161267430649896
2025-03-28,216.75469970703125,222.63364006926244,216.5358548246797,220.50488863250547,39818600,-0.026580389521724812,221.5608253479004,229.0808184814453,0.019015785925975866,1,1,-0.026580389521724812,1.0511876138986154,1.2155638883622994,-0.13522635546959555
2025-03-31,220.96249389648438,224.43414081005062,215.09349507460487,215.86939419548492,65299300,0.01941270106318549,220.77000427246094,228.9638507080078,0.01958868569095942,1,1,0.01941270106318549,1.0715940048085524,1.2155638883622994,-0.11843876322100544
2025-04-01,222.0169219970703,222.50433685640354,217.749461617725,218.65468232589998,36412700,0.004771977732473953,220.13635330200196,228.83378997802734,0.01962156877502108,1,0,0.004771977732473953,1.0767076275377514,1.2155638883622994,-0.11423197262928386
2025-04-02,222.7132568359375,224.006427206847,219.85834611462542,220.15677238154151,35905900,0.0031364043452344337,219.54696807861328,228.8635238647461,0.019660157941207585,0,1,0.0,1.0767076275377514,1.2155638883622994,-0.11423197262928386
2025-04-03,202.12205505371094,206.39945769712665,200.19224908119847,204.45969456936825,103419000,-0.09245611183978664,217.94841537475585,228.45778472900392,0.028138792267826226,0,1,-0.09245611183978664,0.9771594267073698,1.2155638883622994,-0.19612664043197794
2025-04-04,187.38987731933594,198.82943318150367,186.3553350717911,192.87091122900438,125910900,-0.07288753189482533,215.4272361755371,227.76078033447266,0.031187318517691572,0,0,,0.9771594267073698,1.2155638883622994,-0.19612664043197794
2025-04-07,180.5062713623047,193.12956126210946,173.70221017135344,176.26865177501736,160466300,-0.03673413983456919,213.1383316040039,226.9435922241211,0.030555825805899686,0,0,-0.0,0.9771594267073698,1.2155638883622994,-0.19612664043197794
2025-04-08,171.5137481689453,189.33955773730443,168.32062862424334,185.71869040589692,120859500,-0.049818342185518616,210.7300552368164,225.80585205078125,0.03154232778206665,1,0,-0.0,0.9771594267073698,1.2155638883622994,-0.19612664043197794
2025-04-09,197.8048553466797,199.55559936553783,170.98654976711688,171.04623198001363,184395900,0.15328862822026945,209.82832107543945,225.02700103759764,0.048487780536477086,0,1,0.0,0.9771594267073698,1.2155638883622994,-0.19612664043197794
2025-04-10,189.4191436767578,193.7562279640405,182.03814529024513,188.07624843340898,121880000,-0.0423938616432078,208.8703826904297,224.05857543945314,0.04881464573248299,1,0,-0.0423938616432078,0.9357338651681812,1.2155638883622994,-0.23020593641616532
2025-04-11,197.10853576660156,198.49122944739574,185.0820833366806,185.12188160037283,87435900,0.04059458796290216,208.10741500854493,223.2791128540039,0.049594888406544635,1,1,0.0,0.9357338651681812,1.2155638883622994,-0.23020593641616532
2025-04-14,201.45555114746094,211.82078139531484,200.10269875392328,210.32866545443895,101352900,0.02205391747218255,207.53643112182618,222.61818878173827,0.049892757217060796,0,1,0.02205391747218255,0.9563704626065267,1.2155638883622994,-0.21322896166731142
2025-04-15,201.07754516601562,202.44033954558066,198.74984792281177,200.7990180691496,51343900,-0.0018763741147476143,207.01170272827147,222.10848999023438,0.04988155149193004,0,1,-0.0018763741147476143,0.9545759538263826,1.2155638883622994,-0.21470523847787196
2025-04-16,193.24891662597656,199.64511311117855,191.35889396287376,197.31741584829123,59732400,-0.03893338032138549,205.9687141418457,221.34702667236328,0.05045893706455826,1,1,-0.03893338032138549,0.9174110851704107,1.2155638883622994,-0.24527941809260473
2025-04-17,195.94467163085938,197.78495412822454,193.39812938355274,196.16351652823,52164700,0.013949651319910439,205.1172119140625,220.64603698730468,0.050614925713138574,0,1,0.013949651319910439,0.9302086499255586,1.2155638883622994,-0.23475132913103663
2025-04-21,192.14476013183594,192.78139570274652,188.8123615658979,192.25418258208256,46742500,-0.01939277790713334,203.868310546875,219.8541439819336,0.05045346466770367,1,1,-0.01939277790713334,0.9121693201702579,1.2155638883622994,-0.24959162664892745
2025-04-22,198.69017028808594,200.53043756485187,194.93998119085117,195.08918671811182,52976400,0.03406499428742693,202.8243263244629,219.30424926757811,0.051091828182509354,1,1,0.03406499428742693,0.9432423628510238,1.2155638883622994,-0.22402896969748584
2025-04-23,203.52462768554688,206.9067512010516,201.7340854567431,204.9172632087338,52929200,0.024331638502555597,201.8718589782715,218.84567260742188,0.051338282580863065,1,1,0.024331638502555597,0.9661929950442113,1.2155638883622994,-0.20514832309970946
2025-04-24,207.2747802734375,207.73236914311858,201.87332821636014,203.81307577336062,47311000,0.018426038315543458,201.2173164367676,218.36322143554688,0.05153521501325561,1,1,0.018426038315543458,0.9839961041911056,1.2155638883622994,-0.19050235564597073
2025-04-25,208.18002319335938,208.6475540878433,205.1162098506388,205.28531450927932,38222300,0.004367356794336752,200.49264526367188,217.8143215942383,0.0514765637788845,1,1,0.004367356794336752,0.9882935662623455,1.2155638883622994,-0.18696699060890157
2025-04-28,209.03549194335938,210.38834431536768,206.36958545714222,208.8962283982374,38743100,0.004109273968162741,200.10668487548827,217.1898208618164,0.05116595300120543,1,1,0.004109273968162741,0.9923547352870902,1.2155638883622994,-0.18362601522815367
2025-04-29,210.0998992919922,211.12448445804597,207.27481462988695,207.59314001435672,36827600,0.0050919934157460656,199.56355514526368,216.52553100585936,0.050970991551913085,1,1,0.0050919934157460656,0.9974077990652565,1.2155638883622994,-0.17946904427290905
2025-04-30,211.38308715820312,212.45741243436711,205.58372816909105,208.19990958730307,52286500,0.006107512999935283,199.0318634033203,215.88949127197264,0.05098026018573653,1,1,0.006107512999935283,1.0034994801642843,1.2155638883622994,-0.1744576407939566
2025-05-01,212.19879150390625,213.43226431553572,207.8020097882055,207.98107159612528,57365700,0.0038588912512789175,198.50614013671876,215.26180786132812,0.05098378671134812,0,1,0.0038588912512789175,1.0073718755289531,1.2155638883622994,-0.17127196260645625
2025-05-02,204.27069091796875,205.9020705063368,201.09745506032002,205.0067917796952,101010600,-0.03736166699984034,198.61357192993165,214.4564636230469,0.04713763079198701,0,0,-0.03736166699984034,0.9697347829704358,1.2155638883622994,-0.20223462357298505
2025-05-05,197.84463500976562,203.02725796650907,197.1682163705072,202.03251395918386,69018500,-0.0314585312230804,199.1363098144531,213.52816864013673,0.04453301772172857,0,0,-0.0,0.9697347829704358,1.2155638883622994,-0.20223462357298505
2025-05-06,197.4666290283203,199.59538061408486,195.98447015970467,197.1682179665783,51216500,-0.0019106203280501166,199.9843276977539,212.5614761352539,0.043542196611785225,0,1,-0.0,0.9697347829704358,1.2155638883622994,-0.20223462357298505
2025-05-07,195.21852111816406,198.3917570874617,192.23428894820486,198.12317194216024,68536700,-0.011384748507727971,201.16956634521483,211.55101531982422,0.041791968114668614,1,1,-0.011384748507727971,0.9586945963471212,1.2155638883622994,-0.2113169817517796
2025-05-08,196.45199584960938,198.99853803284546,193.65675249053749,196.68078271707188,50478900,0.006318430876231851,201.10192337036133,210.69812194824217,0.023826350770936446,1,1,0.006318430876231851,0.9647520418855574,1.2155638883622994,-0.20633374261772033
2025-05-09,197.48654174804688,199.4859718922483,196.5017396407649,197.95407268173315,36453900,0.0052661511223814905,201.5052932739258,209.92679748535156,0.021655163219810796,1,1,0.0052661511223814905,0.9698325719337528,1.2155638883622994,-0.20215417616561038
2025-05-12,209.95704650878906,210.435160708662,205.93301745006437,210.13634313336473,63775800,0.06314609922458425,202.14771881103516,209.3145608520508,0.024192014961722522,1,1,0.06314609922458425,1.0310737157523153,1.2155638883622994,-0.15177332460784385
2025-05-13,212.08859252929688,212.55673652410627,208.17412935394688,209.59847136477597,51909300,0.010152295700247338,202.67937088012695,208.82075439453126,0.02385403155549197,0,1,0.010152295700247338,1.0415414810033856,1.2155638883622994,-0.14316187657842494
2025-05-14,211.490966796875,213.09460539099953,209.7478820292828,211.5905625216416,49325800,-0.0028178117705190964,203.2000419616699,208.35677490234374,0.02386476233124174,0,1,-0.0028178117705190964,1.0386066131587304,1.2155638883622994,-0.14557628512803175
2025-05-15,210.61444091796875,212.11848379882832,208.71198473801002,210.11641669484823,45029500,-0.0041445074093784395,204.06831817626954,207.8790444946289,0.021845497402962613,0,1,-0.0041445074093784395,1.0343021003550645,1.2155638883622994,-0.1491174505450673
2025-05-16,210.42520141601562,211.73003772257164,208.94109887256835,211.52086084946143,54737900,-0.0008985115224213747,204.79234466552734,207.40568634033204,0.0217608806018061,0,1,-0.0008985115224213747,1.033372768000231,1.2155638883622994,-0.14988197831997982
2025-05-19,207.9550018310547,208.65223273202483,203.45285841572866,207.0884445111699,46140500,-0.011739086232724016,205.58285675048828,206.8085171508789,0.02139590494534483,0,1,,1.033372768000231,1.2155638883622994,-0.14988197831997982
2025-05-20,206.04258728027344,207.64622592622177,204.2198167548668,206.84938410987283,42496600,-0.009196290225973569,205.95047760009766,206.403681640625,0.02037777674063222,0,1,-0.009196290225973569,1.0238695721140831,1.2155638883622994,-0.15769991037367978
2025-05-21,201.29141235351562,206.2218487675542,199.9168759316908,204.359243170771,59211800,-0.023059188828253863,205.83881683349608,206.0359243774414,0.020401288575546014,0,1,-0.023059188828253863,1.000259970315201,1.2155638883622994,-0.17712266719042818
2025-05-22,200.5643310546875,201.94883789272,198.91088686006037,199.91690559460176,46742400,-0.003612083050772208,205.5032943725586,205.7304202270508,0.019922979142289538,0,0,-0.003612083050772208,0.9966469482300596,1.2155638883622994,-0.1800949684571343
2025-05-23,194.49838256835938,196.91877297523902,192.6955373289648,192.9046989896,78432900,-0.030244403151994836,204.8192123413086,205.4488296508789,0.02087101104855377,1,0,-0.0,0.9966469482300596,1.2155638883622994,-0.1800949684571343
2025-05-27,199.4188690185547,199.94677348688452,196.64984031499387,197.51641281084125,56288500,0.025298341226390075,204.33838119506837,205.18984924316408,0.02177902315389993,1,1,0.0,0.9966469482300596,1.2155638883622994,-0.1800949684571343
2025-05-28,199.62802124023438,201.92889064401075,199.1100718095576,199.79734764673603,45339700,0.001048808584207972,203.81478729248047,204.92490509033203,0.021727167530127506,0,0,0.001048808584207972,0.997692240104788,1.2155638883622994,-0.17923504502181684
2025-05-29,199.15988159179688,203.0046291598645,197.72556941325453,202.77554227533128,51396800,-0.0023450598043754933,203.20362701416016,204.67666046142577,0.021636392997248555,1,0,-0.0,0.997692240104788,1.2155638883622994,-0.17923504502181684
2025-05-30,200.05633544921875,201.1619498266407,196.00241099917397,198.5821728136608,70819900,0.0045011768949494435,202.59650421142578,204.3956134033203,0.021647199156930093,1,1,0.0,0.997692240104788,1.2155638883622994,-0.17923504502181684
2025-06-02,200.90296936035156,201.33127809714276,199.32921098525782,199.488582384924,35423300,0.004231977503895257,202.42811813354493,204.15417846679688,0.02008583963022647,1,0,0.004231977503895257,1.0019144512207223,1.2155638883622994,-0.17576158619636356
2025-06-03,202.46678161621094,202.96480586317466,200.16591202699755,200.55437033168948,46381600,0.007783918081640806,202.6592254638672,203.86105834960938,0.01879214113148511,0,1,0.0,1.0019144512207223,1.2155638883622994,-0.17576158619636356
2025-06-04,202.0185546875,205.42503857555045,201.30139858491114,202.10819540070028,43604000,-0.0022138294743113685,202.88682174682617,203.51003234863282,0.01879500646039386,0,0,-0.0022138294743113685,0.9996963834778714,1.2155638883622994,-0.1775863094907017
2025-06-05,199.8372039794922,203.94091870107042,199.35908978394463,202.69585814733983,55126100,-0.010797774052893838,203.11775588989258,203.05529693603515,0.018774596180564065,1,1,-0.0,0.9996963834778714,1.2155638883622994,-0.1775863094907017
2025-06-06,203.11419677734375,204.8871617909174,201.2515910514923,202.19783403313102,46607700,0.01639831188885066,203.45086593627929,202.71026824951173,0.019048737866254817,0,1,0.01639831188885066,1.0160897165682976,1.2155638883622994,-0.16410011329206947
2025-06-09,200.65396118164062,205.18598475848052,199.22961916524454,203.58234611432158,72862600,-0.012112573294913775,203.60923690795897,202.26987854003906,0.01927910867830829,1,1,-0.012112573294913775,1.003782255402156,1.2155638883622994,-0.17422501193702933
2025-06-10,201.869140625,203.54250994980842,199.77744796710627,199.8073282051838,54672600,0.006056094961710334,203.20484161376953,201.97216735839845,0.012688409447671365,0,0,0.006056094961710334,1.0098612560617513,1.2155638883622994,-0.16922404019231477
2025-06-11,197.9945068359375,203.69190510411792,197.62597377823997,202.69585666840098,60989900,-0.019193789486923962,202.50013732910156,201.5128076171875,0.012917811258571584,1,0,-0.0,1.0098612560617513,1.2155638883622994,-0.16922404019231477
2025-06-12,198.41285705566406,198.890956077424,196.58013147350607,198.29333609984755,43904600,0.0021129385173963566,201.84623184204102,201.04072631835936,0.01297548237495579,0,0,0.0,1.0098612560617513,1.2155638883622994,-0.16922404019231477
2025-06-13,195.67372131347656,199.57822954037988,194.92668495173118,198.94075911963023,51447300,-0.013805233102505254,201.0991958618164,200.49993560791015,0.013194143404504883,1,1,-0.0,1.0098612560617513,1.2155638883622994,-0.16922404019231477
2025-06-16,197.63592529296875,197.90486262143017,195.78327462738756,196.52035592822918,43020700,0.010027938173407858,200.45973205566406,200.41021301269532,0.013533278144205527,0,1,0.010027938173407858,1.0199880823012586,1.2155638883622994,-0.16089307023140967
2025-06-17,194.86691284179688,197.60604600468164,194.43861931524052,196.42074594971083,38856200,-0.014010673651904004,199.80532760620116,200.55975372314452,0.013619360672958604,1,1,-0.014010673651904004,1.0056973621513043,1.2155638883622994,-0.17264952358344846
2025-06-18,195.80320739746094,196.7893008408277,194.2991796996429,195.16573699325735,45394700,0.004804789802485221,199.29335861206056,200.86569244384765,0.01365236864790833,1,0,0.004804789802485221,1.0105295265813552,1.2155638883622994,-0.1686742784512809
2025-06-20,200.20574951171875,200.90298042554332,196.08210930882012,197.45666110928434,96813500,0.022484525012509637,199.23907546997071,201.4395324707031,0.013832132869433442,1,0,0.0,1.0105295265813552,1.2155638883622994,-0.1686742784512809
2025-06-23,200.70376586914062,201.50060768152076,198.17380945321412,200.83325703321927,55814300,0.0024875227541492073,199.24604721069335,201.49751068115233,0.013819700172369687,0,0,0.0,1.0105295265813552,1.2155638883622994,-0.1686742784512809
2025-06-24,199.50851440429688,202.63610603642124,199.4089034764897,201.78945874554142,54064000,-0.005955301634066323,199.49655380249024,201.6992980957031,0.011951300189108458,1,1,-0.0,1.0105295265813552,1.2155638883622994,-0.1686742784512809
2025-06-25,200.76353454589844,202.8651975026319,199.82724651799433,200.65396860223956,39525700,0.006290559304443111,199.56378707885742,201.77239807128908,0.010628370898018541,0,0,0.006290559304443111,1.016886322497206,1.2155638883622994,-0.16344477469856977
2025-06-26,200.20574951171875,201.8392684520338,198.67184150130464,200.63404307360597,50799100,-0.0027783184602787614,199.59267349243163,201.74740203857422,0.010650309577605318,1,1,-0.0,1.016886322497206,1.2155638883622994,-0.16344477469856977
2025-06-27,200.28541564941406,202.41695863400855,199.20968154525062,201.09221242791352,73188600,0.0003979213278819671,199.6489501953125,201.7315594482422,0.010633480964545814,1,0,0.0003979213278819671,1.0172909632529592,1.2155638883622994,-0.16311189153247113
2025-06-30,204.3592529296875,206.57048164253425,198.4726031076903,201.211736268348,91912800,0.02034015940234224,199.86409606933594,201.9537661743164,0.011513463536960752,1,0,0.0,1.0172909632529592,1.2155638883622994,-0.16311189153247113
2025-07-01,206.99879455566406,209.35942450018746,205.3254252695324,205.85332972802502,78788900,0.01291618357444646,200.16888732910155,202.1748486328125,0.011796971610019531,1,1,0.0,1.0172909632529592,1.2155638883622994,-0.16311189153247113
2025-07-02,211.6005401611328,212.49697770796604,207.31752868499885,208.08449026524102,67941800,0.02223078455769123,200.62557525634764,202.56396423339845,0.012612154989075643,1,1,,1.0172909632529592,1.2155638883622994,-0.16311189153247113
2025-07-03,212.70616149902344,213.80180573654258,210.97303162710094,211.31168447150716,34955800,0.005225040243511225,201.15995559692382,202.8442840576172,0.012582182157100375,0,0,0.005225040243511225,1.0226063494753161,1.2155638883622994,-0.15873911748641237
2025-07-07,209.12037658691406,215.37555986284275,207.97492690746134,211.83958469799765,50229000,-0.016857926854769723,201.6241142272949,202.95619903564454,0.012989605843471622,1,1,-0.0,1.0226063494753161,1.2155638883622994,-0.15873911748641237
2025-07-08,209.18011474609375,210.59450162142676,207.6262817055446,209.26977065111936,42848900,0.0002856639805011163,201.92741012573242,202.99430572509766,0.012565382423444396,1,0,0.0002856639805011163,1.022898471275593,1.2155638883622994,-0.1584987995540736
2025-07-09,210.3056640625,210.49491569520316,206.40115605631001,208.70202548866368,48749400,0.005380766320796981,202.40999526977538,203.03681854248046,0.012167017146855275,1,0,0.0,1.022898471275593,1.2155638883622994,-0.1584987995540736
2025-07-10,211.57066345214844,212.63642743345136,209.2000631819418,209.67816220166208,44443600,0.00601505145040937,202.89507141113282,203.08752197265625,0.012166375375196362,0,0,0.0,1.022898471275593,1.2155638883622994,-0.1584987995540736
2025-07-11,210.32559204101562,211.29176024279,209.03072603053,209.73792710960444,39765800,-0.005884896283904761,203.51162567138672,203.09203582763672,0.011251559053670394,0,1,-0.0,1.022898471275593,1.2155638883622994,-0.1584987995540736
2025-07-14,207.7956085205078,210.07656782568804,206.719874444485,209.10042946873696,38840100,-0.012028890521389557,203.98076324462892,203.02028625488282,0.011749243776036896,1,1,-0.012028890521389557,1.0105941375501222,1.2155638883622994,-0.16862112536785556
2025-07-15,208.28369140625,211.05270487364396,208.09443976951917,208.39325734338402,42296300,0.0023488604461725515,204.61126174926758,202.9419842529297,0.011116362485987163,1,0,0.0023488604461725515,1.0129678821469474,1.2155638883622994,-0.16666833241344872
2025-07-16,209.3295440673828,211.5606828488181,207.8155461810567,209.4689902412225,47490500,0.005021289252517214,205.1959426879883,203.04316131591796,0.011010042078389282,0,0,0.0,1.0129678821469474,1.2155638883622994,-0.16666833241344872
2025-07-17,209.1901092529297,210.9630743588066,208.7618004967043,209.7379389650813,48068100,-0.0006661019354642361,205.91210250854493,203.27007080078124,0.01031118506115726,1,1,-0.0,1.0129678821469474,1.2155638883622994,-0.16666833241344872
2025-07-18,210.3455047607422,210.95309492429405,208.87135730762196,210.0367321724359,48974600,0.005523184207602894,206.63921737670898,203.5276483154297,0.010316842082683176,1,0,0.005523184207602894,1.0185626903564304,1.2155638883622994,-0.1620656881073393
2025-07-21,211.640380859375,214.92734394651046,210.79374875413163,211.26189276464606,51377400,0.00615594851958301,207.2109489440918,203.8560855102539,0.009347532941803075,1,0,0.0,1.0185626903564304,1.2155638883622994,-0.1620656881073393
2025-07-22,213.5527801513672,214.1006098348481,211.39135685335447,212.29776458434165,46404100,0.009036079429770583,207.85339965820313,204.19810119628906,0.00944932436203179,0,0,0.0,1.0185626903564304,1.2155638883622994,-0.1620656881073393
2025-07-23,213.3037872314453,214.29983576430007,211.5706725113145,214.15043456376964,46989300,-0.001165954944465697,208.54316329956055,204.51444610595703,0.009265331058901557,0,0,-0.0,1.0185626903564304,1.2155638883622994,-0.1620656881073393
2025-07-24,212.91529846191406,214.8376797586153,212.68621158769832,213.05474462863134,46022600,-0.001821293351485176,209.15075149536133,204.57361114501953,0.009309087859024555,1,1,-0.0,1.0185626903564304,1.2155638883622994,-0.1620656881073393
2025-07-25,213.03485107421875,214.38947759784276,212.5567368669443,213.85160291428238,40268800,0.0005615031572101525,209.79220657348634,204.59253631591798,0.00922990514044821,1,0,0.0005615031572101525,1.019134616522882,1.2155638883622994,-0.16159518534567682
2025-07-28,213.20419311523438,214.00103498726418,212.21809958876685,213.18426788884761,37858000,0.000794902994330382,210.43814544677736,204.62680084228515,0.009224098767716342,0,0,0.0,1.019134616522882,1.2155638883622994,-0.16159518534567682
2025-07-29,210.43515014648438,213.96115480223384,209.9869314052821,213.33363944545516,51411700,-0.012987750983177726,210.7419403076172,204.62321502685546,0.00896587545962039,0,0,-0.0,1.019134616522882,1.2155638883622994,-0.16159518534567682
2025-07-30,208.2239227294922,211.55072076453234,206.89917652304968,211.06265157316113,45512500,-0.010507880529716407,210.8031967163086,204.579189453125,0.008926513601460651,0,1,-0.0,1.019134616522882,1.2155638883622994,-0.16159518534567682
2025-07-31,206.74978637695312,209.01080544085684,206.3414028602417,207.66614913739534,80698400,-0.007079572477626139,210.5606590270996,204.55508514404298,0.007421320340875102,0,0,-0.007079572477626139,1.0119195791407507,1.2155638883622994,-0.16753073299661272
2025-08-01,201.58030700683594,212.7360475386617,200.7037794341265,210.03674932642843,104434500,-0.02500355362250295,210.00436630249024,204.46583953857422,0.008974110207552535,1,0,-0.0,1.0119195791407507,1.2155638883622994,-0.16753073299661272
2025-08-04,202.5464630126953,207.0585613783641,200.88304868853191,203.70186769022786,75109300,0.004792908693340925,209.6756706237793,204.4909405517578,0.00846041439973451,0,0,0.0,1.0119195791407507,1.2155638883622994,-0.16753073299661272
2025-08-05,202.1181640625,204.5285996595603,201.36117265797924,202.59626309701343,44155100,-0.002114571362169193,209.32257308959962,204.52201721191406,0.00844985052650125,1,0,-0.0,1.0119195791407507,1.2155638883622994,-0.16753073299661272
2025-08-06,212.4073486328125,214.5289368613384,204.77761325937152,204.81746371165528,108483100,0.050906778309795175,209.42765731811522,204.88019653320313,0.01445249914017656,1,0,0.0,1.0119195791407507,1.2155638883622994,-0.16753073299661272
2025-08-07,219.16053771972656,219.97730473834642,215.7241736307253,218.01508808955717,90224800,0.031793575553679565,209.80715103149413,205.27502990722655,0.016025272224117277,1,1,0.0,1.0119195791407507,1.2155638883622994,-0.16753073299661272
2025-08-08,228.4437255859375,230.08719950298993,218.38362983130105,219.95738825778145,113854000,0.04235793525056386,210.71305770874022,205.85134399414062,0.018268205072572305,0,1,0.04235793525056386,1.0547824031527724,1.2155638883622994,-0.13226905368679895
2025-08-11,226.53909301757812,228.91238364576833,224.12592192869855,227.27701087414155,61806100,-0.00833742561094275,211.65023193359374,206.39892822265625,0.018112571997017483,1,1,-0.00833742561094275,1.0459882333307546,1.2155638883622994,-0.1395036959019983
2025-08-12,229.00213623046875,230.14890113463383,226.42942796921326,227.36676338645532,55626200,0.010872486422021321,212.6861541748047,206.97784423828125,0.018159993604627746,1,0,0.010872486422021321,1.0573607261952374,1.2155638883622994,-0.1301479615194932
2025-08-13,232.6717529296875,234.33703985510917,229.77992501054072,230.4181341091737,69878500,0.01602437758714026,213.85326461791993,207.61321990966798,0.018329527340604296,0,1,0.0,1.0573607261952374,1.2155638883622994,-0.1301479615194932
2025-08-14,232.12330627441406,234.4567012802976,230.19875827485632,233.39969406647393,51916300,-0.0023571690519698096,214.99992446899415,208.20635040283204,0.018363128109117118,0,1,,1.0573607261952374,1.2155638883622994,-0.1301479615194932
2025-08-15,230.93666076660156,233.61907447658757,228.69300821277216,233.3398655982593,56038700,-0.005112134265439328,216.02948226928712,208.78471252441406,0.01851191439156182,0,1,-0.005112134265439328,1.051955356195925,1.2155638883622994,-0.1345947619312716
2025-08-18,230.23863220214844,232.46233685580373,229.46083388892833,231.04634466466607,37476200,-0.0030225974608621975,216.9593948364258,209.39274108886718,0.01859118832334036,0,0,-0.0030225974608621975,1.0487757186073468,1.2155638883622994,-0.13721053360647498
2025-08-19,229.90956115722656,232.2130419457167,228.70298322789472,230.62753117126795,39402600,-0.0014292607707683258,217.77723388671876,209.92864837646485,0.018600562696198236,0,1,-0.0,1.0487757186073468,1.2155638883622994,-0.13721053360647498
2025-08-20,225.3723907470703,229.81981519856654,225.13307755654054,229.33119207499826,42263900,-0.019734587754066668,218.3806640625,210.42301696777344,0.01931426788544006,0,1,-0.019734587754066668,1.0280785621541557,1.2155638883622994,-0.15423732804430237
2025-08-21,224.26551818847656,225.88095827873425,223.14868274098328,225.63166356522294,30621200,-0.004911305040181113,218.94817504882812,210.87094451904298,0.01936656203210036,1,1,-0.004911305040181113,1.023029354730146,1.2155638883622994,-0.1583911265178754
2025-08-22,227.11746215820312,228.44371192910324,224.77410085849388,225.53195134940427,42477800,0.01271681885277487,219.65230560302734,211.45340362548828,0.019483806080805625,0,1,0.01271681885277487,1.0360390337153202,1.2155638883622994,-0.14768853892891537
2025-08-25,226.5191650390625,228.65312729963858,225.59178073979155,225.84107546750252,30983100,-0.0026343069945183872,220.31805419921875,212.01552978515625,0.019522831072969416,1,0,-0.0026343069945183872,1.0333097888422098,1.2155638883622994,-0.1499337889723232
2025-08-26,228.6630859375,228.84258604761433,224.05612439304167,226.22996704217394,54575100,0.00946463359101557,221.22945098876954,212.67531707763672,0.019184906334346597,1,1,0.0,1.0333097888422098,1.2155638883622994,-0.1499337889723232
2025-08-27,229.83978271484375,230.24861452224957,227.61606269083353,227.96508141122786,31259500,0.005145984855926322,222.31024398803712,213.31939422607422,0.018864153776118883,1,1,0.005145984855926322,1.0386271853670723,1.2155638883622994,-0.14555936112384005
2025-08-28,231.90391540527344,232.7515235304584,228.692998228932,230.16883391080088,38074700,0.008980745918084176,223.5679504394531,214.06013427734376,0.01865835032403778,0,0,0.008980745918084176,1.047954832222469,1.2155638883622994,-0.13788584684400768
2025-08-29,231.485107421875,232.7216147258446,230.71727541448905,231.85405874294378,39418400,-0.001805954775134011,225.06319046020508,214.77377227783202,0.017306928982728658,0,1,-0.0,1.047954832222469,1.2155638883622994,-0.13788584684400768
2025-09-02,229.07192993164062,230.19874691737337,226.3296880547272,228.60325464814514,44075600,-0.010424763463666054,226.38946380615235,215.35109588623047,0.017741815661802957,1,1,-0.010424763463666054,1.0370301509759439,1.2155638883622994,-0.14687318296933768
2025-09-03,237.79725646972656,238.17618932549604,233.69885053091846,236.5408165177042,66427800,0.03808989840304622,228.17341842651368,216.09296569824218,0.018971053160707227,1,1,0.03808989840304622,1.0765305240675132,1.2155638883622994,-0.11437766918372565
2025-09-04,239.10353088378906,239.22318747047024,236.07211403385233,237.7772812570227,47549400,0.005493227438596593,229.5082275390625,216.88486602783203,0.01610849417939915,0,0,0.005493227438596593,1.0824441510808076,1.2155638883622994,-0.1095127442958518
2025-09-05,239.01380920410156,240.63921565449175,237.8171975861315,239.3229322237051,54870400,-0.0003752419688486386,230.50089111328126,217.6498715209961,0.01496934756790252,0,1,-0.0,1.0824441510808076,1.2155638883622994,-0.1095127442958518
2025-09-08,237.20892333984375,239.47250850410185,235.6732593017711,238.62491556233425,48999500,-0.007551387387481734,230.93915100097655,218.38993499755858,0.012226002227758466,0,0,-0.007551387387481734,1.0742701959706826,1.2155638883622994,-0.11623715852728932
2025-09-09,233.6888885498047,238.10638391026913,232.70167593051625,236.33140663047269,66313900,-0.01483938605882873,231.2966407775879,219.05800445556642,0.01259495702364768,0,0,-0.0,1.0742701959706826,1.2155638883622994,-0.11623715852728932
2025-09-10,226.1501922607422,231.76431424305812,225.31256565050364,231.53496736029473,83440800,-0.03225954103271722,231.15404357910157,219.4938232421875,0.014480553125132769,1,0,-0.0,1.0742701959706826,1.2155638883622994,-0.11623715852728932
2025-09-11,229.38107299804688,229.7998863317909,226.01060327291316,226.23996538709508,50208600,0.01428643816309294,230.98950958251953,219.94146881103515,0.014380872616638342,1,0,0.0,1.0742701959706826,1.2155638883622994,-0.11623715852728932
2025-09-12,233.40968322753906,233.84842918261825,228.373926506362,228.57335925244223,55824200,0.017562958341931223,231.05382843017577,220.37765167236327,0.014933013282210352,1,1,0.0,1.0742701959706826,1.2155638883622994,-0.11623715852728932
2025-09-15,236.03224182128906,237.5180438551372,234.36695488957946,236.33139853346725,42699500,0.01123586030144863,231.30860748291016,220.8441732788086,0.015063305647893745,1,0,0.01123586030144863,1.086340545818619,1.2155638883622994,-0.10630732270089066
2025-09-16,237.4781494140625,240.53949594661788,235.65332541334,236.51088466190768,63421100,0.006125890181851501,231.67058334350585,221.41132873535156,0.015067253534063643,1,0,0.0,1.086340545818619,1.2155638883622994,-0.10630732270089066
2025-09-17,238.3157958984375,239.42266510979977,237.05934071942244,238.2958480596019,46508000,0.003527257082143187,232.0908950805664,221.99404235839845,0.015054578915299611,0,0,0.0,1.086340545818619,1.2155638883622994,-0.10630732270089066
2025-09-18,237.20892333984375,240.51954939992544,235.98238232851827,239.29302360434258,44249600,-0.004644562289381149,232.68272171020507,222.5321075439453,0.01427072149450461,1,1,-0.0,1.086340545818619,1.2155638883622994,-0.10630732270089066
2025-09-19,244.8074188232422,245.60516498271895,239.53234916144805,240.5494606794321,163741300,0.032032924294809195,233.70981674194337,223.19684265136718,0.015571023010846499,1,1,0.032032924294809195,1.1211392102812086,1.2155638883622994,-0.07767973282614296
2025-09-22,255.35755920410156,255.9160073848096,247.42002368458668,247.5995237986898,105517400,0.04309567263758818,235.12182159423827,224.0974819946289,0.017744172031233713,0,1,0.04309567263758818,1.1694554586686516,1.2155638883622994,-0.03793172052500557
2025-09-23,253.7122344970703,256.6140289111009,252.86464151383097,255.15815615601056,60275200,-0.006443219116596399,236.48147506713866,225.01581451416016,0.01786205489703672,0,1,-0.006443219116596399,1.1619204009013497,1.2155638883622994,-0.04413053725478989
2025-09-24,251.59820556640625,255.01853710208397,250.33178410429736,254.49999981420794,42303700,-0.008332388601025364,237.62823104858398,225.88210479736327,0.018113249719828348,1,0,-0.008332388601025364,1.1522388285975804,1.2155638883622994,-0.05209521307023639
2025-09-25,256.14532470703125,256.4444966190252,250.99989343760635,252.49566170312627,55202100,0.018072939472633998,238.94350814819336,226.81842041015625,0.018349893232386963,0,1,0.0,1.1522388285975804,1.2155638883622994,-0.05209521307023639
2025-09-26,254.7393341064453,256.8732963908738,253.06406560531616,253.38317016390945,46076300,-0.005489034797703463,240.08527908325195,227.72940490722655,0.018493913334224142,0,1,,1.1522388285975804,1.2155638883622994,-0.05209521307023639
2025-09-29,253.7122344970703,254.28063380560434,252.29624220529692,253.8418726304012,40127700,-0.004031963155504692,241.1966354370117,228.59673950195312,0.01854282547715849,1,1,-0.004031963155504692,1.1475930440943332,1.2155638883622994,-0.055917130246063665
2025-09-30,253.9116668701172,255.1980209495745,252.39595068950493,254.1410137555297,37704300,0.0007860573749713939,242.43862228393556,229.44216522216797,0.018226497363043433,1,0,0.0007860573749713939,1.1484951180701093,1.2155638883622994,-0.0551750269437095
2025-10-01,254.72933959960938,258.0599285933123,254.21080232618834,254.32049261064776,48713900,0.0032203038937570483,243.28522644042968,230.2656964111328,0.0165138635798517,1,0,0.0,1.1484951180701093,1.2155638883622994,-0.0551750269437095
2025-10-02,256.40460205078125,257.45162766856953,253.43299812845933,255.85613542550084,42630200,0.006576637201686664,244.1502799987793,231.12771270751952,0.01652226663953667,1,0,0.0,1.1484951180701093,1.2155638883622994,-0.0551750269437095
2025-10-03,257.2920837402344,258.5086431914624,253.23357360959045,253.9515436206674,49155600,0.0034612549164674267,245.06419372558594,232.01524841308594,0.01649559427270864,0,0,0.0,1.1484951180701093,1.2155638883622994,-0.0551750269437095
2025-10-06,255.9658660888672,258.339156849437,254.33049322602108,257.262186546101,44664100,-0.00515452178741016,246.0020408630371,232.8738687133789,0.01641715416508268,0,1,-0.0,1.1484951180701093,1.2155638883622994,-0.0551750269437095
2025-10-07,255.75645446777344,256.6738420114173,254.70939836699205,256.0855101139428,31955800,-0.0008181232298413166,247.10541915893555,233.7249139404297,0.01586305752437219,1,0,-0.0008181232298413166,1.1475555075346568,1.2155638883622994,-0.055948010202300995
2025-10-08,257.33197021484375,257.7906639625656,255.3874592951906,255.7963062732735,36496900,0.0061602189096221505,248.6645080566406,234.66285034179688,0.013274400926841314,0,0,0.0,1.1475555075346568,1.2155638883622994,-0.055948010202300995
2025-10-09,253.32330322265625,257.27213808351553,252.42584836214985,257.08267167133846,38322000,-0.015577803989301087,249.8616195678711,235.56483795166017,0.014018534599715814,0,0,-0.0,1.1475555075346568,1.2155638883622994,-0.055948010202300995
2025-10-10,244.57806396484375,255.6567217403356,243.3116425485481,254.2207817432353,61999100,-0.03452204809648307,250.42003860473633,236.32140350341797,0.01623755487403578,1,1,-0.0,1.1475555075346568,1.2155638883622994,-0.055948010202300995
2025-10-13,246.96133422851562,248.98560621270488,244.86725241658198,248.67648318296307,38142900,0.009744415443628807,250.96649322509765,237.22902404785157,0.016198527344499117,1,0,0.009744415443628807,1.1587377651446988,1.2155638883622994,-0.04674877541332781
2025-10-14,247.07101440429688,248.14796941642882,244.00966795095763,245.90431694508948,35478000,0.0004441188177246591,251.44613647460938,238.11951507568358,0.01617936175848843,1,0,0.0,1.1587377651446988,1.2155638883622994,-0.04674877541332781
2025-10-15,248.63658142089844,251.10959602979932,246.77186176083558,248.78616738422895,33893600,0.006336506208048043,251.96217575073243,239.04988342285156,0.01620453013586364,0,0,0.0,1.1587377651446988,1.2155638883622994,-0.04674877541332781
2025-10-16,246.7519073486328,248.33741809379524,244.43846029169785,247.54965348458146,39777000,-0.007580035333075941,252.43932495117187,239.73677459716797,0.016283328001482654,1,0,-0.0,1.1587377651446988,1.2155638883622994,-0.04674877541332781
2025-10-17,251.5782470703125,252.66518358811555,246.57242016484557,247.3203043073955,49147000,0.01955948293789933,252.7778663635254,240.3851287841797,0.015284736681100619,1,0,0.0,1.1587377651446988,1.2155638883622994,-0.04674877541332781
2025-10-20,261.50018310546875,263.63416054313814,254.90884523128253,255.168106265739,90483000,0.039438767662544505,253.08499755859376,241.04625793457032,0.014773985042569047,1,0,0.0,1.1587377651446988,1.2155638883622994,-0.04674877541332781
2025-10-21,262.0286865234375,264.5415968076956,261.0913359303388,261.141213133835,46695900,0.002021044160246621,253.5008201599121,241.7560498046875,0.014661528535582316,0,0,0.0,1.1587377651446988,1.2155638883622994,-0.04674877541332781
2025-10-22,257.7209167480469,262.1084981259862,254.70941678507808,261.9090501595624,45015300,-0.016440069339527463,253.80695571899415,242.33042541503906,0.015060632884083547,1,0,-0.0,1.1587377651446988,1.2155638883622994,-0.04674877541332781
2025-10-23,258.8476867675781,259.8847613495841,257.28213901467177,259.206686997747,32754900,0.0043720549878099035,253.94207382202148,242.85394409179688,0.01456136938000235,1,0,0.0,1.1587377651446988,1.2155638883622994,-0.04674877541332781
2025-10-24,262.07855224609375,263.3848541030092,258.44880663072195,260.4531458541269,38253700,0.012481724364091562,254.3090347290039,243.45304901123046,0.014717830425631904,1,0,0.0,1.1587377651446988,1.2155638883622994,-0.04674877541332781
2025-10-27,268.0516357421875,268.3607587413759,263.9033682058253,264.13273028939324,44888200,0.022791195406501652,255.02600479125977,244.19534851074218,0.01539161118782825,1,0,0.0,1.1587377651446988,1.2155638883622994,-0.04674877541332781
2025-10-28,268.2410888671875,269.12859257872884,267.39348082722177,268.23110734142335,41534800,0.0007067784700340862,255.7424758911133,244.95539764404296,0.015392184990791634,1,0,0.0,1.1587377651446988,1.2155638883622994,-0.04674877541332781
2025-10-29,268.93914794921875,270.6443152614699,266.35642794866993,268.5203194424725,51086700,0.0026023570250897077,256.4529663085938,245.73598937988282,0.015392046200481018,1,0,0.0,1.1587377651446988,1.2155638883622994,-0.04674877541332781
2025-10-30,270.63433837890625,273.36662916750566,267.72259312931254,271.2226702585742,69886500,0.006303249053230431,257.164453125,246.64122833251952,0.015388664964230905,0,0,0.0,1.1587377651446988,1.2155638883622994,-0.04674877541332781
2025-10-31,269.60723876953125,276.53764389728985,268.4006608909581,276.2085578376442,86167100,-0.0037951562818203666,257.7802108764648,247.54806274414062,0.015458050370867643,0,1,-0.0,1.1587377651446988,1.2155638883622994,-0.04674877541332781
2025-11-03,268.2909851074219,270.08592548154905,265.4988962118729,269.6571458353552,50194600,-0.004882115436205092,258.3964668273926,248.371533203125,0.01545111227294364,1,1,-0.004882115436205092,1.1530806736149721,1.2155638883622994,-0.05140265793146379
2025-11-04,269.2781982421875,270.72408938596277,266.86501191822913,267.5730004152706,49274800,0.0036796358788213634,259.07255401611326,249.2267138671875,0.015433498336117315,1,0,0.0036796358788213634,1.1573235906327812,1.2155638883622994,-0.047912165117033875
2025-11-05,269.3778991699219,270.93349568379296,266.17693326929896,267.8521863717013,43683100,0.00037025250608935245,259.6748504638672,250.04101013183595,0.015419319447330191,0,0,0.0,1.1573235906327812,1.2155638883622994,-0.047912165117033875
2025-11-06,269.0089416503906,272.6287059365568,267.1342708755924,267.1342708755924,51204000,-0.0013696651457605347,260.4591323852539,250.82439331054687,0.014864636563564697,0,0,-0.0,1.1573235906327812,1.2155638883622994,-0.047912165117033875
2025-11-07,267.7126159667969,271.5218466038475,266.0173996929098,269.03885049148494,48227400,-0.004818894404181151,261.61585998535156,251.54056732177733,0.012140813754845749,1,0,,1.1573235906327812,1.2155638883622994,-0.047912165117033875
2025-11-10,268.9303283691406,273.2223721938244,266.9639805623884,268.46119877683986,41312400,0.004548580566314353,262.7143096923828,252.28947174072266,0.012080340190843688,1,0,0.0,1.1573235906327812,1.2155638883622994,-0.047912165117033875
2025-11-11,274.73956298828125,275.3983427074405,269.2996575494418,269.3096487524697,46208300,0.021601262506795837,264.09773712158204,253.20282440185548,0.01263498420022227,0,0,0.0,1.1573235906327812,1.2155638883622994,-0.047912165117033875
2025-11-12,272.962890625,275.2187095291286,271.19618380015726,274.49005224267427,48398000,-0.006466751071293797,265.3140525817871,253.90613708496093,0.012906274964940163,0,0,-0.0,1.1573235906327812,1.2155638883622994,-0.047912165117033875
2025-11-13,272.4438171386719,276.1868626363035,271.58539619817094,273.6016390736082,49602800,-0.001901626573266424,266.59864807128906,254.5729428100586,0.012681106217981741,0,0,-0.0,1.1573235906327812,1.2155638883622994,-0.047912165117033875
2025-11-14,271.90484619140625,275.4482508823214,269.10005949599775,270.5473523374902,47431300,-0.001978282909578022,267.61497802734374,255.2307635498047,0.012291739468887208,0,0,-0.0,1.1573235906327812,1.2155638883622994,-0.047912165117033875
2025-11-17,266.9639892578125,269.98836893107386,265.237217022597,268.3214829895084,45018300,-0.01817127205638569,267.88816833496094,255.82586486816408,0.01009461922750896,0,0,-0.0,1.1573235906327812,1.2155638883622994,-0.047912165117033875
2025-11-18,266.94403076171875,270.20795552947055,264.8279672087311,269.48928956232544,45677300,-7.47610048428271e-05,268.133935546875,256.4909677124023,0.010095244005553335,1,0,-0.0,1.1573235906327812,1.2155638883622994,-0.047912165117033875
2025-11-19,268.0619812011719,271.70520656667077,265.0076580872151,265.0376012369211,40424500,0.004187958188325291,268.65098876953124,257.32920349121093,0.009239523502491437,0,0,0.0,1.1573235906327812,1.2155638883622994,-0.047912165117033875
2025-11-20,265.7562561035156,274.91922505965954,265.42688147061517,270.327749378444,45823600,-0.008601462569680418,268.9964172363281,258.0567071533203,0.009516185214505148,1,0,-0.0,1.1573235906327812,1.2155638883622994,-0.047912165117033875
2025-11-21,270.98651123046875,272.8230952896135,265.17732758833057,265.4568071090486,59030800,0.019680647235321702,269.4418151855469,258.8082437133789,0.01007850922083761,1,0,0.0,1.1573235906327812,1.2155638883622994,-0.047912165117033875
2025-11-24,275.4083557128906,276.48633959077114,270.397645153795,270.397645153795,65585800,0.016317581500066458,269.80965118408204,259.59576599121095,0.00945058355964716,1,1,0.0,1.1573235906327812,1.2155638883622994,-0.047912165117033875
2025-11-25,276.45635986328125,279.8600396675645,274.7395483878858,274.75950033189645,46914200,0.0038052736187974556,270.22041473388674,260.3753302001953,0.009464062016362141,1,0,0.0038052736187974556,1.1617275235606281,1.2155638883622994,-0.0442892103961757
2025-11-26,277.0353088378906,279.0116481613461,276.11703191175064,276.4464065684995,33431400,0.002094178534708613,270.62522277832034,261.14972045898435,0.00946177506568494,1,0,0.0,1.1617275235606281,1.2155638883622994,-0.0442892103961757
2025-11-28,278.3328857421875,278.4826014787427,275.4781737009374,276.7458380127342,20135600,0.0046837961187689015,271.01015014648436,261.9721997070312,0.009425604531312321,1,0,0.0,1.1617275235606281,1.2155638883622994,-0.0442892103961757
2025-12-01,282.57501220703125,282.89442609469603,275.62792768573877,277.4944549964911,46587700,0.01524119743713337,271.6585388183594,262.72755157470704,0.009821398787455244,1,0,0.0,1.1617275235606281,1.2155638883622994,-0.0442892103961757
2025-12-02,285.6592712402344,286.86701880065203,282.10587559562896,282.47518456741903,53669500,0.010914832876105063,272.526953125,263.3335858154297,0.009840356339691004,0,0,0.0,1.1617275235606281,1.2155638883622994,-0.0442892103961757
2025-12-03,283.623046875,288.0847586222564,282.77461708045536,285.6692634925469,43538700,-0.007128157809805358,273.24419555664065,263.93180206298825,0.010105083913101852,0,0,-0.0,1.1617275235606281,1.2155638883622994,-0.0442892103961757
2025-12-04,280.179443359375,284.20196835267484,278.07334059490756,283.5731318378766,43989100,-0.012141479874668626,273.7842727661133,264.50342681884763,0.010627232732878689,0,0,-0.0,1.1617275235606281,1.2155638883622994,-0.0442892103961757
2025-12-05,278.26300048828125,280.6186397013617,277.53434330937836,280.01974631085085,47265800,-0.006840055245008081,274.2469757080078,264.94578033447266,0.010788274540684588,0,0,-0.0,1.1617275235606281,1.2155638883622994,-0.0442892103961757
2025-12-08,277.3746643066406,279.15136205700173,275.6378704438954,277.6142094762677,38211800,-0.003192433705098474,274.730078125,265.39848693847654,0.010742202085724146,0,0,-0.0,1.1617275235606281,1.2155638883622994,-0.0442892103961757
2025-12-09,276.6659851074219,279.5107061083118,276.4064879695729,277.6441787437343,32193300,-0.0025549528865235205,275.1168609619141,265.8575619506836,0.010764958822094156,1,0,-0.0,1.1617275235606281,1.2155638883622994,-0.0442892103961757
2025-12-10,278.26300048828125,279.2312028389952,275.92734368017386,277.23491184461454,33038300,0.005772358970110858,275.29303283691405,266.3445886230469,0.0097404116947111,0,0,0.0,1.1617275235606281,1.2155638883622994,-0.0442892103961757
2025-12-11,277.514404296875,279.07150890817053,273.3022288840155,278.5824273392719,33248000,-0.002690246960942222,275.52060852050784,266.8002899169922,0.009630512365271814,1,0,-0.0,1.1617275235606281,1.2155638883622994,-0.0442892103961757
2025-12-12,277.763916015625,278.70217518025987,276.30663218031253,277.38461586894516,39532900,0.0008990946591842519,275.78661346435547,267.22747619628905,0.009608408770526142,0,0,0.0,1.1617275235606281,1.2155638883622994,-0.0442892103961757
2025-12-15,273.6016540527344,279.63046152672615,272.33402020742307,279.63046152672615,50409100,-0.014984890847580368,275.8714538574219,267.55366760253906,0.010240754348735214,1,0,-0.0,1.1617275235606281,1.2155638883622994,-0.0442892103961757
2025-12-16,274.1007385253906,274.9891026980292,271.2859911871425,272.3140798989353,37648600,0.0018241281266524467,276.2282913208008,267.9163650512695,0.009265948879946006,0,0,0.0,1.1617275235606281,1.2155638883622994,-0.0442892103961757
2025-12-17,271.33587646484375,275.6478724530811,271.13626563598973,274.50001118897205,50138700,-0.010087028861802017,276.44788360595703,268.22795349121094,0.009611601108024953,1,0,-0.0,1.1617275235606281,1.2155638883622994,-0.0442892103961757
2025-12-18,271.68524169921875,273.12257373871984,266.4549687260805,273.1025913325419,51630700,0.001287574790797219,276.62904663085936,268.51501892089846,0.00958057695993896,1,0,0.0,1.1617275235606281,1.2155638883622994,-0.0442892103961757
2025-12-19,273.1625061035156,274.09077415448866,269.399477884542,271.6453053723066,144632000,0.005437411303821804,276.9993591308594,268.91180297851565,0.009374129855968725,0,0,0.0,1.1617275235606281,1.2155638883622994,-0.0442892103961757
2025-12-22,270.4674987792969,273.37210596231955,270.00836035897595,272.3539780142796,36571800,-0.009865948891234266,276.9734085083008,269.42959167480467,0.008644141608541888,1,1,,1.1617275235606281,1.2155638883622994,-0.0442892103961757
2025-12-23,271.85491943359375,271.99467443806464,269.06012395403746,270.3377490962612,29642000,0.005129713035979311,276.7957366943359,269.9274633789062,0.007854409872993675,1,0,0.005129713035979311,1.167686852382493,1.2155638883622994,-0.0393866883001189
2025-12-24,273.3022155761719,274.9192064044749,271.69521595033444,271.8349404799371,17910600,0.005323781322749355,276.63802947998045,270.45208740234375,0.00790660239892761,0,0,0.0,1.167686852382493,1.2155638883622994,-0.0393866883001189
2025-12-26,272.89300537109375,274.8593534534055,272.35399820928086,273.65160578690546,21521800,-0.0014972809650131147,276.4309143066406,270.93721588134764,0.00788428727029732,1,1,-0.0,1.167686852382493,1.2155638883622994,-0.0393866883001189
2025-12-29,273.2523498535156,273.8512128461511,271.8449608988494,272.1843267483383,23715200,0.0013167962364342145,276.17688751220703,271.4672247314453,0.007798229650905946,0,0,0.0013167962364342145,1.169224458035044,1.2155638883622994,-0.03812175630660396
2025-12-30,272.57354736328125,273.57169281796894,271.77504318392386,272.30405905646904,22139600,-0.0024841597541549465,275.6768142700195,271.8871307373047,0.006813255843245167,0,1,-0.0,1.169224458035044,1.2155638883622994,-0.03812175630660396
2025-12-31,271.3558349609375,273.17246717497864,271.24605357156486,272.553621806917,27293600,-0.004467463604312272,274.9616424560547,272.08424377441406,0.006139953932217267,0,1,-0.004467463604312272,1.1640009903235007,1.2155638883622994,-0.04241891235208397
2026-01-02,270.5074462890625,277.32476727085935,268.5011639041959,271.7551282774649,37838100,-0.00312648029845064,274.3058624267578,272.2538189697266,0.00604731809989834,0,0,-0.00312648029845064,1.1603617641598771,1.2155638883622994,-0.045412770756784196
2026-01-05,266.764404296875,271.00652312062255,265.64648609237463,270.1381413175191,45647200,-0.013837112595369017,273.63511047363284,272.43468872070315,0.00620177349696316,0,1,-0.0,1.1603617641598771,1.2155638883622994,-0.045412770756784196
2026-01-06,261.87347412109375,267.05385240251036,261.63392891626114,266.5048844877732,52352100,-0.01833426835440255,272.8156341552734,272.4952044677734,0.007099393819376671,0,1,-0.01833426835440255,1.139087380187582,1.2155638883622994,-0.06291442918541484
2026-01-07,259.84722900390625,263.1910228349833,259.3282042611396,262.7119324450406,48309800,-0.007737496605901173,271.9392623901367,272.45057800292966,0.007177965906809145,0,1,-0.007737496605901173,1.1302736954495558,1.2155638883622994,-0.07016512560903163
2026-01-08,258.55963134765625,258.80916773471864,255.22581364132833,256.5433578451618,50419300,-0.0049552102640688656,271.03394470214846,272.26073791503904,0.0071860791645026205,1,1,-0.0049552102640688656,1.124672951632657,1.2155638883622994,-0.07477265292250303
2026-01-09,258.8890075683594,259.7274461787287,255.74485516422806,258.5995368285105,39997000,0.0012738888084979916,270.0652450561523,272.0736962890625,0.0069519839186304305,1,1,0.0012738888084979916,1.1261056599189623,1.2155638883622994,-0.0735940161597447
2026-01-12,259.7673645019531,260.81540508500296,256.32375036738995,258.679389570116,45263800,0.003392793467145605,269.1778930664062,271.8902606201172,0.007123846022170775,1,0,0.003392793467145605,1.129926303845251,1.2155638883622994,-0.07045091198984695
2026-01-13,260.5658874511719,261.3244878277737,257.9108470550362,258.24022168851656,45730800,0.00307399257312313,268.31799163818357,271.6888916015625,0.007207024668785418,0,0,0.0,1.129926303845251,1.2155638883622994,-0.07045091198984695
2026-01-14,259.4779052734375,261.33447181199796,256.23393227813756,259.0087756526009,40019400,-0.004175458991876879,267.61180419921874,271.48630493164063,0.006658475257715114,0,1,-0.0,1.129926303845251,1.2155638883622994,-0.07045091198984695
2026-01-15,257.7311706542969,260.55593980217856,256.57331808587395,260.16664839115424,39388600,-0.006731727764257678,266.79332580566404,271.2751086425781,0.006632353721718495,0,0,-0.006731727764257678,1.1223199475740908,1.2155638883622994,-0.0767083833938453
2026-01-16,255.05612182617188,258.41986733264514,254.4572284259222,257.4217218192236,72142800,-0.010379221191344046,265.97933807373045,270.9906671142578,0.006648964226114718,0,1,-0.0,1.1223199475740908,1.2155638883622994,-0.0767083833938453
2026-01-20,246.2425079345703,254.31750190322293,242.9685916985444,252.26132447540706,80267500,-0.034555586545020445,264.707201385498,270.5279592895508,0.00959232428818399,1,1,-0.034555586545020445,1.0835375234944915,1.2155638883622994,-0.10861326675777112
2026-01-21,247.1907501220703,251.09350304772093,244.72532928784554,248.23880604127606,54641700,0.0038508468560267684,263.40861358642576,270.0915954589844,0.00950888085244042,1,1,0.0038508468560267684,1.0877100605602272,1.2155638883622994,-0.10518067295856137
2026-01-22,247.8894500732422,250.53452965267718,247.68980878155546,248.737864640942,39708300,0.002826561879143208,262.279711151123,269.6951321411133,0.009586006064138014,0,1,0.002826561879143208,1.0907845403529672,1.2155638883622994,-0.10265141076002553
2026-01-23,247.58001708984375,248.94748685874615,244.22624741136653,246.86136630134166,41689000,-0.0012482700788880585,261.0659660339355,269.2681259155273,0.009359034455118875,1,0,-0.0012482700788880585,1.089422946648731,1.2155638883622994,-0.1037715441543061
2026-01-26,254.93637084960938,256.08423219515316,249.33677343540953,251.01365072947274,55969200,0.029713035188522863,260.1476737976074,268.8720620727539,0.011952865929203457,1,1,0.0,1.089422946648731,1.2155638883622994,-0.1037715441543061
2026-01-27,257.7910461425781,261.4642450011371,257.73115984508394,258.6894015269614,49648300,0.011197599163490057,259.39257583618166,268.5686251831055,0.012388586659757676,0,0,0.011197599163490057,1.1016218681248118,1.2155638883622994,-0.09373593714683238
2026-01-28,255.96444702148438,258.3799421919039,254.03801819206552,257.1721946066941,41288000,-0.007085580156587334,258.5281806945801,268.2390377807617,0.012385194499853985,1,0,-0.0,1.1016218681248118,1.2155638883622994,-0.09373593714683238
2026-01-29,257.801025390625,259.16847988830324,253.93820707645818,257.52154586161765,67253000,0.0071751307281611165,257.78955459594727,267.9569613647461,0.012600605928034235,1,0,0.0,1.1016218681248118,1.2155638883622994,-0.09373593714683238
2026-01-30,258.99884033203125,261.4143357105436,251.71235892004358,254.6968198516284,92443400,0.004646276870277299,257.171704864502,267.79765838623047,0.012697988801088599,1,1,0.0,1.1016218681248118,1.2155638883622994,-0.09373593714683238
2026-02-02,269.50927734375,269.98836769074944,258.72928762151224,259.5477742456141,73913400,0.040581019583889155,257.12179641723634,267.8489633178711,0.015897403633778676,0,1,0.040581019583889155,1.1463268067292254,1.2155638883622994,-0.05695881746401298
2026-02-03,268.98028564453125,271.3758289780004,267.11372779647115,268.70080609664296,64394700,-0.0019627958800989553,257.23259048461915,267.8673294067383,0.015574460220557121,1,0,-0.0019627958800989553,1.1440768011957303,1.2155638883622994,-0.058809814811858235
2026-02-04,275.97723388671875,278.432693698261,271.7850411492978,271.7850411492978,90545700,0.02601286642781786,257.9377784729004,268.07174896240235,0.015901088546774345,0,1,0.0,1.1440768011957303,1.2155638883622994,-0.058809814811858235
2026-02-05,275.3983459472656,278.98168486317746,272.72332314901723,277.6142303156022,52977400,-0.002097593092373451,258.71533432006834,268.1599856567383,0.01575472882601835,1,1,,1.1440768011957303,1.2155638883622994,-0.058809814811858235
2026-02-06,277.6042175292969,280.3890519626743,276.4164219647768,276.6060720438839,50453400,0.008009748840153375,259.6675636291504,268.2039028930664,0.015675507933520655,0,0,0.008009748840153375,1.153240569027154,1.2155638883622994,-0.05127111781768384
2026-02-09,274.3672180175781,277.9439398399519,271.4499228389202,277.6541982366954,44623400,-0.01166048390953256,260.4414741516113,268.16212005615233,0.01604234352888647,0,1,-0.0,1.153240569027154,1.2155638883622994,-0.05127111781768384
2026-02-10,273.4280700683594,275.11651686144285,272.68876099546605,274.6369782150198,34376900,-0.003422959769044165,261.12450942993166,268.08997528076173,0.016106477605559995,1,0,-0.003422959769044165,1.1492930729553446,1.2155638883622994,-0.054518578613124154
2026-02-11,275.24639892578125,279.92208361183503,274.1973776592452,274.44714753122867,51931300,0.006650117732854843,261.8585350036621,268.0282455444336,0.016130815724503762,0,0,0.0,1.1492930729553446,1.2155638883622994,-0.054518578613124154
2026-02-12,261.4891052246094,275.46621856633783,259.94051360693726,275.3363333447182,81077200,-0.04998173910671744,261.9590950012207,267.60652740478514,0.019976775311709803,0,0,-0.0,1.1492930729553446,1.2155638883622994,-0.054518578613124154
2026-02-13,255.5445556640625,261.9886306947134,255.21485759663088,261.7688319830923,56290700,-0.022733450234726726,261.84976425170896,267.00423309326175,0.020595748041661824,1,1,-0.0,1.1492930729553446,1.2155638883622994,-0.054518578613124154
2026-02-17,263.6371154785156,266.0449008431299,255.30478047881587,257.8124646511843,58469100,0.03166790148756515,262.2788139343262,266.60451446533204,0.021624807241307265,1,1,0.03166790148756515,1.1856887727700354,1.2155638883622994,-0.024577166102321548
2026-02-18,264.106689453125,266.57441720150126,262.20844437502524,263.35737977838915,34203300,0.0017811375828364895,263.1720230102539,266.283059387207,0.019856745461239604,0,1,0.0017811375828364895,1.1878006476047633,1.2155638883622994,-0.02283980383370953
2026-02-19,260.3401184082031,264.2365527856389,259.81060750150084,262.35827847824623,30845300,-0.014261551090285374,263.82949142456056,265.92460174560546,0.020258282309768134,1,0,-0.014261551090285374,1.170860767983874,1.2155638883622994,-0.03677562389472827
2026-02-20,264.3364562988281,264.5063132392292,257.9223826043077,258.73163460792017,42070500,0.015350449692731916,264.65184173583987,265.66383758544924,0.02045209354906478,1,0,0.0,1.170860767983874,1.2155638883622994,-0.03677562389472827
2026-02-23,265.9349670410156,269.1819753311392,263.13755670993424,263.24744081710827,37308200,0.006047257970275721,265.56958923339846,265.44921722412107,0.020429562460197188,1,0,0.0,1.170860767983874,1.2155638883622994,-0.03677562389472827
2026-02-24,271.8895263671875,274.6369951599546,267.46358073991865,267.61343657617186,47014600,0.02239103564464129,266.41724700927733,265.3217477416992,0.020001526908965783,1,0,0.0,1.170860767983874,1.2155638883622994,-0.03677562389472827
2026-02-25,273.97760009765625,274.6869380517792,270.8005039088116,271.5298429675081,33714300,0.007679860855135612,267.22657470703126,265.25101165771486,0.01994487601140977,0,0,0.0,1.170860767983874,1.2155638883622994,-0.03677562389472827
2026-02-26,272.6987609863281,275.8558253670768,270.55071567552415,274.6969199809464,32345100,-0.0046676776162442035,268.06329040527345,265.1497085571289,0.019886239857902246,0,0,-0.0,1.170860767983874,1.2155638883622994,-0.03677562389472827
2026-02-27,263.93682861328125,272.5588900215503,262.6480379442022,272.5588900215503,72366500,-0.03213044438249635,268.3700805664063,264.95641204833987,0.021375805409272707,1,1,-0.0,1.170860767983874,1.2155638883622994,-0.03677562389472827
2026-03-02,264.476318359375,266.2846497598317,259.960490133898,262.16844722421786,41827900,0.0020440108677830526,268.6439544677734,264.76392364501953,0.021362889169076565,0,1,0.0020440108677830526,1.173254020118294,1.2155638883622994,-0.03480678280185552
2026-03-03,263.5072326660156,265.31556422164516,259.8905695547566,263.23749216234586,38568900,-0.003664168116717992,268.3438522338867,264.60735076904297,0.019265101472890584,0,0,-0.003664168116717992,1.1689550201449652,1.2155638883622994,-0.03834341301478548
2026-03-04,262.2783508300781,265.9050144519466,261.179387723623,264.4063951364299,39803100,-0.0046635601744375865,268.0087554931641,264.41921295166014,0.019282051298296063,0,0,-0.0,1.1689550201449652,1.2155638883622994,-0.03834341301478548
2026-03-05,260.0504150390625,261.3192350446657,257.01320478174756,260.54995479568396,49658600,-0.008494547048829904,267.21241455078126,264.1569711303711,0.018245975251518044,0,0,-0.0,1.1689550201449652,1.2155638883622994,-0.03834341301478548
2026-03-06,257.2229919433594,258.53178361058343,254.13584003818684,258.39192833924307,41120000,-0.010872595974432131,266.30364685058595,263.89208099365237,0.01833329237582314,1,0,-0.0,1.1689550201449652,1.2155638883622994,-0.03834341301478548
2026-03-09,259.6407775878906,260.9095975388004,253.44647267699952,255.45463216869055,38218500,0.009399570490431275,265.4054748535156,263.6477981567383,0.018380776841088537,1,0,0.0,1.1689550201449652,1.2155638883622994,-0.03834341301478548
2026-03-10,260.58990478515625,262.2384104290217,256.71350175461305,257.4128391437035,30590800,0.0036555398041986376,264.7166091918945,263.393551940918,0.018327709925010184,0,0,0.0,1.1689550201449652,1.2155638883622994,-0.03834341301478548
2026-03-11,260.5699157714844,261.888707997661,259.3110658747261,260.8496568052655,26218900,-7.670678451010549e-05,264.0737014770508,263.14709014892577,0.01833326141375648,0,0,-0.0,1.1689550201449652,1.2155638883622994,-0.03834341301478548
2026-03-12,255.52456665039062,258.71164792954545,253.94601921584928,258.4219063383753,40794000,-0.01936274610273292,263.0876098632813,262.79253448486327,0.018590001330087768,0,0,-0.0,1.1689550201449652,1.2155638883622994,-0.03834341301478548
2026-03-13,249.8897705078125,256.0940459350445,249.29033192864068,255.24483747003174,36930000,-0.022051876328148423,262.5076431274414,262.3388589477539,0.015750160476759402,1,0,-0.0,1.1689550201449652,1.2155638883622994,-0.03834341301478548
2026-03-16,252.58729553222656,253.6563027081548,249.6499992581203,251.87794235419486,32074200,0.010794859745288043,262.3597801208496,261.9634881591797,0.015219173512682834,1,0,0.0,1.1689550201449652,1.2155638883622994,-0.03834341301478548
2026-03-17,253.99598693847656,254.89516767044782,251.94787083452104,252.72716690012706,32361600,0.005577047742174601,261.87772369384766,261.633258972168,0.01331883843496105,0,0,0.0,1.1689550201449652,1.2155638883622994,-0.03834341301478548
2026-03-18,249.70994567871094,254.70534343896443,248.7708084606242,252.3974721128864,35757900,-0.01687444479508171,261.15788650512695,261.2921697998047,0.013704276008198697,0,0,-0.0,1.1689550201449652,1.2155638883622994,-0.03834341301478548
2026-03-19,248.73085021972656,251.5982036354298,247.0723745163624,249.17043241392184,34864100,-0.003920930967820313,260.5774230957031,261.02931732177734,0.013437962848771669,0,1,-0.0,1.1689550201449652,1.2155638883622994,-0.03834341301478548
2026-03-20,247.76173400878906,248.97061168291066,245.77356028907465,247.7517334570195,88331100,-0.0038962445152316283,259.74868698120116,260.787607421875,0.012789064171347992,1,0,,1.1689550201449652,1.2155638883622994,-0.03834341301478548
2026-03-23,251.25851440429688,254.3656523266213,250.0496214753341,253.73622734962268,40546100,0.014113480475494988,259.0148643493652,260.64158508300784,0.01321462123672682,1,1,0.0,1.1689550201449652,1.2155638883622994,-0.03834341301478548
2026-03-24,251.4083709716797,254.5954370944537,249.32029842391177,250.1195650925759,45152300,0.0005964238375686381,257.99080657958984,260.4919723510742,0.011861547645110791,1,1,0.0005964238375686381,1.1696522127840252,1.2155638883622994,-0.037769858102752595
2026-03-25,252.38746643066406,254.76528059453105,251.3684162845015,253.86611511385965,28476700,0.0038944425565474727,256.9112998962402,260.34437438964846,0.011697102973848848,1,1,0.0038944425565474727,1.1742073561378512,1.2155638883622994,-0.03402250808895526
2026-03-26,252.6572265625,256.76344411909713,250.53918279672283,251.88793104116345,41796700,0.0010688333127273353,255.90922317504882,260.186201171875,0.011750853401455295,0,1,0.0010688333127273353,1.1754623880761408,1.2155638883622994,-0.03299003916625597
2026-03-27,248.57098388671875,255.2548282141602,247.8416601166152,253.666280215245,47900000,-0.016173068672430957,255.14093093872071,259.96806274414064,0.010155379044274786,0,1,-0.016173068672430957,1.1564515541519256,1.2155638883622994,-0.048629557669744965
2026-03-30,246.40298461914062,250.63907198816298,245.28400520065438,249.83982057534305,39446200,-0.008721851736991693,254.23726425170898,259.7414990234375,0.010162319854044094,1,1,-0.008721851736991693,1.146365155155599,1.2155638883622994,-0.05692726961470563
2026-03-31,253.55638122558594,255.24482803058763,246.87255213324852,247.6818040942864,49598100,0.029031290418426448,253.7397216796875,259.7115042114258,0.012494040203082918,1,1,0.029031290418426448,1.1796456149004855,1.2155638883622994,-0.02954865129319185
2026-04-01,255.3946990966797,255.94418062939917,253.096813183035,253.8461228128272,40059400,0.007250134515282447,253.3955390930176,259.894548034668,0.012635980356951992,1,1,0.007250134515282447,1.188198204288877,1.2155638883622994,-0.022512748474530265
2026-04-02,255.68443298339844,255.89424639361263,250.4192795609811,253.96601496217014,31289400,0.0011344553655323608,253.17723999023437,260.06442169189455,0.012528534402862142,1,1,0.0011344553655323608,1.1895461621170484,1.2155638883622994,-0.021403832817297717
2026-04-06,258.6217041015625,261.9186847371787,256.2239194053331,256.27389167390277,29329900,0.011487876222620041,253.24717559814454,260.27906677246096,0.012577318248048187,0,1,0.011487876222620041,1.203211521188542,1.2155638883622994,-0.010161841176772364
2026-04-07,253.26666259765625,255.96418954301222,245.47383916108728,255.92421782448065,62148000,-0.0207060792616357,252.9284698486328,260.3927996826172,0.01322181901897055,1,0,-0.0207060792616357,1.1782977280622986,1.2155638883622994,-0.030657508549557743
2026-04-08,258.66168212890625,259.51090582044134,256.29386854025813,258.2121146377317,41032800,0.021301735790709264,252.83205871582032,260.4673059082031,0.014118386938241282,1,1,0.0,1.1782977280622986,1.2155638883622994,-0.030657508549557743
2026-04-09,260.2502136230469,260.879638597066,255.8342992320816,258.7615948993736,28121600,0.006141348347641795,252.81607360839843,260.5164892578125,0.014191298092769946,0,0,0.006141348347641795,1.185534064867564,1.2155638883622994,-0.024704438641389593
2026-04-10,260.240234375,261.94865175168746,258.78155637925676,259.7406946341393,31291500,-3.834482173115106e-05,253.0518569946289,260.6020050048828,0.013439056758170915,0,0,-0.0,1.185534064867564,1.2155638883622994,-0.024704438641389593
2026-04-13,258.96142578125,259.9405042051452,256.4237552437805,259.49093671136296,36234700,-0.004913954203973225,253.50543975830078,260.6252130126953,0.012397880854899854,0,1,-0.0,1.185534064867564,1.2155638883622994,-0.024704438641389593
2026-04-14,258.59173583984375,261.68888841493145,256.9532612999924,259.01136264890187,48370700,-0.00142758690909639,253.80566177368163,260.61707092285155,0.012234300090806944,1,1,-0.00142758690909639,1.1838416119562714,1.2155638883622994,-0.026096757817284922
2026-04-15,266.18475341796875,266.3146386359468,257.57269269729437,257.92237663273806,49913500,0.02936295529114541,254.41510009765625,260.55058044433594,0.013740814641313057,0,1,0.02936295529114541,1.2186027002799409,1.2186027002799409,0.0
2026-04-16,263.15753173828125,266.91408037974617,261.0294875448873,266.55439590858066,43323100,-0.011372633634406881,255.08747940063478,260.43412536621094,0.013384332129658533,1,0,-0.011372633634406881,1.2047439782237581,1.2186027002799409,-0.011372633634406937
2026-04-17,269.98126220703125,272.0493335842862,266.47448343207725,266.7142527536172,61436200,0.02593021154924191,256.15,260.3142059326172,0.01424279017346724,1,1,0.0,1.2047439782237581,1.2186027002799409,-0.011372633634406937
2026-04-20,272.79864501953125,274.0275237795767,270.04120633500696,270.08114756253855,36590200,0.010435475371396441,257.40184555053713,260.2622119140625,0.014174208484906105,0,1,0.010435475371396441,1.2173160543373502,1.2186027002799409,-0.001055837101210325
2026-04-21,265.9250183105469,272.5488901425708,265.1557075406741,271.250098918132,50209800,-0.025196703995697067,258.1351707458496,260.0286279296875,0.015496124632162565,1,1,-0.025196703995697067,1.1866437020470022,1.2186027002799409,-0.02622593748200047
2026-04-22,272.9185791015625,273.48803128351057,266.62435952726383,267.5734973129919,43249200,0.026298995241013978,259.21068115234374,259.99965515136716,0.016333456906014773,1,1,0.026298995241013978,1.2178512391199154,1.2186027002799409,-0.0006166580460168177
2026-04-23,273.1783142089844,275.5161566987003,271.39995382845746,274.79681820267325,33399600,0.0009516944880663125,260.25022354125974,259.9946600341797,0.0163499740238138,0,0,0.0009516944880663125,1.2190102614314706,1.2190102614314706,0.0
2026-04-24,270.81048583984375,272.80864483253174,269.4017800912603,272.50893317942314,38157100,-0.008667702544387201,261.15788650512695,259.90594177246095,0.016587957717251467,0,0,-0.0,1.2190102614314706,1.2190102614314706,0.0
2026-04-27,267.3636474609375,268.1129570778125,264.8260075108844,265.84505761361925,41466800,-0.012727861582674027,262.0975196838379,260.0234326171875,0.01638844351594236,1,0,-0.0,1.2190102614314706,1.2190102614314706,0.0
2026-04-28,270.4608154296875,272.97851539952296,268.4127145556596,272.0893199684016,40018900,0.011584102768505522,263.30041122436523,260.3217578125,0.016201244569892175,0,1,0.0,1.2190102614314706,1.2190102614314706,0.0
2026-04-29,269.92132568359375,270.7905199823619,266.7942019267937,267.3037117460274,30047900,-0.001994705758897597,264.1186584472656,260.44744201660154,0.015213518843326954,1,0,-0.001994705758897597,1.216578694642838,1.2190102614314706,-0.001994705758897535
2026-04-30,271.1002502441406,275.7459641951834,267.893213328058,270.25102650288807,91848200,0.004367659937802859,264.9039360046387,260.5873132324219,0.015187177057328135,1,0,0.0,1.216578694642838,1.2190102614314706,-0.001994705758897535
2026-05-01,279.88214111328125,286.95561044034525,278.1137509144006,278.6032901046287,79915400,0.03239351812191993,266.1138214111328,260.97815368652346,0.016524145562341653,0,1,0.0,1.216578694642838,1.2190102614314706,-0.001994705758897535
2026-05-04,276.5751647949219,280.3716851917065,274.60697695873915,279.4025768563376,46668400,-0.011815603186417278,267.0114944458008,261.2229278564453,0.01683604630455397,1,0,,1.216578694642838,1.2190102614314706,-0.001994705758897535
2026-05-05,283.9184265136719,284.30808218316156,276.2455026895375,276.6750995896243,49311700,0.026550690927708454,268.54408264160156,261.5825970458984,0.01657483565421755,1,0,0.0,1.216578694642838,1.2190102614314706,-0.001994705758897535
2026-05-06,287.245361328125,287.76487170009636,280.8112868075762,281.66051049385584,58336100,0.011717924952267644,269.9732666015625,261.8897137451172,0.01624000711418614,0,0,0.0,1.216578694642838,1.2190102614314706,-0.001994705758897535
2026-05-07,287.1754150390625,291.8611003514943,285.5169394038565,289.00371711581823,45224300,-0.00024350711440246364,271.3195266723633,262.15367004394534,0.01628692008429062,1,0,-0.0,1.216578694642838,1.2190102614314706,-0.001994705758897535
2026-05-08,293.0500183105469,294.4886952888782,289.7330669166447,289.7430674686918,52692800,0.020456497888878378,272.96001586914065,262.56069519042967,0.01659118292383656,0,0,0.0,1.216578694642838,1.2190102614314706,-0.001994705758897535
2026-05-11,292.67999267578125,293.8800048828125,290.2300109863281,291.9800109863281,42247300,-0.0012626705737772692,274.6459442138672,263.1355584716797,0.01648352955748828,1,0,-0.0,1.216578694642838,1.2190102614314706,-0.001994705758897535
2026-05-12,294.79998779296875,295.2699890136719,292.55999755859375,292.55999755859375,45748100,0.007243389265544797,276.45635681152345,263.7420318603516,0.016384226869779257,1,0,0.0,1.216578694642838,1.2190102614314706,-0.001994705758897535
2026-05-13,298.8699951171875,300.9200134277344,293.5,293.5,52684300,0.013805995565634221,278.0906188964844,264.449287109375,0.015602324113703036,0,0,0.0,1.216578694642838,1.2190102614314706,-0.001994705758897535
2026-05-14,298.2099914550781,300.45001220703125,295.3800048828125,299.82000732421875,35324900,-0.00220833028705536,279.8432418823242,265.167919921875,0.01519695779616719,1,1,-0.0,1.216578694642838,1.2190102614314706,-0.001994705758897535
2026-05-15,300.2300109863281,303.20001220703125,296.5199890136719,297.8999938964844,54862800,0.0067738157309671365,281.3556793212891,265.9715118408203,0.014487082224688195,0,0,0.0067738157309671365,1.2248195745425692,1.2248195745425692,0.0
2026-05-18,297.8399963378906,300.6600036621094,294.9100036621094,300.239990234375,34483000,-0.007960612067346995,282.60774688720704,266.78385192871093,0.014733984630298935,1,1,-0.0,1.2248195745425692,1.2248195745425692,0.0
2026-05-19,298.9700012207031,300.510009765625,296.3500061035156,296.9700012207031,42243600,0.003793999787491842,284.25999603271487,267.5704364013672,0.012979951907253873,1,1,0.003793999787491842,1.2294665397480995,1.2294665397480995,0.0
2026-05-20,302.25,302.79998779296875,298.0799865722656,298.17999267578125,38229800,0.0109709963070026,285.72656707763673,268.40363830566406,0.012140781892591922,1,0,0.0109709963070026,1.242955012615259,1.242955012615259,0.0
2026-05-21,304.989990234375,305.5400085449219,300.3999938964844,301.05999755859375,42965100,0.009065310949131433,287.31715087890626,269.2920397949219,0.012127380387703519,1,0,0.0,1.242955012615259,1.242955012615259,0.0
2026-05-22,308.82000732421875,311.3999938964844,305.8399963378906,306.1199951171875,43670200,0.012557845216167651,289.217626953125,270.35794860839843,0.01173623552267232,0,0,0.0,1.242955012615259,1.242955012615259,0.0
2026-05-26,308.3299865722656,311.82000732421875,307.6700134277344,309.55999755859375,48000500,-0.001586751960143129,291.2659439086914,271.5267529296875,0.011009817005167805,1,1,-0.0,1.242955012615259,1.242955012615259,0.0
2026-05-27,310.8500061035156,313.260009765625,308.29998779296875,308.3299865722656,50430900,0.008173125031610828,293.2854034423828,272.69200714111327,0.010964828216911764,1,0,0.008173125031610828,1.253113839342031,1.253113839342031,0.0
2026-05-28,312.510009765625,312.79998779296875,309.57000732421875,310.67999267578125,48220400,0.005340207912225559,295.4148376464844,273.86228759765623,0.01076763198058331,0,0,0.0,1.253113839342031,1.253113839342031,0.0
2026-05-29,312.05999755859375,315.0,309.5299987792969,311.7799987792969,70026800,-0.001439992937726231,297.462825012207,275.1092886352539,0.010930973741402027,0,1,-0.0,1.253113839342031,1.253113839342031,0.0
2026-06-01,306.30999755859375,310.94000244140625,305.0199890136719,309.6300048828125,48849900,-0.018425943872925732,298.78421783447266,276.26087158203126,0.01064888026556325,1,1,-0.018425943872925732,1.2300240340719282,1.253113839342031,-0.018425943872925735
2026-06-02,315.20001220703125,315.45001220703125,306.69000244140625,307.4599914550781,44534700,0.029022933365852488,300.7154602050781,277.6096371459961,0.01123951804360582,0,0,0.029022933365852488,1.2657229396511949,1.2657229396511949,0.0
2026-06-03,310.260009765625,316.94000244140625,308.8500061035156,314.17999267578125,50836700,-0.015672595971098935,302.0325393676758,278.7896670532227,0.011263735706002897,1,1,-0.0,1.2657229396511949,1.2657229396511949,0.0
2026-06-04,311.2300109863281,313.5400085449219,309.6499938964844,313.2300109863281,44869100,0.0031264139436979477,303.2317718505859,279.9860998535156,0.011137336917655853,0,0,0.0031264139436979477,1.2696801134985787,1.2696801134985787,0.0
2026-06-05,307.3399963378906,315.1700134277344,307.1499938964844,312.8599853515625,65310500,-0.012498841728371679,304.24000091552733,281.0851504516602,0.011709948950373002,0,1,-0.0,1.2696801134985787,1.2696801134985787,0.0
2026-06-08,301.5400085449219,317.3999938964844,301.1700134277344,308.739990234375,77949100,-0.01887156849768501,304.6645004272461,282.0628060913086,0.012004631771786827,0,1,-0.01887156849768501,1.2457192582665417,1.2696801134985787,-0.018871568497685044
2026-06-09,290.54998779296875,300.75,287.7799987792969,300.2799987792969,70108800,-0.03644631040831148,304.5580001831055,282.9023861694336,0.014704673003471311,1,1,-0.03644631040831148,1.2003173874981479,1.2696801134985787,-0.05463007986263814
2026-06-10,291.5799865722656,294.75,287.3800048828125,290.739990234375,52793300,0.003544996808021894,304.3970001220703,283.8059262084961,0.014628379676169711,1,0,0.003544996808021894,1.204572508805442,1.2696801134985787,-0.05127874651335128
2026-06-11,295.6300048828125,297.0,289.5899963378906,293.7200012207031,42572500,0.013889904990249002,304.23500061035156,284.64739868164065,0.01463269395951092,0,0,0.0,1.204572508805442,1.2696801134985787,-0.05127874651335128
2026-06-12,291.1300048828125,297.1400146484375,289.6199951171875,296.0299987792969,38742100,-0.015221729613622226,303.8810012817383,285.36210479736326,0.015000065161510683,1,1,-0.0,1.204572508805442,1.2696801134985787,-0.05127874651335128
2026-06-15,296.4200134277344,297.7799987792969,291.70001220703125,294.1199951171875,45732600,0.018170605764429082,303.6905014038086,286.17681640625,0.015522052199757332,1,0,0.018170605764429082,1.226460320977615,1.2696801134985787,-0.034039906635910326
